#options: 1280x720 fps=30/1 timebase=1/30 bitdepth=8 cabac=1 ref=1 deblock=1:0:0 analyse=0x1:0 me=dia subme=2 psy=1 psy_rd=1.00:0.00 mixed_ref=0 me_range=16 chroma_me=1 trellis=0 8x8dct=0 cqm=0 deadzone=21,11 fast_pskip=1 chroma_qp_offset=0 threads=22 lookahead_threads=5 sliced_threads=0 nr=0 decimate=1 interlaced=0 bluray_compat=0 constrained_intra=0 bframes=3 b_pyramid=2 b_adapt=1 b_bias=0 direct=3 weightb=1 open_gop=0 weightp=2 keyint=250 keyint_min=25 scenecut=40 intra_refresh=0 rc_lookahead=50 rc=abr mbtree=1 bitrate=160 ratetol=1.0 qcomp=0.60 qpmin=0 qpmax=69 qpstep=4 ip_ratio=1.40 aq=1:1.00
in:0 out:0 type:I dur:2 cpbdur:2 q:51.83 aq:35.62 tex:5905 mv:4443 misc:140 imb:3600 pmb:0 smb:0 d:- ref:;
in:4 out:1 type:P dur:2 cpbdur:2 q:52.02 aq:34.00 tex:0 mv:5 misc:243 imb:0 pmb:1 smb:3599 d:- ref:0 ;
in:2 out:2 type:B dur:2 cpbdur:2 q:52.02 aq:37.00 tex:0 mv:0 misc:224 imb:0 pmb:0 smb:3600 d:- ref:0 ;
in:1 out:3 type:b dur:2 cpbdur:2 q:52.02 aq:38.00 tex:0 mv:0 misc:224 imb:0 pmb:0 smb:3600 d:- ref:0 ;
in:3 out:4 type:b dur:2 cpbdur:2 q:52.02 aq:38.00 tex:0 mv:0 misc:224 imb:0 pmb:0 smb:3600 d:- ref:0 ;
in:8 out:5 type:P dur:2 cpbdur:2 q:51.57 aq:34.00 tex:0 mv:0 misc:240 imb:0 pmb:0 smb:3600 d:- ref:0 ;
in:6 out:6 type:B dur:2 cpbdur:2 q:51.79 aq:36.00 tex:0 mv:0 misc:240 imb:0 pmb:0 smb:3600 d:- ref:0 ;
in:5 out:7 type:b dur:2 cpbdur:2 q:51.90 aq:38.00 tex:0 mv:0 misc:224 imb:0 pmb:0 smb:3600 d:- ref:0 ;
in:7 out:8 type:b dur:2 cpbdur:2 q:51.68 aq:37.00 tex:0 mv:0 misc:224 imb:0 pmb:0 smb:3600 d:- ref:0 ;
in:12 out:9 type:P dur:2 cpbdur:2 q:51.08 aq:38.88 tex:308 mv:253 misc:319 imb:44 pmb:1 smb:3555 d:- ref:0 ;
in:10 out:10 type:B dur:2 cpbdur:2 q:51.33 aq:41.90 tex:51 mv:72 misc:317 imb:2 pmb:31 smb:3567 d:s ref:0 ;
in:9 out:11 type:b dur:2 cpbdur:2 q:51.45 aq:41.08 tex:56 mv:84 misc:308 imb:2 pmb:28 smb:3570 d:s ref:0 ;
in:11 out:12 type:b dur:2 cpbdur:2 q:51.20 aq:36.00 tex:0 mv:0 misc:224 imb:0 pmb:0 smb:3600 d:- ref:0 ;
in:13 out:13 type:i dur:2 cpbdur:2 q:48.87 aq:32.99 tex:15507 mv:8814 misc:159 imb:3600 pmb:0 smb:0 d:- ref:;
in:14 out:14 type:P dur:2 cpbdur:2 q:51.32 aq:37.73 tex:1554 mv:329 misc:349 imb:43 pmb:13 smb:3544 d:- ref:0 ;
in:18 out:15 type:P dur:2 cpbdur:2 q:51.25 aq:41.19 tex:857 mv:349 misc:370 imb:36 pmb:25 smb:3539 d:- ref:0 ;
in:16 out:16 type:B dur:2 cpbdur:2 q:51.28 aq:41.04 tex:31 mv:11 misc:262 imb:0 pmb:3 smb:3597 d:- ref:0 ;
in:15 out:17 type:b dur:2 cpbdur:2 q:51.30 aq:43.04 tex:31 mv:22 misc:243 imb:1 pmb:2 smb:3597 d:s ref:0 ;
in:17 out:18 type:b dur:2 cpbdur:2 q:51.27 aq:42.00 tex:0 mv:0 misc:224 imb:0 pmb:0 smb:3600 d:- ref:0 ;
in:22 out:19 type:P dur:2 cpbdur:2 q:50.74 aq:43.08 tex:69 mv:43 misc:272 imb:3 pmb:3 smb:3594 d:- ref:0 ;
in:20 out:20 type:B dur:2 cpbdur:2 q:51.00 aq:40.05 tex:32 mv:6 misc:250 imb:0 pmb:1 smb:3599 d:- ref:0 ;
in:19 out:21 type:b dur:2 cpbdur:2 q:51.13 aq:42.00 tex:0 mv:0 misc:224 imb:0 pmb:0 smb:3600 d:- ref:0 ;
in:21 out:22 type:b dur:2 cpbdur:2 q:50.87 aq:42.04 tex:30 mv:6 misc:236 imb:0 pmb:1 smb:3599 d:- ref:0 ;
in:26 out:23 type:P dur:2 cpbdur:2 q:50.13 aq:39.10 tex:165 mv:119 misc:324 imb:15 pmb:3 smb:3582 d:- ref:0 ;
in:24 out:24 type:B dur:2 cpbdur:2 q:50.44 aq:40.00 tex:1 mv:3 misc:252 imb:0 pmb:1 smb:3599 d:- ref:0 ;
in:23 out:25 type:b dur:2 cpbdur:2 q:50.59 aq:42.00 tex:0 mv:0 misc:224 imb:0 pmb:0 smb:3600 d:- ref:0 ;
in:25 out:26 type:b dur:2 cpbdur:2 q:50.29 aq:46.24 tex:58 mv:12 misc:250 imb:0 pmb:3 smb:3597 d:- ref:0 ;
in:28 out:27 type:P dur:2 cpbdur:2 q:42.61 aq:30.55 tex:10535 mv:3842 misc:1951 imb:468 pmb:268 smb:2864 d:- ref:0 ;
in:27 out:28 type:b dur:2 cpbdur:2 q:46.37 aq:41.64 tex:263 mv:170 misc:423 imb:2 pmb:58 smb:3540 d:s ref:0 ;
in:29 out:29 type:P dur:2 cpbdur:2 q:40.63 aq:26.24 tex:23000 mv:5576 misc:2160 imb:1116 pmb:438 smb:2046 d:- ref:0 ;
in:33 out:30 type:P dur:2 cpbdur:2 q:39.92 aq:28.61 tex:9789 mv:2118 misc:1125 imb:167 pmb:224 smb:3209 d:- ref:0 ;
in:31 out:31 type:B dur:2 cpbdur:2 q:40.28 aq:32.98 tex:35 mv:34 misc:299 imb:0 pmb:9 smb:3591 d:s ref:0 ;
in:30 out:32 type:b dur:2 cpbdur:2 q:40.45 aq:32.81 tex:49 mv:54 misc:241 imb:0 pmb:6 smb:3594 d:s ref:0 ;
in:32 out:33 type:b dur:2 cpbdur:2 q:40.10 aq:31.00 tex:0 mv:0 misc:216 imb:0 pmb:0 smb:3600 d:- ref:0 ;
in:37 out:34 type:P dur:2 cpbdur:2 q:38.04 aq:26.52 tex:8890 mv:2254 misc:2024 imb:142 pmb:380 smb:3078 d:s ref:0 ;
in:35 out:35 type:B dur:2 cpbdur:2 q:38.98 aq:28.00 tex:0 mv:0 misc:232 imb:0 pmb:0 smb:3600 d:s ref:0 ;
in:34 out:36 type:b dur:2 cpbdur:2 q:39.45 aq:31.00 tex:0 mv:0 misc:216 imb:0 pmb:0 smb:3600 d:s ref:0 ;
in:36 out:37 type:b dur:2 cpbdur:2 q:38.51 aq:30.00 tex:0 mv:0 misc:216 imb:0 pmb:0 smb:3600 d:- ref:0 ;
in:41 out:38 type:P dur:2 cpbdur:2 q:41.58 aq:25.00 tex:0 mv:0 misc:232 imb:0 pmb:0 smb:3600 d:s ref:0 ;
in:39 out:39 type:B dur:2 cpbdur:2 q:39.81 aq:29.00 tex:0 mv:0 misc:232 imb:0 pmb:0 smb:3600 d:s ref:0 ;
in:38 out:40 type:b dur:2 cpbdur:2 q:38.92 aq:30.00 tex:0 mv:0 misc:216 imb:0 pmb:0 smb:3600 d:s ref:0 ;
in:40 out:41 type:b dur:2 cpbdur:2 q:40.69 aq:32.00 tex:0 mv:0 misc:216 imb:0 pmb:0 smb:3600 d:- ref:0 ;
in:45 out:42 type:P dur:2 cpbdur:2 q:39.66 aq:23.00 tex:1 mv:5 misc:258 imb:0 pmb:1 smb:3599 d:s ref:0 ;
in:43 out:43 type:B dur:2 cpbdur:2 q:40.62 aq:30.00 tex:0 mv:0 misc:232 imb:0 pmb:0 smb:3600 d:s ref:0 ;
in:42 out:44 type:b dur:2 cpbdur:2 q:41.10 aq:32.00 tex:0 mv:0 misc:216 imb:0 pmb:0 smb:3600 d:s ref:0 ;
in:44 out:45 type:b dur:2 cpbdur:2 q:40.14 aq:31.00 tex:0 mv:0 misc:216 imb:0 pmb:0 smb:3600 d:- ref:0 ;
in:48 out:46 type:P dur:2 cpbdur:2 q:38.06 aq:28.09 tex:8303 mv:2329 misc:640 imb:364 pmb:52 smb:3184 d:s ref:0 ;
in:46 out:47 type:B dur:2 cpbdur:2 q:39.13 aq:29.00 tex:24 mv:119 misc:513 imb:1 pmb:102 smb:3497 d:s ref:0 ;
in:47 out:48 type:b dur:2 cpbdur:2 q:38.59 aq:32.12 tex:134 mv:458 misc:576 imb:20 pmb:94 smb:3486 d:- ref:0 ;
in:52 out:49 type:P dur:2 cpbdur:2 q:38.67 aq:24.87 tex:20498 mv:7874 misc:900 imb:1596 pmb:83 smb:1921 d:s ref:0 ;
in:50 out:50 type:B dur:2 cpbdur:2 q:38.36 aq:24.06 tex:140 mv:292 misc:864 imb:12 pmb:168 smb:3420 d:s ref:0 ;
in:49 out:51 type:b dur:2 cpbdur:2 q:38.21 aq:34.51 tex:449 mv:798 misc:785 imb:22 pmb:184 smb:3394 d:s ref:0 ;
in:51 out:52 type:b dur:2 cpbdur:2 q:38.51 aq:30.00 tex:0 mv:0 misc:216 imb:0 pmb:0 smb:3600 d:- ref:0 ;
in:56 out:53 type:P dur:2 cpbdur:2 q:41.08 aq:27.60 tex:102 mv:47 misc:291 imb:2 pmb:5 smb:3593 d:s ref:0 ;
in:54 out:54 type:B dur:2 cpbdur:2 q:39.87 aq:29.00 tex:0 mv:0 misc:232 imb:0 pmb:0 smb:3600 d:s ref:0 ;
in:53 out:55 type:b dur:2 cpbdur:2 q:39.27 aq:30.00 tex:0 mv:0 misc:216 imb:0 pmb:0 smb:3600 d:s ref:0 ;
in:55 out:56 type:b dur:2 cpbdur:2 q:40.48 aq:32.00 tex:0 mv:0 misc:216 imb:0 pmb:0 smb:3600 d:- ref:0 ;
in:60 out:57 type:P dur:2 cpbdur:2 q:40.74 aq:17.60 tex:30 mv:19 misc:263 imb:0 pmb:2 smb:3598 d:s ref:0 ;
in:58 out:58 type:B dur:2 cpbdur:2 q:40.91 aq:30.00 tex:0 mv:0 misc:232 imb:0 pmb:0 smb:3600 d:s ref:0 ;
in:57 out:59 type:b dur:2 cpbdur:2 q:41.00 aq:32.00 tex:0 mv:0 misc:216 imb:0 pmb:0 smb:3600 d:s ref:0 ;
in:59 out:60 type:b dur:2 cpbdur:2 q:40.83 aq:32.00 tex:0 mv:0 misc:216 imb:0 pmb:0 smb:3600 d:- ref:0 ;
in:64 out:61 type:P dur:2 cpbdur:2 q:39.61 aq:23.37 tex:158 mv:54 misc:308 imb:3 pmb:5 smb:3592 d:s ref:0 ;
in:62 out:62 type:B dur:2 cpbdur:2 q:40.18 aq:29.00 tex:0 mv:0 misc:232 imb:0 pmb:0 smb:3600 d:s ref:0 ;
in:61 out:63 type:b dur:2 cpbdur:2 q:40.46 aq:32.00 tex:0 mv:0 misc:216 imb:0 pmb:0 smb:3600 d:s ref:0 ;
in:63 out:64 type:b dur:2 cpbdur:2 q:39.90 aq:31.00 tex:0 mv:0 misc:216 imb:0 pmb:0 smb:3600 d:- ref:0 ;
in:65 out:65 type:I dur:2 cpbdur:2 q:38.30 aq:23.61 tex:182272 mv:52629 misc:163 imb:3600 pmb:0 smb:0 d:s ref:;
in:69 out:66 type:P dur:2 cpbdur:2 q:42.21 aq:35.46 tex:3469 mv:339 misc:352 imb:14 pmb:30 smb:3556 d:s ref:0 ;
in:67 out:67 type:B dur:2 cpbdur:2 q:42.21 aq:34.93 tex:223 mv:63 misc:314 imb:0 pmb:19 smb:3581 d:s ref:0 ;
in:66 out:68 type:b dur:2 cpbdur:2 q:42.21 aq:36.77 tex:52 mv:21 misc:255 imb:0 pmb:4 smb:3596 d:s ref:0 ;
in:68 out:69 type:b dur:2 cpbdur:2 q:42.21 aq:37.06 tex:32 mv:6 misc:234 imb:0 pmb:1 smb:3599 d:- ref:0 ;
in:73 out:70 type:P dur:2 cpbdur:2 q:41.58 aq:32.09 tex:352 mv:205 misc:363 imb:12 pmb:13 smb:3575 d:s ref:0 ;
in:71 out:71 type:B dur:2 cpbdur:2 q:41.89 aq:37.86 tex:159 mv:87 misc:314 imb:0 pmb:13 smb:3587 d:t ref:0 ;
in:70 out:72 type:b dur:2 cpbdur:2 q:42.05 aq:36.00 tex:1 mv:28 misc:243 imb:0 pmb:2 smb:3598 d:s ref:0 ;
in:72 out:73 type:b dur:2 cpbdur:2 q:41.73 aq:36.00 tex:0 mv:0 misc:224 imb:0 pmb:0 smb:3600 d:- ref:0 ;
in:77 out:74 type:P dur:2 cpbdur:2 q:41.26 aq:37.20 tex:351 mv:147 misc:326 imb:5 pmb:13 smb:3582 d:s ref:0 ;
in:75 out:75 type:B dur:2 cpbdur:2 q:41.42 aq:33.00 tex:5 mv:47 misc:276 imb:1 pmb:4 smb:3595 d:s ref:0 ;
in:74 out:76 type:b dur:2 cpbdur:2 q:41.50 aq:35.78 tex:9 mv:25 misc:246 imb:1 pmb:1 smb:3598 d:s ref:0 ;
in:76 out:77 type:b dur:2 cpbdur:2 q:41.34 aq:35.00 tex:0 mv:11 misc:237 imb:0 pmb:1 smb:3599 d:- ref:0 ;
in:81 out:78 type:P dur:2 cpbdur:2 q:39.96 aq:32.49 tex:788 mv:155 misc:385 imb:15 pmb:12 smb:3573 d:s ref:0 ;
in:79 out:79 type:B dur:2 cpbdur:2 q:40.61 aq:37.27 tex:131 mv:149 misc:304 imb:1 pmb:14 smb:3585 d:s ref:0 ;
in:78 out:80 type:b dur:2 cpbdur:2 q:40.94 aq:35.30 tex:35 mv:10 misc:243 imb:0 pmb:2 smb:3598 d:s ref:0 ;
in:80 out:81 type:b dur:2 cpbdur:2 q:40.29 aq:35.05 tex:55 mv:34 misc:255 imb:0 pmb:5 smb:3595 d:- ref:0 ;
in:85 out:82 type:P dur:2 cpbdur:2 q:39.00 aq:28.46 tex:1038 mv:420 misc:638 imb:42 pmb:41 smb:3517 d:s ref:0 ;
in:83 out:83 type:B dur:2 cpbdur:2 q:39.48 aq:38.61 tex:90 mv:181 misc:321 imb:0 pmb:36 smb:3564 d:s ref:0 ;
in:82 out:84 type:b dur:2 cpbdur:2 q:39.72 aq:34.65 tex:38 mv:85 misc:269 imb:0 pmb:7 smb:3593 d:s ref:0 ;
in:84 out:85 type:b dur:2 cpbdur:2 q:39.24 aq:33.00 tex:8 mv:62 misc:258 imb:0 pmb:25 smb:3575 d:- ref:0 ;
in:89 out:86 type:P dur:2 cpbdur:2 q:38.28 aq:27.23 tex:1203 mv:287 misc:630 imb:20 pmb:43 smb:3537 d:s ref:0 ;
in:87 out:87 type:B dur:2 cpbdur:2 q:38.64 aq:35.28 tex:234 mv:122 misc:332 imb:2 pmb:16 smb:3582 d:t ref:0 ;
in:86 out:88 type:b dur:2 cpbdur:2 q:38.82 aq:33.92 tex:33 mv:32 misc:247 imb:0 pmb:4 smb:3596 d:s ref:0 ;
in:88 out:89 type:b dur:2 cpbdur:2 q:38.46 aq:32.66 tex:30 mv:6 misc:236 imb:0 pmb:2 smb:3598 d:- ref:0 ;
in:93 out:90 type:P dur:2 cpbdur:2 q:42.26 aq:27.25 tex:327 mv:133 misc:308 imb:9 pmb:4 smb:3587 d:s ref:0 ;
in:91 out:91 type:B dur:2 cpbdur:2 q:40.27 aq:37.47 tex:177 mv:106 misc:301 imb:2 pmb:12 smb:3586 d:t ref:0 ;
in:90 out:92 type:b dur:2 cpbdur:2 q:39.27 aq:33.00 tex:0 mv:45 misc:243 imb:0 pmb:4 smb:3596 d:s ref:0 ;
in:92 out:93 type:b dur:2 cpbdur:2 q:41.26 aq:35.46 tex:30 mv:6 misc:236 imb:0 pmb:1 smb:3599 d:- ref:0 ;
in:97 out:94 type:P dur:2 cpbdur:2 q:41.49 aq:35.79 tex:381 mv:140 misc:327 imb:12 pmb:5 smb:3583 d:s ref:0 ;
in:95 out:95 type:B dur:2 cpbdur:2 q:41.88 aq:37.83 tex:115 mv:120 misc:317 imb:0 pmb:12 smb:3588 d:t ref:0 ;
in:94 out:96 type:b dur:2 cpbdur:2 q:42.07 aq:36.00 tex:0 mv:0 misc:224 imb:0 pmb:0 smb:3600 d:s ref:0 ;
in:96 out:97 type:b dur:2 cpbdur:2 q:41.69 aq:36.00 tex:0 mv:10 misc:238 imb:0 pmb:1 smb:3599 d:- ref:0 ;
in:101 out:98 type:P dur:2 cpbdur:2 q:40.75 aq:36.59 tex:381 mv:159 misc:364 imb:9 pmb:10 smb:3581 d:s ref:0 ;
in:99 out:99 type:B dur:2 cpbdur:2 q:41.12 aq:33.76 tex:120 mv:61 misc:299 imb:1 pmb:9 smb:3590 d:s ref:0 ;
in:98 out:100 type:b dur:2 cpbdur:2 q:41.31 aq:35.00 tex:0 mv:0 misc:224 imb:0 pmb:0 smb:3600 d:s ref:0 ;
in:100 out:101 type:b dur:2 cpbdur:2 q:40.94 aq:35.00 tex:0 mv:0 misc:224 imb:0 pmb:0 smb:3600 d:- ref:0 ;
in:105 out:102 type:P dur:2 cpbdur:2 q:40.00 aq:34.05 tex:582 mv:175 misc:339 imb:13 pmb:10 smb:3577 d:s ref:0 ;
in:103 out:103 type:B dur:2 cpbdur:2 q:40.38 aq:37.65 tex:103 mv:102 misc:299 imb:1 pmb:10 smb:3589 d:s ref:0 ;
in:102 out:104 type:b dur:2 cpbdur:2 q:40.56 aq:35.26 tex:33 mv:6 misc:233 imb:0 pmb:1 smb:3599 d:s ref:0 ;
in:104 out:105 type:b dur:2 cpbdur:2 q:40.19 aq:34.76 tex:51 mv:33 misc:252 imb:0 pmb:4 smb:3596 d:- ref:0 ;
in:109 out:106 type:P dur:2 cpbdur:2 q:39.23 aq:30.07 tex:602 mv:239 misc:391 imb:11 pmb:16 smb:3573 d:s ref:0 ;
in:107 out:107 type:B dur:2 cpbdur:2 q:39.62 aq:32.65 tex:62 mv:177 misc:305 imb:0 pmb:15 smb:3585 d:s ref:0 ;
in:106 out:108 type:b dur:2 cpbdur:2 q:39.81 aq:34.00 tex:0 mv:0 misc:224 imb:0 pmb:0 smb:3600 d:s ref:0 ;
in:108 out:109 type:b dur:2 cpbdur:2 q:39.43 aq:33.62 tex:39 mv:66 misc:255 imb:0 pmb:6 smb:3594 d:- ref:0 ;
in:113 out:110 type:P dur:2 cpbdur:2 q:38.78 aq:29.78 tex:793 mv:386 misc:485 imb:21 pmb:52 smb:3527 d:s ref:0 ;
in:111 out:111 type:B dur:2 cpbdur:2 q:39.01 aq:34.89 tex:226 mv:153 misc:333 imb:2 pmb:16 smb:3582 d:t ref:0 ;
in:110 out:112 type:b dur:2 cpbdur:2 q:39.12 aq:33.00 tex:1 mv:31 misc:224 imb:0 pmb:1 smb:3599 d:s ref:0 ;
in:112 out:113 type:b dur:2 cpbdur:2 q:38.89 aq:33.60 tex:22 mv:28 misc:238 imb:1 pmb:1 smb:3598 d:- ref:0 ;
in:117 out:114 type:P dur:2 cpbdur:2 q:38.16 aq:27.79 tex:1464 mv:341 misc:635 imb:17 pmb:50 smb:3533 d:s ref:0 ;
in:115 out:115 type:B dur:2 cpbdur:2 q:38.47 aq:35.44 tex:159 mv:146 misc:295 imb:1 pmb:14 smb:3585 d:s ref:0 ;
in:114 out:116 type:b dur:2 cpbdur:2 q:38.62 aq:33.66 tex:75 mv:47 misc:254 imb:0 pmb:5 smb:3595 d:s ref:0 ;
in:116 out:117 type:b dur:2 cpbdur:2 q:38.32 aq:32.38 tex:32 mv:31 misc:241 imb:0 pmb:3 smb:3597 d:- ref:0 ;
in:121 out:118 type:P dur:2 cpbdur:2 q:37.60 aq:25.63 tex:3777 mv:556 misc:1019 imb:23 pmb:130 smb:3447 d:s ref:0 ;
in:119 out:119 type:B dur:2 cpbdur:2 q:37.88 aq:37.29 tex:136 mv:218 misc:342 imb:1 pmb:20 smb:3579 d:t ref:0 ;
in:118 out:120 type:b dur:2 cpbdur:2 q:38.02 aq:32.00 tex:3 mv:76 misc:257 imb:1 pmb:7 smb:3592 d:s ref:0 ;
in:120 out:121 type:b dur:2 cpbdur:2 q:37.74 aq:32.44 tex:33 mv:70 misc:265 imb:0 pmb:7 smb:3593 d:- ref:0 ;
in:125 out:122 type:P dur:2 cpbdur:2 q:37.04 aq:25.84 tex:5336 mv:663 misc:1289 imb:16 pmb:209 smb:3375 d:s ref:0 ;
in:123 out:123 type:B dur:2 cpbdur:2 q:37.32 aq:33.70 tex:204 mv:201 misc:331 imb:1 pmb:19 smb:3580 d:t ref:0 ;
in:122 out:124 type:b dur:2 cpbdur:2 q:37.46 aq:31.00 tex:2 mv:88 misc:262 imb:0 pmb:8 smb:3592 d:t ref:0 ;
in:124 out:125 type:b dur:2 cpbdur:2 q:37.18 aq:31.66 tex:74 mv:33 misc:269 imb:0 pmb:6 smb:3594 d:- ref:0 ;
in:129 out:126 type:P dur:2 cpbdur:2 q:36.48 aq:24.72 tex:9979 mv:819 misc:1714 imb:24 pmb:332 smb:3244 d:s ref:0 ;
in:127 out:127 type:B dur:2 cpbdur:2 q:36.76 aq:33.86 tex:175 mv:225 misc:344 imb:2 pmb:19 smb:3579 d:t ref:0 ;
in:126 out:128 type:b dur:2 cpbdur:2 q:36.90 aq:31.65 tex:58 mv:27 misc:243 imb:0 pmb:4 smb:3596 d:s ref:0 ;
in:128 out:129 type:b dur:2 cpbdur:2 q:36.62 aq:31.48 tex:57 mv:96 misc:263 imb:0 pmb:8 smb:3592 d:- ref:0 ;
in:133 out:130 type:P dur:2 cpbdur:2 q:35.87 aq:24.02 tex:19635 mv:1299 misc:2218 imb:48 pmb:547 smb:3005 d:s ref:0 ;
in:131 out:131 type:B dur:2 cpbdur:2 q:36.18 aq:33.85 tex:274 mv:272 misc:334 imb:4 pmb:24 smb:3572 d:t ref:0 ;
in:130 out:132 type:b dur:2 cpbdur:2 q:36.33 aq:30.79 tex:67 mv:71 misc:262 imb:0 pmb:6 smb:3594 d:s ref:0 ;
in:132 out:133 type:b dur:2 cpbdur:2 q:36.02 aq:30.00 tex:6 mv:109 misc:277 imb:0 pmb:8 smb:3592 d:- ref:0 ;
in:137 out:134 type:P dur:2 cpbdur:2 q:35.52 aq:25.24 tex:12427 mv:726 misc:1759 imb:18 pmb:345 smb:3237 d:s ref:0 ;
in:135 out:135 type:B dur:2 cpbdur:2 q:35.69 aq:33.13 tex:136 mv:243 misc:325 imb:0 pmb:18 smb:3582 d:t ref:0 ;
in:134 out:136 type:b dur:2 cpbdur:2 q:35.78 aq:30.14 tex:60 mv:93 misc:271 imb:0 pmb:8 smb:3592 d:t ref:0 ;
in:136 out:137 type:b dur:2 cpbdur:2 q:35.60 aq:30.00 tex:1 mv:106 misc:269 imb:0 pmb:7 smb:3593 d:- ref:0 ;
in:141 out:138 type:P dur:2 cpbdur:2 q:34.97 aq:23.54 tex:23342 mv:1136 misc:2274 imb:38 pmb:612 smb:2950 d:s ref:0 ;
in:139 out:139 type:B dur:2 cpbdur:2 q:35.24 aq:30.93 tex:173 mv:203 misc:328 imb:2 pmb:18 smb:3580 d:s ref:0 ;
in:138 out:140 type:b dur:2 cpbdur:2 q:35.38 aq:29.75 tex:67 mv:80 misc:269 imb:0 pmb:8 smb:3592 d:s ref:0 ;
in:140 out:141 type:b dur:2 cpbdur:2 q:35.11 aq:29.55 tex:32 mv:92 misc:260 imb:0 pmb:6 smb:3594 d:- ref:0 ;
in:145 out:142 type:P dur:2 cpbdur:2 q:34.57 aq:22.44 tex:22342 mv:1014 misc:2076 imb:35 pmb:511 smb:3054 d:s ref:0 ;
in:143 out:143 type:B dur:2 cpbdur:2 q:34.77 aq:34.20 tex:269 mv:232 misc:339 imb:3 pmb:21 smb:3576 d:t ref:0 ;
in:142 out:144 type:b dur:2 cpbdur:2 q:34.87 aq:29.59 tex:117 mv:73 misc:266 imb:0 pmb:9 smb:3591 d:s ref:0 ;
in:144 out:145 type:b dur:2 cpbdur:2 q:34.67 aq:29.26 tex:107 mv:128 misc:269 imb:0 pmb:11 smb:3589 d:- ref:0 ;
in:149 out:146 type:P dur:2 cpbdur:2 q:34.35 aq:23.18 tex:15238 mv:852 misc:1838 imb:38 pmb:367 smb:3195 d:s ref:0 ;
in:147 out:147 type:B dur:2 cpbdur:2 q:34.46 aq:30.61 tex:285 mv:220 misc:335 imb:1 pmb:23 smb:3576 d:t ref:0 ;
in:146 out:148 type:b dur:2 cpbdur:2 q:34.52 aq:29.73 tex:108 mv:117 misc:271 imb:1 pmb:9 smb:3590 d:s ref:0 ;
in:148 out:149 type:b dur:2 cpbdur:2 q:34.40 aq:28.39 tex:36 mv:101 misc:271 imb:0 pmb:9 smb:3591 d:- ref:0 ;
in:153 out:150 type:P dur:2 cpbdur:2 q:34.20 aq:22.25 tex:16058 mv:718 misc:1864 imb:25 pmb:427 smb:3148 d:s ref:0 ;
in:151 out:151 type:B dur:2 cpbdur:2 q:34.27 aq:30.29 tex:233 mv:229 misc:354 imb:2 pmb:21 smb:3577 d:s ref:0 ;
in:150 out:152 type:b dur:2 cpbdur:2 q:34.31 aq:28.30 tex:45 mv:123 misc:272 imb:1 pmb:8 smb:3591 d:s ref:0 ;
in:152 out:153 type:b dur:2 cpbdur:2 q:34.24 aq:28.66 tex:44 mv:155 misc:281 imb:0 pmb:11 smb:3589 d:- ref:0 ;
in:157 out:154 type:P dur:2 cpbdur:2 q:34.29 aq:22.89 tex:7280 mv:421 misc:1107 imb:19 pmb:168 smb:3413 d:s ref:0 ;
in:155 out:155 type:B dur:2 cpbdur:2 q:34.24 aq:32.26 tex:223 mv:204 misc:349 imb:1 pmb:23 smb:3576 d:s ref:0 ;
in:154 out:156 type:b dur:2 cpbdur:2 q:34.22 aq:28.80 tex:62 mv:83 misc:263 imb:0 pmb:8 smb:3592 d:s ref:0 ;
in:156 out:157 type:b dur:2 cpbdur:2 q:34.26 aq:28.46 tex:42 mv:170 misc:284 imb:0 pmb:13 smb:3587 d:- ref:0 ;
in:161 out:158 type:P dur:2 cpbdur:2 q:34.44 aq:21.96 tex:19581 mv:1148 misc:791 imb:121 pmb:78 smb:3401 d:s ref:0 ;
in:159 out:159 type:B dur:2 cpbdur:2 q:34.36 aq:30.50 tex:692 mv:400 misc:460 imb:3 pmb:73 smb:3524 d:s ref:0 ;
in:158 out:160 type:b dur:2 cpbdur:2 q:34.32 aq:28.00 tex:4 mv:122 misc:290 imb:0 pmb:12 smb:3588 d:t ref:0 ;
in:160 out:161 type:b dur:2 cpbdur:2 q:34.40 aq:28.34 tex:124 mv:246 misc:406 imb:2 pmb:54 smb:3544 d:- ref:0 ;
in:163 out:162 type:P dur:2 cpbdur:2 q:35.22 aq:26.92 tex:38243 mv:857 misc:532 imb:80 pmb:76 smb:3444 d:s ref:0 ;
in:162 out:163 type:b dur:2 cpbdur:2 q:34.83 aq:36.40 tex:1620 mv:632 misc:428 imb:1 pmb:88 smb:3511 d:s ref:0 ;
in:167 out:164 type:P dur:2 cpbdur:2 q:36.35 aq:28.30 tex:2920 mv:233 misc:367 imb:5 pmb:27 smb:3568 d:s ref:0 ;
in:165 out:165 type:B dur:2 cpbdur:2 q:35.79 aq:28.00 tex:4 mv:17 misc:259 imb:0 pmb:8 smb:3592 d:t ref:0 ;
in:164 out:166 type:b dur:2 cpbdur:2 q:35.51 aq:35.24 tex:520 mv:70 misc:274 imb:0 pmb:16 smb:3584 d:s ref:0 ;
in:166 out:167 type:b dur:2 cpbdur:2 q:36.07 aq:30.00 tex:0 mv:0 misc:216 imb:0 pmb:0 smb:3600 d:- ref:0 ;
in:171 out:168 type:P dur:2 cpbdur:2 q:36.42 aq:31.56 tex:13030 mv:782 misc:452 imb:101 pmb:24 smb:3475 d:s ref:0 ;
in:169 out:169 type:B dur:2 cpbdur:2 q:36.38 aq:28.00 tex:8 mv:68 misc:364 imb:0 pmb:50 smb:3550 d:s ref:0 ;
in:168 out:170 type:b dur:2 cpbdur:2 q:36.37 aq:30.00 tex:0 mv:0 misc:216 imb:0 pmb:0 smb:3600 d:s ref:0 ;
in:170 out:171 type:b dur:2 cpbdur:2 q:36.40 aq:30.78 tex:45 mv:70 misc:325 imb:2 pmb:27 smb:3571 d:- ref:0 ;
in:175 out:172 type:P dur:2 cpbdur:2 q:36.46 aq:32.19 tex:1195 mv:182 misc:391 imb:9 pmb:18 smb:3573 d:s ref:0 ;
in:173 out:173 type:B dur:2 cpbdur:2 q:36.44 aq:35.41 tex:173 mv:178 misc:297 imb:0 pmb:17 smb:3583 d:s ref:0 ;
in:172 out:174 type:b dur:2 cpbdur:2 q:36.43 aq:30.24 tex:43 mv:79 misc:270 imb:0 pmb:10 smb:3590 d:s ref:0 ;
in:174 out:175 type:b dur:2 cpbdur:2 q:36.45 aq:30.00 tex:1 mv:88 misc:263 imb:0 pmb:7 smb:3593 d:- ref:0 ;
in:179 out:176 type:P dur:2 cpbdur:2 q:36.10 aq:31.90 tex:1026 mv:274 misc:412 imb:16 pmb:18 smb:3566 d:s ref:0 ;
in:177 out:177 type:B dur:2 cpbdur:2 q:36.28 aq:28.36 tex:47 mv:206 misc:307 imb:2 pmb:14 smb:3584 d:t ref:0 ;
in:176 out:178 type:b dur:2 cpbdur:2 q:36.37 aq:30.00 tex:3 mv:53 misc:256 imb:0 pmb:6 smb:3594 d:s ref:0 ;
in:178 out:179 type:b dur:2 cpbdur:2 q:36.19 aq:30.54 tex:32 mv:60 misc:260 imb:0 pmb:6 smb:3594 d:- ref:0 ;
in:183 out:180 type:P dur:2 cpbdur:2 q:35.82 aq:33.26 tex:2325 mv:479 misc:452 imb:38 pmb:29 smb:3533 d:s ref:0 ;
in:181 out:181 type:B dur:2 cpbdur:2 q:35.96 aq:28.70 tex:95 mv:273 misc:352 imb:8 pmb:31 smb:3561 d:t ref:0 ;
in:180 out:182 type:b dur:2 cpbdur:2 q:36.03 aq:30.57 tex:30 mv:108 misc:278 imb:0 pmb:27 smb:3573 d:s ref:0 ;
in:182 out:183 type:b dur:2 cpbdur:2 q:35.89 aq:30.00 tex:4 mv:52 misc:248 imb:0 pmb:9 smb:3591 d:- ref:0 ;
in:187 out:184 type:P dur:2 cpbdur:2 q:35.53 aq:25.88 tex:1493 mv:239 misc:404 imb:16 pmb:19 smb:3565 d:s ref:0 ;
in:185 out:185 type:B dur:2 cpbdur:2 q:35.68 aq:35.10 tex:216 mv:228 misc:324 imb:3 pmb:18 smb:3579 d:t ref:0 ;
in:184 out:186 type:b dur:2 cpbdur:2 q:35.75 aq:30.28 tex:80 mv:37 misc:259 imb:0 pmb:7 smb:3593 d:s ref:0 ;
in:186 out:187 type:b dur:2 cpbdur:2 q:35.61 aq:30.00 tex:0 mv:48 misc:248 imb:0 pmb:5 smb:3595 d:- ref:0 ;
in:191 out:188 type:P dur:2 cpbdur:2 q:35.02 aq:24.10 tex:2915 mv:442 misc:787 imb:27 pmb:84 smb:3489 d:s ref:0 ;
in:189 out:189 type:B dur:2 cpbdur:2 q:35.28 aq:27.94 tex:69 mv:223 misc:332 imb:0 pmb:25 smb:3575 d:s ref:0 ;
in:188 out:190 type:b dur:2 cpbdur:2 q:35.41 aq:29.35 tex:39 mv:126 misc:259 imb:0 pmb:10 smb:3590 d:s ref:0 ;
in:190 out:191 type:b dur:2 cpbdur:2 q:35.15 aq:29.00 tex:5 mv:109 misc:270 imb:0 pmb:12 smb:3588 d:- ref:0 ;
in:194 out:192 type:P dur:2 cpbdur:2 q:34.89 aq:24.65 tex:44345 mv:1595 misc:788 imb:175 pmb:111 smb:3314 d:s ref:0 ;
in:192 out:193 type:B dur:2 cpbdur:2 q:34.98 aq:21.11 tex:278 mv:342 misc:484 imb:3 pmb:80 smb:3517 d:s ref:0 ;
in:193 out:194 type:b dur:2 cpbdur:2 q:34.94 aq:34.75 tex:1339 mv:881 misc:484 imb:62 pmb:67 smb:3471 d:- ref:0 ;
in:198 out:195 type:P dur:2 cpbdur:2 q:35.08 aq:29.18 tex:26634 mv:705 misc:605 imb:23 pmb:152 smb:3425 d:s ref:0 ;
in:196 out:196 type:B dur:2 cpbdur:2 q:34.99 aq:34.02 tex:479 mv:81 misc:440 imb:0 pmb:62 smb:3538 d:s ref:0 ;
in:195 out:197 type:b dur:2 cpbdur:2 q:34.94 aq:33.77 tex:909 mv:154 misc:393 imb:1 pmb:52 smb:3547 d:s ref:0 ;
in:197 out:198 type:b dur:2 cpbdur:2 q:35.03 aq:33.09 tex:30 mv:2 misc:232 imb:0 pmb:1 smb:3599 d:- ref:0 ;
in:202 out:199 type:P dur:2 cpbdur:2 q:34.94 aq:26.94 tex:3129 mv:188 misc:643 imb:8 pmb:74 smb:3518 d:s ref:0 ;
in:200 out:200 type:B dur:2 cpbdur:2 q:35.01 aq:33.61 tex:32 mv:3 misc:245 imb:0 pmb:1 smb:3599 d:s ref:0 ;
in:199 out:201 type:b dur:2 cpbdur:2 q:35.04 aq:29.00 tex:0 mv:0 misc:216 imb:0 pmb:0 smb:3600 d:s ref:0 ;
in:201 out:202 type:b dur:2 cpbdur:2 q:34.97 aq:29.00 tex:0 mv:0 misc:216 imb:0 pmb:0 smb:3600 d:- ref:0 ;
in:206 out:203 type:P dur:2 cpbdur:2 q:34.50 aq:24.37 tex:9757 mv:560 misc:795 imb:32 pmb:108 smb:3460 d:s ref:0 ;
in:204 out:204 type:B dur:2 cpbdur:2 q:34.72 aq:27.00 tex:7 mv:38 misc:267 imb:0 pmb:26 smb:3574 d:t ref:0 ;
in:203 out:205 type:b dur:2 cpbdur:2 q:34.83 aq:29.00 tex:6 mv:29 misc:261 imb:0 pmb:18 smb:3582 d:s ref:0 ;
in:205 out:206 type:b dur:2 cpbdur:2 q:34.61 aq:29.00 tex:0 mv:0 misc:216 imb:0 pmb:0 smb:3600 d:- ref:0 ;
in:210 out:207 type:P dur:2 cpbdur:2 q:34.05 aq:22.32 tex:11637 mv:364 misc:1471 imb:14 pmb:258 smb:3328 d:s ref:0 ;
in:208 out:208 type:B dur:2 cpbdur:2 q:34.28 aq:26.00 tex:1 mv:3 misc:244 imb:0 pmb:1 smb:3599 d:s ref:0 ;
in:207 out:209 type:b dur:2 cpbdur:2 q:34.39 aq:28.00 tex:0 mv:0 misc:216 imb:0 pmb:0 smb:3600 d:s ref:0 ;
in:209 out:210 type:b dur:2 cpbdur:2 q:34.16 aq:28.00 tex:0 mv:0 misc:216 imb:0 pmb:0 smb:3600 d:- ref:0 ;
in:214 out:211 type:P dur:2 cpbdur:2 q:33.47 aq:21.99 tex:21976 mv:631 misc:1977 imb:48 pmb:438 smb:3114 d:s ref:0 ;
in:212 out:212 type:B dur:2 cpbdur:2 q:33.76 aq:31.67 tex:43 mv:48 misc:261 imb:0 pmb:25 smb:3575 d:s ref:0 ;
in:211 out:213 type:b dur:2 cpbdur:2 q:33.91 aq:28.00 tex:1 mv:3 misc:228 imb:0 pmb:1 smb:3599 d:s ref:0 ;
in:213 out:214 type:b dur:2 cpbdur:2 q:33.62 aq:28.00 tex:10 mv:34 misc:236 imb:0 pmb:24 smb:3576 d:- ref:0 ;
in:218 out:215 type:P dur:2 cpbdur:2 q:33.55 aq:23.73 tex:21660 mv:841 misc:1347 imb:34 pmb:257 smb:3309 d:s ref:0 ;
in:216 out:216 type:B dur:2 cpbdur:2 q:33.51 aq:34.07 tex:1362 mv:252 misc:362 imb:0 pmb:49 smb:3551 d:s ref:0 ;
in:215 out:217 type:b dur:2 cpbdur:2 q:33.49 aq:18.33 tex:41 mv:71 misc:336 imb:1 pmb:41 smb:3558 d:s ref:0 ;
in:217 out:218 type:b dur:2 cpbdur:2 q:33.53 aq:38.65 tex:385 mv:96 misc:319 imb:0 pmb:22 smb:3578 d:- ref:0 ;
in:222 out:219 type:P dur:2 cpbdur:2 q:33.89 aq:23.99 tex:15647 mv:589 misc:1004 imb:29 pmb:182 smb:3389 d:s ref:0 ;
in:220 out:220 type:B dur:2 cpbdur:2 q:33.72 aq:32.37 tex:1100 mv:281 misc:331 imb:1 pmb:27 smb:3572 d:s ref:0 ;
in:219 out:221 type:b dur:2 cpbdur:2 q:33.64 aq:36.72 tex:755 mv:126 misc:303 imb:0 pmb:23 smb:3577 d:s ref:0 ;
in:221 out:222 type:b dur:2 cpbdur:2 q:33.81 aq:36.76 tex:744 mv:64 misc:280 imb:0 pmb:17 smb:3583 d:- ref:0 ;
in:226 out:223 type:P dur:2 cpbdur:2 q:33.86 aq:22.56 tex:19002 mv:925 misc:929 imb:89 pmb:128 smb:3383 d:s ref:0 ;
in:224 out:224 type:B dur:2 cpbdur:2 q:33.88 aq:33.48 tex:1386 mv:469 misc:417 imb:8 pmb:58 smb:3534 d:s ref:0 ;
in:223 out:225 type:b dur:2 cpbdur:2 q:33.89 aq:38.51 tex:364 mv:133 misc:295 imb:1 pmb:24 smb:3575 d:s ref:0 ;
in:225 out:226 type:b dur:2 cpbdur:2 q:33.87 aq:31.07 tex:416 mv:203 misc:373 imb:4 pmb:46 smb:3550 d:- ref:0 ;
in:230 out:227 type:P dur:2 cpbdur:2 q:33.93 aq:23.22 tex:23685 mv:1134 misc:637 imb:123 pmb:62 smb:3415 d:s ref:0 ;
in:228 out:228 type:B dur:2 cpbdur:2 q:33.89 aq:33.21 tex:444 mv:100 misc:360 imb:3 pmb:42 smb:3555 d:s ref:0 ;
in:227 out:229 type:b dur:2 cpbdur:2 q:33.88 aq:24.01 tex:729 mv:152 misc:351 imb:1 pmb:43 smb:3556 d:s ref:0 ;
in:229 out:230 type:b dur:2 cpbdur:2 q:33.91 aq:28.00 tex:1 mv:5 misc:234 imb:0 pmb:2 smb:3598 d:- ref:0 ;
in:234 out:231 type:P dur:2 cpbdur:2 q:34.09 aq:23.18 tex:5574 mv:364 misc:1094 imb:21 pmb:154 smb:3425 d:s ref:0 ;
in:232 out:232 type:B dur:2 cpbdur:2 q:34.01 aq:26.00 tex:1 mv:3 misc:244 imb:0 pmb:1 smb:3599 d:s ref:0 ;
in:231 out:233 type:b dur:2 cpbdur:2 q:33.97 aq:28.00 tex:0 mv:0 misc:216 imb:0 pmb:0 smb:3600 d:s ref:0 ;
in:233 out:234 type:b dur:2 cpbdur:2 q:34.05 aq:28.00 tex:0 mv:0 misc:216 imb:0 pmb:0 smb:3600 d:- ref:0 ;
in:238 out:235 type:P dur:2 cpbdur:2 q:34.41 aq:23.87 tex:2871 mv:347 misc:486 imb:28 pmb:32 smb:3540 d:s ref:0 ;
in:236 out:236 type:B dur:2 cpbdur:2 q:34.25 aq:26.00 tex:25 mv:83 misc:252 imb:6 pmb:8 smb:3586 d:s ref:0 ;
in:235 out:237 type:b dur:2 cpbdur:2 q:34.17 aq:28.00 tex:2 mv:14 misc:232 imb:0 pmb:5 smb:3595 d:s ref:0 ;
in:237 out:238 type:b dur:2 cpbdur:2 q:34.33 aq:28.00 tex:5 mv:28 misc:231 imb:0 pmb:13 smb:3587 d:- ref:0 ;
in:242 out:239 type:P dur:2 cpbdur:2 q:34.27 aq:20.33 tex:16914 mv:1127 misc:551 imb:122 pmb:56 smb:3422 d:s ref:0 ;
in:240 out:240 type:B dur:2 cpbdur:2 q:34.34 aq:33.40 tex:46 mv:69 misc:333 imb:0 pmb:32 smb:3568 d:s ref:0 ;
in:239 out:241 type:b dur:2 cpbdur:2 q:34.38 aq:28.00 tex:0 mv:0 misc:216 imb:0 pmb:0 smb:3600 d:s ref:0 ;
in:241 out:242 type:b dur:2 cpbdur:2 q:34.31 aq:33.38 tex:2832 mv:940 misc:324 imb:49 pmb:54 smb:3497 d:- ref:0 ;
in:246 out:243 type:P dur:2 cpbdur:2 q:34.25 aq:21.69 tex:5302 mv:389 misc:581 imb:22 pmb:68 smb:3510 d:s ref:0 ;
in:244 out:244 type:B dur:2 cpbdur:2 q:34.26 aq:26.00 tex:9 mv:74 misc:293 imb:0 pmb:24 smb:3576 d:s ref:0 ;
in:243 out:245 type:b dur:2 cpbdur:2 q:34.27 aq:33.43 tex:55 mv:106 misc:271 imb:0 pmb:19 smb:3581 d:s ref:0 ;
in:245 out:246 type:b dur:2 cpbdur:2 q:34.26 aq:28.00 tex:5 mv:20 misc:231 imb:0 pmb:8 smb:3592 d:- ref:0 ;
in:250 out:247 type:P dur:2 cpbdur:2 q:34.22 aq:22.32 tex:20588 mv:1637 misc:607 imb:191 pmb:74 smb:3335 d:s ref:0 ;
in:248 out:248 type:B dur:2 cpbdur:2 q:34.24 aq:29.49 tex:416 mv:250 misc:430 imb:3 pmb:74 smb:3523 d:s ref:0 ;
in:247 out:249 type:b dur:2 cpbdur:2 q:34.24 aq:28.00 tex:6 mv:48 misc:250 imb:0 pmb:13 smb:3587 d:s ref:0 ;
in:249 out:250 type:b dur:2 cpbdur:2 q:34.23 aq:19.75 tex:108 mv:359 misc:429 imb:30 pmb:61 smb:3509 d:- ref:0 ;
in:254 out:251 type:P dur:2 cpbdur:2 q:34.36 aq:24.02 tex:5338 mv:570 misc:660 imb:26 pmb:73 smb:3501 d:s ref:0 ;
in:252 out:252 type:B dur:2 cpbdur:2 q:34.29 aq:33.75 tex:373 mv:202 misc:329 imb:0 pmb:31 smb:3569 d:s ref:0 ;
in:251 out:253 type:b dur:2 cpbdur:2 q:34.26 aq:28.72 tex:191 mv:164 misc:301 imb:1 pmb:22 smb:3577 d:s ref:0 ;
in:253 out:254 type:b dur:2 cpbdur:2 q:34.32 aq:28.18 tex:93 mv:112 misc:283 imb:1 pmb:11 smb:3588 d:- ref:0 ;
in:258 out:255 type:P dur:2 cpbdur:2 q:33.93 aq:24.36 tex:3547 mv:394 misc:643 imb:21 pmb:61 smb:3518 d:s ref:0 ;
in:256 out:256 type:B dur:2 cpbdur:2 q:34.14 aq:33.56 tex:111 mv:184 misc:313 imb:0 pmb:17 smb:3583 d:s ref:0 ;
in:255 out:257 type:b dur:2 cpbdur:2 q:34.25 aq:28.66 tex:39 mv:62 misc:275 imb:0 pmb:10 smb:3590 d:s ref:0 ;
in:257 out:258 type:b dur:2 cpbdur:2 q:34.04 aq:28.72 tex:77 mv:132 misc:279 imb:0 pmb:12 smb:3588 d:- ref:0 ;
in:262 out:259 type:P dur:2 cpbdur:2 q:33.50 aq:22.15 tex:8224 mv:554 misc:1166 imb:16 pmb:187 smb:3397 d:s ref:0 ;
in:260 out:260 type:B dur:2 cpbdur:2 q:33.72 aq:26.03 tex:124 mv:317 misc:327 imb:7 pmb:14 smb:3579 d:t ref:0 ;
in:259 out:261 type:b dur:2 cpbdur:2 q:33.82 aq:28.26 tex:33 mv:112 misc:287 imb:1 pmb:10 smb:3589 d:s ref:0 ;
in:261 out:262 type:b dur:2 cpbdur:2 q:33.61 aq:28.18 tex:32 mv:96 misc:264 imb:0 pmb:8 smb:3592 d:- ref:0 ;
in:266 out:263 type:P dur:2 cpbdur:2 q:33.26 aq:21.33 tex:10352 mv:562 misc:1342 imb:25 pmb:233 smb:3342 d:s ref:0 ;
in:264 out:264 type:B dur:2 cpbdur:2 q:33.38 aq:30.26 tex:301 mv:322 misc:345 imb:2 pmb:24 smb:3574 d:t ref:0 ;
in:263 out:265 type:b dur:2 cpbdur:2 q:33.44 aq:28.05 tex:119 mv:148 misc:285 imb:0 pmb:12 smb:3588 d:s ref:0 ;
in:265 out:266 type:b dur:2 cpbdur:2 q:33.32 aq:27.40 tex:38 mv:152 misc:282 imb:0 pmb:12 smb:3588 d:- ref:0 ;
in:270 out:267 type:P dur:2 cpbdur:2 q:33.06 aq:22.56 tex:13246 mv:687 misc:1483 imb:41 pmb:266 smb:3293 d:s ref:0 ;
in:268 out:268 type:B dur:2 cpbdur:2 q:33.16 aq:31.58 tex:130 mv:287 misc:359 imb:3 pmb:34 smb:3563 d:t ref:0 ;
in:267 out:269 type:b dur:2 cpbdur:2 q:33.21 aq:27.44 tex:40 mv:103 misc:257 imb:0 pmb:9 smb:3591 d:s ref:0 ;
in:269 out:270 type:b dur:2 cpbdur:2 q:33.11 aq:27.19 tex:132 mv:117 misc:295 imb:2 pmb:18 smb:3580 d:- ref:0 ;
in:274 out:271 type:P dur:2 cpbdur:2 q:32.91 aq:21.74 tex:23118 mv:824 misc:2226 imb:77 pmb:509 smb:3014 d:s ref:0 ;
in:272 out:272 type:B dur:2 cpbdur:2 q:32.99 aq:26.21 tex:325 mv:328 misc:339 imb:2 pmb:26 smb:3572 d:t ref:0 ;
in:271 out:273 type:b dur:2 cpbdur:2 q:33.02 aq:27.26 tex:37 mv:140 misc:287 imb:0 pmb:11 smb:3589 d:s ref:0 ;
in:273 out:274 type:b dur:2 cpbdur:2 q:32.95 aq:27.22 tex:126 mv:168 misc:290 imb:2 pmb:10 smb:3588 d:- ref:0 ;
in:278 out:275 type:P dur:2 cpbdur:2 q:32.91 aq:21.53 tex:8585 mv:544 misc:1407 imb:26 pmb:209 smb:3365 d:s ref:0 ;
in:276 out:276 type:B dur:2 cpbdur:2 q:32.91 aq:32.05 tex:352 mv:314 misc:342 imb:1 pmb:26 smb:3573 d:t ref:0 ;
in:275 out:277 type:b dur:2 cpbdur:2 q:32.91 aq:27.80 tex:71 mv:151 misc:282 imb:0 pmb:13 smb:3587 d:s ref:0 ;
in:277 out:278 type:b dur:2 cpbdur:2 q:32.91 aq:27.46 tex:96 mv:154 misc:278 imb:0 pmb:14 smb:3586 d:- ref:0 ;
in:282 out:279 type:P dur:2 cpbdur:2 q:32.64 aq:21.99 tex:16402 mv:582 misc:1736 imb:24 pmb:334 smb:3242 d:s ref:0 ;
in:280 out:280 type:B dur:2 cpbdur:2 q:32.77 aq:31.11 tex:291 mv:251 misc:338 imb:5 pmb:22 smb:3573 d:s ref:0 ;
in:279 out:281 type:b dur:2 cpbdur:2 q:32.84 aq:27.66 tex:102 mv:119 misc:283 imb:0 pmb:12 smb:3588 d:s ref:0 ;
in:281 out:282 type:b dur:2 cpbdur:2 q:32.71 aq:27.66 tex:130 mv:89 misc:269 imb:0 pmb:10 smb:3590 d:- ref:0 ;
in:286 out:283 type:P dur:2 cpbdur:2 q:32.43 aq:21.16 tex:13594 mv:673 misc:1573 imb:24 pmb:307 smb:3269 d:s ref:0 ;
in:284 out:284 type:B dur:2 cpbdur:2 q:32.54 aq:25.07 tex:121 mv:205 misc:338 imb:3 pmb:17 smb:3580 d:s ref:0 ;
in:283 out:285 type:b dur:2 cpbdur:2 q:32.59 aq:27.64 tex:157 mv:157 misc:286 imb:2 pmb:11 smb:3587 d:s ref:0 ;
in:285 out:286 type:b dur:2 cpbdur:2 q:32.48 aq:27.76 tex:59 mv:78 misc:279 imb:0 pmb:8 smb:3592 d:- ref:0 ;
in:290 out:287 type:P dur:2 cpbdur:2 q:32.23 aq:20.86 tex:13880 mv:702 misc:1666 imb:29 pmb:296 smb:3275 d:s ref:0 ;
in:288 out:288 type:B dur:2 cpbdur:2 q:32.33 aq:31.35 tex:226 mv:260 misc:338 imb:1 pmb:20 smb:3579 d:s ref:0 ;
in:287 out:289 type:b dur:2 cpbdur:2 q:32.38 aq:26.70 tex:102 mv:135 misc:283 imb:0 pmb:13 smb:3587 d:s ref:0 ;
in:289 out:290 type:b dur:2 cpbdur:2 q:32.28 aq:26.52 tex:42 mv:157 misc:281 imb:0 pmb:12 smb:3588 d:- ref:0 ;
in:294 out:291 type:P dur:2 cpbdur:2 q:32.20 aq:20.16 tex:8559 mv:561 misc:1280 imb:20 pmb:202 smb:3378 d:s ref:0 ;
in:292 out:292 type:B dur:2 cpbdur:2 q:32.21 aq:31.17 tex:261 mv:242 misc:321 imb:2 pmb:21 smb:3577 d:t ref:0 ;
in:291 out:293 type:b dur:2 cpbdur:2 q:32.22 aq:26.85 tex:80 mv:172 misc:276 imb:0 pmb:14 smb:3586 d:t ref:0 ;
in:293 out:294 type:b dur:2 cpbdur:2 q:32.21 aq:26.51 tex:106 mv:73 misc:277 imb:1 pmb:9 smb:3590 d:- ref:0 ;
in:298 out:295 type:P dur:2 cpbdur:2 q:32.14 aq:20.33 tex:10002 mv:552 misc:1238 imb:26 pmb:194 smb:3380 d:s ref:0 ;
in:296 out:296 type:B dur:2 cpbdur:2 q:32.17 aq:24.53 tex:345 mv:257 misc:326 imb:2 pmb:21 smb:3577 d:t ref:0 ;
in:295 out:297 type:b dur:2 cpbdur:2 q:32.18 aq:26.61 tex:78 mv:129 misc:273 imb:0 pmb:11 smb:3589 d:s ref:0 ;
in:297 out:298 type:b dur:2 cpbdur:2 q:32.15 aq:26.65 tex:135 mv:112 misc:297 imb:0 pmb:13 smb:3587 d:- ref:0 ;
in:302 out:299 type:P dur:2 cpbdur:2 q:32.00 aq:19.89 tex:12873 mv:563 misc:1444 imb:18 pmb:239 smb:3343 d:s ref:0 ;
in:300 out:300 type:B dur:2 cpbdur:2 q:32.07 aq:30.44 tex:153 mv:301 misc:338 imb:1 pmb:24 smb:3575 d:t ref:0 ;
in:299 out:301 type:b dur:2 cpbdur:2 q:32.10 aq:26.00 tex:1 mv:128 misc:279 imb:0 pmb:9 smb:3591 d:s ref:0 ;
in:301 out:302 type:b dur:2 cpbdur:2 q:32.03 aq:26.70 tex:83 mv:135 misc:270 imb:0 pmb:11 smb:3589 d:- ref:0 ;
in:306 out:303 type:P dur:2 cpbdur:2 q:32.06 aq:20.40 tex:6008 mv:462 misc:1002 imb:24 pmb:134 smb:3442 d:s ref:0 ;
in:304 out:304 type:B dur:2 cpbdur:2 q:32.03 aq:31.36 tex:376 mv:353 misc:359 imb:2 pmb:28 smb:3570 d:t ref:0 ;
in:303 out:305 type:b dur:2 cpbdur:2 q:32.01 aq:26.73 tex:127 mv:195 misc:278 imb:1 pmb:13 smb:3586 d:s ref:0 ;
in:305 out:306 type:b dur:2 cpbdur:2 q:32.04 aq:26.69 tex:75 mv:218 misc:291 imb:1 pmb:13 smb:3586 d:- ref:0 ;
in:310 out:307 type:P dur:2 cpbdur:2 q:32.07 aq:19.64 tex:5375 mv:523 misc:926 imb:25 pmb:124 smb:3451 d:s ref:0 ;
in:308 out:308 type:B dur:2 cpbdur:2 q:32.07 aq:24.37 tex:364 mv:275 misc:329 imb:4 pmb:22 smb:3574 d:t ref:0 ;
in:307 out:309 type:b dur:2 cpbdur:2 q:32.06 aq:26.44 tex:94 mv:143 misc:283 imb:1 pmb:13 smb:3586 d:s ref:0 ;
in:309 out:310 type:b dur:2 cpbdur:2 q:32.07 aq:26.55 tex:78 mv:88 misc:282 imb:0 pmb:9 smb:3591 d:- ref:0 ;
in:314 out:311 type:P dur:2 cpbdur:2 q:32.12 aq:19.84 tex:3033 mv:470 misc:721 imb:24 pmb:80 smb:3496 d:s ref:0 ;
in:312 out:312 type:B dur:2 cpbdur:2 q:32.10 aq:31.99 tex:320 mv:249 misc:343 imb:1 pmb:21 smb:3578 d:s ref:0 ;
in:311 out:313 type:b dur:2 cpbdur:2 q:32.09 aq:26.83 tex:116 mv:146 misc:282 imb:0 pmb:11 smb:3589 d:s ref:0 ;
in:313 out:314 type:b dur:2 cpbdur:2 q:32.11 aq:26.53 tex:43 mv:191 misc:286 imb:0 pmb:14 smb:3586 d:- ref:0 ;
in:315 out:315 type:I dur:2 cpbdur:2 q:29.46 aq:14.98 tex:551634 mv:87868 misc:210 imb:3600 pmb:0 smb:0 d:s ref:;
in:319 out:316 type:P dur:2 cpbdur:2 q:38.07 aq:32.81 tex:747 mv:172 misc:361 imb:13 pmb:8 smb:3579 d:s ref:0 ;
in:317 out:317 type:B dur:2 cpbdur:2 q:38.07 aq:32.52 tex:42 mv:149 misc:289 imb:0 pmb:14 smb:3586 d:t ref:0 ;
in:316 out:318 type:b dur:2 cpbdur:2 q:38.07 aq:32.00 tex:2 mv:83 misc:259 imb:0 pmb:5 smb:3595 d:t ref:0 ;
in:318 out:319 type:b dur:2 cpbdur:2 q:38.07 aq:32.30 tex:35 mv:53 misc:248 imb:0 pmb:4 smb:3596 d:- ref:0 ;
in:323 out:320 type:P dur:2 cpbdur:2 q:37.88 aq:23.16 tex:498 mv:199 misc:343 imb:15 pmb:8 smb:3577 d:s ref:0 ;
in:321 out:321 type:B dur:2 cpbdur:2 q:37.97 aq:36.60 tex:141 mv:149 misc:318 imb:3 pmb:15 smb:3582 d:s ref:0 ;
in:320 out:322 type:b dur:2 cpbdur:2 q:38.02 aq:32.65 tex:34 mv:69 misc:249 imb:0 pmb:5 smb:3595 d:s ref:0 ;
in:322 out:323 type:b dur:2 cpbdur:2 q:37.92 aq:32.26 tex:57 mv:95 misc:264 imb:1 pmb:6 smb:3593 d:- ref:0 ;
in:327 out:324 type:P dur:2 cpbdur:2 q:37.71 aq:32.30 tex:887 mv:258 misc:359 imb:12 pmb:14 smb:3574 d:s ref:0 ;
in:325 out:325 type:B dur:2 cpbdur:2 q:37.80 aq:34.28 tex:67 mv:183 misc:310 imb:0 pmb:19 smb:3581 d:t ref:0 ;
in:324 out:326 type:b dur:2 cpbdur:2 q:37.84 aq:32.00 tex:1 mv:30 misc:233 imb:0 pmb:2 smb:3598 d:s ref:0 ;
in:326 out:327 type:b dur:2 cpbdur:2 q:37.75 aq:32.80 tex:58 mv:45 misc:265 imb:0 pmb:7 smb:3593 d:- ref:0 ;
in:331 out:328 type:P dur:2 cpbdur:2 q:37.47 aq:31.42 tex:769 mv:323 misc:356 imb:15 pmb:19 smb:3566 d:s ref:0 ;
in:329 out:329 type:B dur:2 cpbdur:2 q:37.59 aq:30.57 tex:62 mv:163 misc:311 imb:0 pmb:16 smb:3584 d:t ref:0 ;
in:328 out:330 type:b dur:2 cpbdur:2 q:37.65 aq:32.00 tex:1 mv:70 misc:257 imb:0 pmb:6 smb:3594 d:s ref:0 ;
in:330 out:331 type:b dur:2 cpbdur:2 q:37.53 aq:32.00 tex:1 mv:60 misc:251 imb:0 pmb:4 smb:3596 d:- ref:0 ;
in:335 out:332 type:P dur:2 cpbdur:2 q:37.18 aq:31.33 tex:998 mv:250 misc:376 imb:16 pmb:12 smb:3572 d:s ref:0 ;
in:333 out:333 type:B dur:2 cpbdur:2 q:37.33 aq:35.18 tex:170 mv:196 misc:330 imb:0 pmb:20 smb:3580 d:s ref:0 ;
in:332 out:334 type:b dur:2 cpbdur:2 q:37.40 aq:31.45 tex:40 mv:38 misc:242 imb:0 pmb:3 smb:3597 d:s ref:0 ;
in:334 out:335 type:b dur:2 cpbdur:2 q:37.26 aq:31.92 tex:34 mv:59 misc:251 imb:0 pmb:5 smb:3595 d:- ref:0 ;
in:339 out:336 type:P dur:2 cpbdur:2 q:36.83 aq:29.93 tex:24342 mv:943 misc:515 imb:105 pmb:56 smb:3439 d:s ref:0 ;
in:337 out:337 type:B dur:2 cpbdur:2 q:37.01 aq:29.74 tex:304 mv:287 misc:489 imb:6 pmb:82 smb:3512 d:s ref:0 ;
in:336 out:338 type:b dur:2 cpbdur:2 q:37.10 aq:30.81 tex:12 mv:50 misc:258 imb:1 pmb:4 smb:3595 d:s ref:0 ;
in:338 out:339 type:b dur:2 cpbdur:2 q:36.92 aq:37.25 tex:691 mv:443 misc:458 imb:22 pmb:76 smb:3502 d:- ref:0 ;
in:343 out:340 type:P dur:2 cpbdur:2 q:37.82 aq:29.73 tex:12421 mv:428 misc:407 imb:4 pmb:95 smb:3501 d:s ref:0 ;
in:341 out:341 type:B dur:2 cpbdur:2 q:37.33 aq:35.60 tex:543 mv:83 misc:414 imb:0 pmb:53 smb:3547 d:s ref:0 ;
in:340 out:342 type:b dur:2 cpbdur:2 q:37.08 aq:40.76 tex:698 mv:168 misc:350 imb:1 pmb:36 smb:3563 d:s ref:0 ;
in:342 out:343 type:b dur:2 cpbdur:2 q:37.57 aq:32.00 tex:0 mv:10 misc:238 imb:0 pmb:3 smb:3597 d:- ref:0 ;
in:347 out:344 type:P dur:2 cpbdur:2 q:37.64 aq:30.05 tex:1082 mv:45 misc:353 imb:0 pmb:25 smb:3575 d:s ref:0 ;
in:345 out:345 type:B dur:2 cpbdur:2 q:37.73 aq:36.61 tex:32 mv:4 misc:244 imb:0 pmb:1 smb:3599 d:s ref:0 ;
in:344 out:346 type:b dur:2 cpbdur:2 q:37.78 aq:32.00 tex:0 mv:0 misc:216 imb:0 pmb:0 smb:3600 d:s ref:0 ;
in:346 out:347 type:b dur:2 cpbdur:2 q:37.68 aq:32.00 tex:0 mv:0 misc:216 imb:0 pmb:0 smb:3600 d:- ref:0 ;
in:351 out:348 type:P dur:2 cpbdur:2 q:37.37 aq:29.94 tex:10680 mv:927 misc:433 imb:154 pmb:30 smb:3416 d:s ref:0 ;
in:349 out:349 type:B dur:2 cpbdur:2 q:37.50 aq:34.17 tex:318 mv:191 misc:427 imb:4 pmb:55 smb:3541 d:s ref:0 ;
in:348 out:350 type:b dur:2 cpbdur:2 q:37.57 aq:30.57 tex:30 mv:170 misc:360 imb:6 pmb:29 smb:3565 d:s ref:0 ;
in:350 out:351 type:b dur:2 cpbdur:2 q:37.44 aq:31.79 tex:33 mv:29 misc:250 imb:0 pmb:4 smb:3596 d:- ref:0 ;
in:355 out:352 type:P dur:2 cpbdur:2 q:37.17 aq:31.37 tex:1441 mv:307 misc:404 imb:14 pmb:23 smb:3563 d:s ref:0 ;
in:353 out:353 type:B dur:2 cpbdur:2 q:37.27 aq:29.73 tex:130 mv:157 misc:305 imb:0 pmb:17 smb:3583 d:t ref:0 ;
in:352 out:354 type:b dur:2 cpbdur:2 q:37.32 aq:31.00 tex:1 mv:68 misc:259 imb:0 pmb:6 smb:3594 d:s ref:0 ;
in:354 out:355 type:b dur:2 cpbdur:2 q:37.22 aq:31.56 tex:58 mv:108 misc:258 imb:1 pmb:6 smb:3593 d:- ref:0 ;
in:359 out:356 type:P dur:2 cpbdur:2 q:36.94 aq:29.15 tex:2289 mv:477 misc:514 imb:49 pmb:38 smb:3513 d:s ref:0 ;
in:357 out:357 type:B dur:2 cpbdur:2 q:37.06 aq:35.13 tex:231 mv:265 misc:368 imb:1 pmb:41 smb:3558 d:t ref:0 ;
in:356 out:358 type:b dur:2 cpbdur:2 q:37.12 aq:31.00 tex:1 mv:93 misc:258 imb:0 pmb:7 smb:3593 d:s ref:0 ;
in:358 out:359 type:b dur:2 cpbdur:2 q:37.00 aq:31.90 tex:40 mv:38 misc:266 imb:0 pmb:24 smb:3576 d:- ref:0 ;
in:363 out:360 type:P dur:2 cpbdur:2 q:36.94 aq:26.42 tex:2326 mv:300 misc:430 imb:22 pmb:19 smb:3559 d:s ref:0 ;
in:361 out:361 type:B dur:2 cpbdur:2 q:36.94 aq:30.15 tex:148 mv:128 misc:332 imb:0 pmb:19 smb:3581 d:t ref:0 ;
in:360 out:362 type:b dur:2 cpbdur:2 q:36.94 aq:31.00 tex:4 mv:62 misc:262 imb:0 pmb:11 smb:3589 d:s ref:0 ;
in:362 out:363 type:b dur:2 cpbdur:2 q:36.94 aq:30.85 tex:50 mv:32 misc:246 imb:1 pmb:2 smb:3597 d:- ref:0 ;
in:367 out:364 type:P dur:2 cpbdur:2 q:36.86 aq:31.26 tex:1306 mv:196 misc:378 imb:17 pmb:13 smb:3570 d:s ref:0 ;
in:365 out:365 type:B dur:2 cpbdur:2 q:36.90 aq:33.28 tex:94 mv:145 misc:313 imb:0 pmb:20 smb:3580 d:s ref:0 ;
in:364 out:366 type:b dur:2 cpbdur:2 q:36.92 aq:31.00 tex:0 mv:0 misc:216 imb:0 pmb:0 smb:3600 d:s ref:0 ;
in:366 out:367 type:b dur:2 cpbdur:2 q:36.88 aq:33.85 tex:42 mv:46 misc:256 imb:0 pmb:5 smb:3595 d:- ref:0 ;
in:371 out:368 type:P dur:2 cpbdur:2 q:36.67 aq:30.36 tex:12209 mv:974 misc:497 imb:196 pmb:24 smb:3380 d:s ref:0 ;
in:369 out:369 type:B dur:2 cpbdur:2 q:36.77 aq:29.69 tex:252 mv:370 misc:458 imb:4 pmb:59 smb:3537 d:s ref:0 ;
in:368 out:370 type:b dur:2 cpbdur:2 q:36.82 aq:31.49 tex:51 mv:138 misc:275 imb:1 pmb:16 smb:3583 d:t ref:0 ;
in:370 out:371 type:b dur:2 cpbdur:2 q:36.72 aq:31.57 tex:58 mv:213 misc:433 imb:0 pmb:51 smb:3549 d:- ref:0 ;
in:373 out:372 type:P dur:2 cpbdur:2 q:36.64 aq:31.48 tex:50487 mv:921 misc:568 imb:116 pmb:76 smb:3408 d:s ref:0 ;
in:372 out:373 type:b dur:2 cpbdur:2 q:36.66 aq:39.31 tex:977 mv:466 misc:429 imb:3 pmb:62 smb:3535 d:s ref:0 ;
in:377 out:374 type:P dur:2 cpbdur:2 q:36.78 aq:32.62 tex:8851 mv:164 misc:489 imb:3 pmb:121 smb:3476 d:s ref:0 ;
in:375 out:375 type:B dur:2 cpbdur:2 q:36.71 aq:34.96 tex:79 mv:39 misc:298 imb:0 pmb:16 smb:3584 d:t ref:0 ;
in:374 out:376 type:b dur:2 cpbdur:2 q:36.68 aq:34.31 tex:521 mv:57 misc:286 imb:1 pmb:19 smb:3580 d:s ref:0 ;
in:376 out:377 type:b dur:2 cpbdur:2 q:36.74 aq:31.00 tex:0 mv:0 misc:216 imb:0 pmb:0 smb:3600 d:- ref:0 ;
in:381 out:378 type:P dur:2 cpbdur:2 q:36.64 aq:31.59 tex:5727 mv:414 misc:467 imb:27 pmb:41 smb:3532 d:s ref:0 ;
in:379 out:379 type:B dur:2 cpbdur:2 q:36.71 aq:29.00 tex:5 mv:38 misc:285 imb:0 pmb:19 smb:3581 d:s ref:0 ;
in:378 out:380 type:b dur:2 cpbdur:2 q:36.74 aq:31.00 tex:0 mv:0 misc:216 imb:0 pmb:0 smb:3600 d:s ref:0 ;
in:380 out:381 type:b dur:2 cpbdur:2 q:36.67 aq:31.00 tex:3 mv:14 misc:239 imb:0 pmb:4 smb:3596 d:- ref:0 ;
in:385 out:382 type:P dur:2 cpbdur:2 q:36.39 aq:32.74 tex:1082 mv:78 misc:392 imb:2 pmb:25 smb:3573 d:s ref:0 ;
in:383 out:383 type:B dur:2 cpbdur:2 q:36.51 aq:29.00 tex:0 mv:0 misc:232 imb:0 pmb:0 smb:3600 d:s ref:0 ;
in:382 out:384 type:b dur:2 cpbdur:2 q:36.57 aq:31.00 tex:2 mv:12 misc:226 imb:1 pmb:0 smb:3599 d:s ref:0 ;
in:384 out:385 type:b dur:2 cpbdur:2 q:36.45 aq:30.00 tex:0 mv:0 misc:216 imb:0 pmb:0 smb:3600 d:- ref:0 ;
in:389 out:386 type:P dur:2 cpbdur:2 q:36.14 aq:30.78 tex:521 mv:56 misc:343 imb:2 pmb:13 smb:3585 d:s ref:0 ;
in:387 out:387 type:B dur:2 cpbdur:2 q:36.26 aq:35.56 tex:49 mv:8 misc:255 imb:0 pmb:2 smb:3598 d:s ref:0 ;
in:386 out:388 type:b dur:2 cpbdur:2 q:36.33 aq:30.00 tex:0 mv:0 misc:216 imb:0 pmb:0 smb:3600 d:s ref:0 ;
in:388 out:389 type:b dur:2 cpbdur:2 q:36.20 aq:30.00 tex:0 mv:0 misc:216 imb:0 pmb:0 smb:3600 d:- ref:0 ;
in:393 out:390 type:P dur:2 cpbdur:2 q:36.01 aq:31.73 tex:1603 mv:268 misc:457 imb:35 pmb:24 smb:3541 d:s ref:0 ;
in:391 out:391 type:B dur:2 cpbdur:2 q:36.07 aq:28.00 tex:3 mv:39 misc:270 imb:0 pmb:25 smb:3575 d:s ref:0 ;
in:390 out:392 type:b dur:2 cpbdur:2 q:36.10 aq:30.00 tex:9 mv:45 misc:242 imb:0 pmb:22 smb:3578 d:s ref:0 ;
in:392 out:393 type:b dur:2 cpbdur:2 q:36.04 aq:30.00 tex:0 mv:0 misc:216 imb:0 pmb:0 smb:3600 d:- ref:0 ;
in:394 out:394 type:P dur:2 cpbdur:2 q:36.22 aq:31.46 tex:9727 mv:398 misc:483 imb:23 pmb:50 smb:3527 d:s ref:0 ;
in:395 out:395 type:P dur:2 cpbdur:2 q:36.25 aq:29.26 tex:4295 mv:288 misc:489 imb:8 pmb:59 smb:3533 d:s ref:0 ;
in:399 out:396 type:P dur:2 cpbdur:2 q:36.37 aq:31.71 tex:13900 mv:450 misc:570 imb:10 pmb:106 smb:3484 d:s ref:0 ;
in:397 out:397 type:B dur:2 cpbdur:2 q:36.31 aq:33.05 tex:1360 mv:292 misc:420 imb:0 pmb:65 smb:3535 d:t ref:0 ;
in:396 out:398 type:b dur:2 cpbdur:2 q:36.28 aq:39.73 tex:509 mv:171 misc:360 imb:1 pmb:31 smb:3568 d:s ref:0 ;
in:398 out:399 type:b dur:2 cpbdur:2 q:36.34 aq:39.68 tex:496 mv:144 misc:368 imb:0 pmb:36 smb:3564 d:- ref:0 ;
in:400 out:400 type:P dur:2 cpbdur:2 q:36.47 aq:29.75 tex:7952 mv:369 misc:495 imb:8 pmb:88 smb:3504 d:s ref:0 ;
in:404 out:401 type:P dur:2 cpbdur:2 q:36.49 aq:32.07 tex:20274 mv:715 misc:571 imb:26 pmb:132 smb:3442 d:s ref:0 ;
in:402 out:402 type:B dur:2 cpbdur:2 q:36.48 aq:37.30 tex:1746 mv:300 misc:490 imb:6 pmb:70 smb:3524 d:s ref:0 ;
in:401 out:403 type:b dur:2 cpbdur:2 q:36.47 aq:39.57 tex:666 mv:158 misc:416 imb:0 pmb:46 smb:3554 d:s ref:0 ;
in:403 out:404 type:b dur:2 cpbdur:2 q:36.48 aq:39.69 tex:778 mv:223 misc:407 imb:0 pmb:48 smb:3552 d:- ref:0 ;
in:408 out:405 type:P dur:2 cpbdur:2 q:36.44 aq:28.93 tex:19357 mv:1323 misc:592 imb:157 pmb:62 smb:3381 d:s ref:0 ;
in:406 out:406 type:B dur:2 cpbdur:2 q:36.46 aq:21.12 tex:34 mv:122 misc:412 imb:2 pmb:62 smb:3536 d:s ref:0 ;
in:405 out:407 type:b dur:2 cpbdur:2 q:36.48 aq:34.09 tex:251 mv:189 misc:392 imb:1 pmb:65 smb:3534 d:s ref:0 ;
in:407 out:408 type:b dur:2 cpbdur:2 q:36.45 aq:30.00 tex:0 mv:0 misc:216 imb:0 pmb:0 smb:3600 d:- ref:0 ;
in:412 out:409 type:P dur:2 cpbdur:2 q:36.32 aq:30.65 tex:1234 mv:159 misc:463 imb:9 pmb:32 smb:3559 d:s ref:0 ;
in:410 out:410 type:B dur:2 cpbdur:2 q:36.38 aq:28.00 tex:0 mv:0 misc:232 imb:0 pmb:0 smb:3600 d:s ref:0 ;
in:409 out:411 type:b dur:2 cpbdur:2 q:36.41 aq:30.00 tex:0 mv:0 misc:216 imb:0 pmb:0 smb:3600 d:s ref:0 ;
in:411 out:412 type:b dur:2 cpbdur:2 q:36.35 aq:30.00 tex:0 mv:0 misc:216 imb:0 pmb:0 smb:3600 d:- ref:0 ;
in:416 out:413 type:P dur:2 cpbdur:2 q:36.11 aq:25.61 tex:2781 mv:370 misc:521 imb:37 pmb:25 smb:3538 d:s ref:0 ;
in:414 out:414 type:B dur:2 cpbdur:2 q:36.21 aq:28.00 tex:25 mv:81 misc:246 imb:6 pmb:7 smb:3587 d:s ref:0 ;
in:413 out:415 type:b dur:2 cpbdur:2 q:36.27 aq:30.00 tex:2 mv:12 misc:226 imb:0 pmb:4 smb:3596 d:s ref:0 ;
in:415 out:416 type:b dur:2 cpbdur:2 q:36.16 aq:30.00 tex:5 mv:26 misc:233 imb:0 pmb:11 smb:3589 d:- ref:0 ;
in:420 out:417 type:P dur:2 cpbdur:2 q:35.86 aq:23.22 tex:16989 mv:1216 misc:659 imb:82 pmb:91 smb:3427 d:s ref:0 ;
in:418 out:418 type:B dur:2 cpbdur:2 q:35.99 aq:28.00 tex:8 mv:55 misc:321 imb:0 pmb:29 smb:3571 d:s ref:0 ;
in:417 out:419 type:b dur:2 cpbdur:2 q:36.05 aq:30.00 tex:0 mv:0 misc:216 imb:0 pmb:0 smb:3600 d:s ref:0 ;
in:419 out:420 type:b dur:2 cpbdur:2 q:35.92 aq:34.20 tex:2161 mv:612 misc:323 imb:38 pmb:51 smb:3511 d:- ref:0 ;
in:424 out:421 type:P dur:2 cpbdur:2 q:35.67 aq:26.16 tex:6346 mv:474 misc:692 imb:32 pmb:98 smb:3470 d:s ref:0 ;
in:422 out:422 type:B dur:2 cpbdur:2 q:35.77 aq:31.81 tex:40 mv:75 misc:301 imb:0 pmb:25 smb:3575 d:s ref:0 ;
in:421 out:423 type:b dur:2 cpbdur:2 q:35.81 aq:33.73 tex:85 mv:94 misc:261 imb:0 pmb:17 smb:3583 d:s ref:0 ;
in:423 out:424 type:b dur:2 cpbdur:2 q:35.72 aq:30.00 tex:5 mv:18 misc:225 imb:0 pmb:7 smb:3593 d:- ref:0 ;
in:428 out:425 type:P dur:2 cpbdur:2 q:35.63 aq:24.57 tex:10931 mv:1281 misc:612 imb:117 pmb:89 smb:3394 d:s ref:0 ;
in:426 out:426 type:B dur:2 cpbdur:2 q:35.65 aq:27.19 tex:268 mv:278 misc:414 imb:6 pmb:68 smb:3526 d:s ref:0 ;
in:425 out:427 type:b dur:2 cpbdur:2 q:35.66 aq:30.00 tex:5 mv:42 misc:249 imb:0 pmb:11 smb:3589 d:s ref:0 ;
in:427 out:428 type:b dur:2 cpbdur:2 q:35.64 aq:21.70 tex:64 mv:405 misc:419 imb:44 pmb:54 smb:3502 d:- ref:0 ;
in:432 out:429 type:P dur:2 cpbdur:2 q:35.70 aq:26.96 tex:3842 mv:461 misc:561 imb:13 pmb:64 smb:3523 d:s ref:0 ;
in:430 out:430 type:B dur:2 cpbdur:2 q:35.67 aq:33.67 tex:227 mv:246 misc:335 imb:0 pmb:31 smb:3569 d:s ref:0 ;
in:429 out:431 type:b dur:2 cpbdur:2 q:35.65 aq:30.61 tex:87 mv:86 misc:291 imb:0 pmb:18 smb:3582 d:s ref:0 ;
in:431 out:432 type:b dur:2 cpbdur:2 q:35.69 aq:30.13 tex:25 mv:86 misc:273 imb:0 pmb:9 smb:3591 d:- ref:0 ;
in:436 out:433 type:P dur:2 cpbdur:2 q:35.53 aq:32.67 tex:3152 mv:430 misc:538 imb:17 pmb:58 smb:3525 d:s ref:0 ;
in:434 out:434 type:B dur:2 cpbdur:2 q:35.62 aq:34.41 tex:121 mv:239 misc:320 imb:1 pmb:18 smb:3581 d:t ref:0 ;
in:433 out:435 type:b dur:2 cpbdur:2 q:35.66 aq:30.00 tex:1 mv:126 misc:265 imb:0 pmb:11 smb:3589 d:s ref:0 ;
in:435 out:436 type:b dur:2 cpbdur:2 q:35.58 aq:30.00 tex:6 mv:80 misc:258 imb:1 pmb:4 smb:3595 d:- ref:0 ;
in:440 out:437 type:P dur:2 cpbdur:2 q:35.34 aq:24.68 tex:4259 mv:405 misc:888 imb:24 pmb:118 smb:3458 d:s ref:0 ;
in:438 out:438 type:B dur:2 cpbdur:2 q:35.44 aq:34.39 tex:212 mv:136 misc:308 imb:1 pmb:15 smb:3584 d:t ref:0 ;
in:437 out:439 type:b dur:2 cpbdur:2 q:35.49 aq:29.75 tex:112 mv:80 misc:280 imb:0 pmb:10 smb:3590 d:s ref:0 ;
in:439 out:440 type:b dur:2 cpbdur:2 q:35.39 aq:29.66 tex:59 mv:109 misc:264 imb:0 pmb:8 smb:3592 d:- ref:0 ;
in:444 out:441 type:P dur:2 cpbdur:2 q:35.43 aq:26.86 tex:1901 mv:388 misc:511 imb:19 pmb:37 smb:3544 d:s ref:0 ;
in:442 out:442 type:B dur:2 cpbdur:2 q:35.39 aq:32.56 tex:80 mv:180 misc:316 imb:2 pmb:16 smb:3582 d:t ref:0 ;
in:441 out:443 type:b dur:2 cpbdur:2 q:35.37 aq:29.52 tex:44 mv:103 misc:277 imb:0 pmb:11 smb:3589 d:s ref:0 ;
in:443 out:444 type:b dur:2 cpbdur:2 q:35.41 aq:29.83 tex:121 mv:85 misc:274 imb:1 pmb:8 smb:3591 d:- ref:0 ;
in:448 out:445 type:P dur:2 cpbdur:2 q:35.31 aq:26.42 tex:1997 mv:432 misc:555 imb:29 pmb:44 smb:3527 d:s ref:0 ;
in:446 out:446 type:B dur:2 cpbdur:2 q:35.37 aq:34.23 tex:193 mv:284 misc:323 imb:2 pmb:31 smb:3567 d:t ref:0 ;
in:445 out:447 type:b dur:2 cpbdur:2 q:35.40 aq:29.38 tex:95 mv:147 misc:294 imb:2 pmb:12 smb:3586 d:s ref:0 ;
in:447 out:448 type:b dur:2 cpbdur:2 q:35.34 aq:29.00 tex:4 mv:102 misc:278 imb:0 pmb:15 smb:3585 d:- ref:0 ;
in:452 out:449 type:P dur:2 cpbdur:2 q:35.14 aq:22.99 tex:2985 mv:384 misc:655 imb:55 pmb:59 smb:3486 d:s ref:0 ;
in:450 out:450 type:B dur:2 cpbdur:2 q:35.22 aq:27.88 tex:208 mv:185 misc:319 imb:2 pmb:16 smb:3582 d:s ref:0 ;
in:449 out:451 type:b dur:2 cpbdur:2 q:35.27 aq:29.66 tex:43 mv:74 misc:259 imb:0 pmb:6 smb:3594 d:t ref:0 ;
in:451 out:452 type:b dur:2 cpbdur:2 q:35.18 aq:30.18 tex:38 mv:89 misc:265 imb:0 pmb:7 smb:3593 d:- ref:0 ;
in:456 out:453 type:P dur:2 cpbdur:2 q:34.95 aq:27.79 tex:2591 mv:338 misc:591 imb:17 pmb:45 smb:3538 d:s ref:0 ;
in:454 out:454 type:B dur:2 cpbdur:2 q:35.04 aq:33.69 tex:185 mv:249 misc:334 imb:1 pmb:20 smb:3579 d:t ref:0 ;
in:453 out:455 type:b dur:2 cpbdur:2 q:35.09 aq:29.33 tex:55 mv:130 misc:271 imb:1 pmb:10 smb:3589 d:s ref:0 ;
in:455 out:456 type:b dur:2 cpbdur:2 q:35.00 aq:29.40 tex:115 mv:99 misc:274 imb:2 pmb:9 smb:3589 d:- ref:0 ;
in:460 out:457 type:P dur:2 cpbdur:2 q:34.78 aq:29.33 tex:2762 mv:356 misc:538 imb:17 pmb:49 smb:3534 d:s ref:0 ;
in:458 out:458 type:B dur:2 cpbdur:2 q:34.87 aq:27.73 tex:161 mv:260 misc:331 imb:2 pmb:18 smb:3580 d:s ref:0 ;
in:457 out:459 type:b dur:2 cpbdur:2 q:34.91 aq:29.26 tex:34 mv:105 misc:269 imb:0 pmb:8 smb:3592 d:s ref:0 ;
in:459 out:460 type:b dur:2 cpbdur:2 q:34.82 aq:28.83 tex:78 mv:114 misc:272 imb:1 pmb:8 smb:3591 d:- ref:0 ;
in:464 out:461 type:P dur:2 cpbdur:2 q:34.49 aq:28.08 tex:2761 mv:417 misc:526 imb:27 pmb:44 smb:3529 d:s ref:0 ;
in:462 out:462 type:B dur:2 cpbdur:2 q:34.64 aq:33.16 tex:255 mv:179 misc:326 imb:1 pmb:18 smb:3581 d:t ref:0 ;
in:461 out:463 type:b dur:2 cpbdur:2 q:34.71 aq:29.48 tex:54 mv:134 misc:276 imb:1 pmb:8 smb:3591 d:s ref:0 ;
in:463 out:464 type:b dur:2 cpbdur:2 q:34.56 aq:29.44 tex:59 mv:75 misc:274 imb:1 pmb:7 smb:3592 d:- ref:0 ;
in:468 out:465 type:P dur:2 cpbdur:2 q:34.28 aq:23.26 tex:3440 mv:475 misc:653 imb:27 pmb:69 smb:3504 d:s ref:0 ;
in:466 out:466 type:B dur:2 cpbdur:2 q:34.39 aq:32.61 tex:200 mv:205 misc:323 imb:0 pmb:17 smb:3583 d:t ref:0 ;
in:465 out:467 type:b dur:2 cpbdur:2 q:34.44 aq:28.70 tex:77 mv:137 misc:266 imb:0 pmb:10 smb:3590 d:s ref:0 ;
in:467 out:468 type:b dur:2 cpbdur:2 q:34.34 aq:28.84 tex:99 mv:126 misc:287 imb:0 pmb:10 smb:3590 d:- ref:0 ;
in:472 out:469 type:P dur:2 cpbdur:2 q:34.09 aq:25.24 tex:3249 mv:454 misc:553 imb:24 pmb:54 smb:3522 d:s ref:0 ;
in:470 out:470 type:B dur:2 cpbdur:2 q:34.19 aq:26.72 tex:167 mv:195 misc:326 imb:0 pmb:18 smb:3582 d:t ref:0 ;
in:469 out:471 type:b dur:2 cpbdur:2 q:34.24 aq:28.91 tex:105 mv:162 misc:285 imb:1 pmb:13 smb:3586 d:s ref:0 ;
in:471 out:472 type:b dur:2 cpbdur:2 q:34.14 aq:28.00 tex:3 mv:102 misc:263 imb:0 pmb:8 smb:3592 d:- ref:0 ;
in:476 out:473 type:P dur:2 cpbdur:2 q:33.89 aq:24.38 tex:3860 mv:395 misc:745 imb:15 pmb:94 smb:3491 d:s ref:0 ;
in:474 out:474 type:B dur:2 cpbdur:2 q:33.99 aq:32.18 tex:264 mv:199 misc:321 imb:1 pmb:20 smb:3579 d:s ref:0 ;
in:473 out:475 type:b dur:2 cpbdur:2 q:34.04 aq:28.26 tex:47 mv:148 misc:277 imb:0 pmb:11 smb:3589 d:s ref:0 ;
in:475 out:476 type:b dur:2 cpbdur:2 q:33.94 aq:28.40 tex:34 mv:106 misc:276 imb:1 pmb:9 smb:3590 d:- ref:0 ;
in:480 out:477 type:P dur:2 cpbdur:2 q:33.79 aq:25.30 tex:3593 mv:432 misc:623 imb:20 pmb:68 smb:3512 d:s ref:0 ;
in:478 out:478 type:B dur:2 cpbdur:2 q:33.84 aq:31.51 tex:233 mv:242 misc:341 imb:4 pmb:18 smb:3578 d:t ref:0 ;
in:477 out:479 type:b dur:2 cpbdur:2 q:33.87 aq:28.48 tex:92 mv:134 misc:286 imb:0 pmb:13 smb:3587 d:s ref:0 ;
in:479 out:480 type:b dur:2 cpbdur:2 q:33.81 aq:28.57 tex:98 mv:92 misc:274 imb:0 pmb:9 smb:3591 d:- ref:0 ;
in:484 out:481 type:P dur:2 cpbdur:2 q:33.62 aq:21.91 tex:3091 mv:474 misc:595 imb:29 pmb:54 smb:3517 d:s ref:0 ;
in:482 out:482 type:B dur:2 cpbdur:2 q:33.70 aq:31.75 tex:266 mv:259 misc:323 imb:1 pmb:25 smb:3574 d:t ref:0 ;
in:481 out:483 type:b dur:2 cpbdur:2 q:33.74 aq:28.40 tex:85 mv:135 misc:276 imb:1 pmb:9 smb:3590 d:s ref:0 ;
in:483 out:484 type:b dur:2 cpbdur:2 q:33.66 aq:28.90 tex:113 mv:128 misc:279 imb:1 pmb:11 smb:3588 d:- ref:0 ;
in:488 out:485 type:P dur:2 cpbdur:2 q:33.42 aq:24.35 tex:42370 mv:1255 misc:639 imb:124 pmb:101 smb:3375 d:s ref:0 ;
in:486 out:486 type:B dur:2 cpbdur:2 q:33.52 aq:26.62 tex:403 mv:561 misc:532 imb:15 pmb:85 smb:3500 d:s ref:0 ;
in:485 out:487 type:b dur:2 cpbdur:2 q:33.57 aq:28.67 tex:79 mv:79 misc:258 imb:0 pmb:8 smb:3592 d:s ref:0 ;
in:487 out:488 type:b dur:2 cpbdur:2 q:33.47 aq:33.65 tex:1601 mv:881 misc:462 imb:5 pmb:91 smb:3504 d:- ref:0 ;
in:492 out:489 type:P dur:2 cpbdur:2 q:33.47 aq:26.10 tex:16538 mv:413 misc:505 imb:11 pmb:94 smb:3495 d:s ref:0 ;
in:490 out:490 type:B dur:2 cpbdur:2 q:33.45 aq:34.23 tex:541 mv:74 misc:377 imb:0 pmb:44 smb:3556 d:s ref:0 ;
in:489 out:491 type:b dur:2 cpbdur:2 q:33.44 aq:34.00 tex:1015 mv:138 misc:327 imb:1 pmb:41 smb:3558 d:s ref:0 ;
in:491 out:492 type:b dur:2 cpbdur:2 q:33.46 aq:27.00 tex:3 mv:12 misc:249 imb:0 pmb:5 smb:3595 d:- ref:0 ;
in:496 out:493 type:P dur:2 cpbdur:2 q:33.38 aq:25.59 tex:2740 mv:113 misc:531 imb:4 pmb:54 smb:3542 d:s ref:0 ;
in:494 out:494 type:B dur:2 cpbdur:2 q:33.42 aq:32.61 tex:33 mv:4 misc:243 imb:0 pmb:1 smb:3599 d:s ref:0 ;
in:493 out:495 type:b dur:2 cpbdur:2 q:33.45 aq:27.00 tex:0 mv:0 misc:216 imb:0 pmb:0 smb:3600 d:s ref:0 ;
in:495 out:496 type:b dur:2 cpbdur:2 q:33.40 aq:27.00 tex:0 mv:0 misc:216 imb:0 pmb:0 smb:3600 d:- ref:0 ;
in:497 out:497 type:P dur:2 cpbdur:2 q:33.12 aq:19.67 tex:20185 mv:1174 misc:793 imb:201 pmb:93 smb:3306 d:s ref:0 ;
in:501 out:498 type:P dur:2 cpbdur:2 q:33.12 aq:24.94 tex:3086 mv:475 misc:559 imb:22 pmb:48 smb:3530 d:s ref:0 ;
in:499 out:499 type:B dur:2 cpbdur:2 q:33.12 aq:32.36 tex:494 mv:285 misc:325 imb:0 pmb:23 smb:3577 d:s ref:0 ;
in:498 out:500 type:b dur:2 cpbdur:2 q:33.12 aq:27.68 tex:129 mv:142 misc:289 imb:0 pmb:16 smb:3584 d:s ref:0 ;
in:500 out:501 type:b dur:2 cpbdur:2 q:33.12 aq:27.90 tex:41 mv:160 misc:279 imb:0 pmb:12 smb:3588 d:- ref:0 ;
in:505 out:502 type:P dur:2 cpbdur:2 q:32.96 aq:27.63 tex:2765 mv:394 misc:465 imb:17 pmb:38 smb:3545 d:s ref:0 ;
in:503 out:503 type:B dur:2 cpbdur:2 q:33.04 aq:30.45 tex:241 mv:231 misc:336 imb:0 pmb:23 smb:3577 d:t ref:0 ;
in:502 out:504 type:b dur:2 cpbdur:2 q:33.08 aq:27.37 tex:68 mv:128 misc:260 imb:1 pmb:8 smb:3591 d:s ref:0 ;
in:504 out:505 type:b dur:2 cpbdur:2 q:33.00 aq:30.09 tex:186 mv:124 misc:298 imb:1 pmb:14 smb:3585 d:- ref:0 ;
in:509 out:506 type:P dur:2 cpbdur:2 q:32.77 aq:22.57 tex:5636 mv:688 misc:604 imb:52 pmb:64 smb:3484 d:s ref:0 ;
in:507 out:507 type:B dur:2 cpbdur:2 q:32.86 aq:30.68 tex:253 mv:403 misc:392 imb:12 pmb:41 smb:3547 d:s ref:0 ;
in:506 out:508 type:b dur:2 cpbdur:2 q:32.91 aq:27.34 tex:33 mv:139 misc:308 imb:0 pmb:34 smb:3566 d:s ref:0 ;
in:508 out:509 type:b dur:2 cpbdur:2 q:32.82 aq:27.43 tex:96 mv:186 misc:302 imb:4 pmb:16 smb:3580 d:- ref:0 ;
in:513 out:510 type:P dur:2 cpbdur:2 q:32.88 aq:27.66 tex:1641 mv:331 misc:396 imb:18 pmb:23 smb:3559 d:s ref:0 ;
in:511 out:511 type:B dur:2 cpbdur:2 q:32.83 aq:31.17 tex:309 mv:301 misc:326 imb:3 pmb:22 smb:3575 d:s ref:0 ;
in:510 out:512 type:b dur:2 cpbdur:2 q:32.80 aq:27.43 tex:136 mv:121 misc:279 imb:0 pmb:12 smb:3588 d:s ref:0 ;
in:512 out:513 type:b dur:2 cpbdur:2 q:32.85 aq:27.59 tex:74 mv:141 misc:289 imb:0 pmb:15 smb:3585 d:- ref:0 ;
in:517 out:514 type:P dur:2 cpbdur:2 q:32.88 aq:28.76 tex:1060 mv:336 misc:412 imb:31 pmb:12 smb:3557 d:s ref:0 ;
in:515 out:515 type:B dur:2 cpbdur:2 q:32.88 aq:31.43 tex:292 mv:294 misc:350 imb:2 pmb:29 smb:3569 d:s ref:0 ;
in:514 out:516 type:b dur:2 cpbdur:2 q:32.88 aq:27.62 tex:87 mv:124 misc:269 imb:0 pmb:10 smb:3590 d:s ref:0 ;
in:516 out:517 type:b dur:2 cpbdur:2 q:32.88 aq:27.23 tex:109 mv:207 misc:300 imb:1 pmb:19 smb:3580 d:- ref:0 ;
in:521 out:518 type:P dur:2 cpbdur:2 q:32.80 aq:28.50 tex:846 mv:297 misc:401 imb:61 pmb:8 smb:3531 d:s ref:0 ;
in:519 out:519 type:B dur:2 cpbdur:2 q:32.84 aq:28.99 tex:532 mv:309 misc:351 imb:5 pmb:27 smb:3568 d:t ref:0 ;
in:518 out:520 type:b dur:2 cpbdur:2 q:32.86 aq:27.14 tex:27 mv:78 misc:279 imb:0 pmb:11 smb:3589 d:t ref:0 ;
in:520 out:521 type:b dur:2 cpbdur:2 q:32.82 aq:27.79 tex:57 mv:128 misc:303 imb:0 pmb:13 smb:3587 d:- ref:0 ;
in:522 out:522 type:P dur:2 cpbdur:2 q:32.90 aq:27.02 tex:58005 mv:1503 misc:524 imb:196 pmb:61 smb:3343 d:s ref:0 ;
in:523 out:523 type:P dur:2 cpbdur:2 q:33.06 aq:27.87 tex:40703 mv:652 misc:509 imb:21 pmb:169 smb:3410 d:s ref:0 ;
in:527 out:524 type:P dur:2 cpbdur:2 q:33.19 aq:22.16 tex:29843 mv:553 misc:884 imb:18 pmb:200 smb:3382 d:s ref:0 ;
in:525 out:525 type:B dur:2 cpbdur:2 q:33.12 aq:32.72 tex:468 mv:99 misc:433 imb:1 pmb:56 smb:3543 d:s ref:0 ;
in:524 out:526 type:b dur:2 cpbdur:2 q:33.09 aq:32.42 tex:706 mv:103 misc:391 imb:1 pmb:53 smb:3546 d:s ref:0 ;
in:526 out:527 type:b dur:2 cpbdur:2 q:33.15 aq:27.00 tex:2 mv:6 misc:232 imb:0 pmb:2 smb:3598 d:- ref:0 ;
in:531 out:528 type:P dur:2 cpbdur:2 q:33.42 aq:24.57 tex:1566 mv:124 misc:502 imb:4 pmb:44 smb:3552 d:s ref:0 ;
in:529 out:529 type:B dur:2 cpbdur:2 q:33.30 aq:32.56 tex:36 mv:4 misc:240 imb:0 pmb:1 smb:3599 d:s ref:0 ;
in:528 out:530 type:b dur:2 cpbdur:2 q:33.24 aq:27.00 tex:2 mv:6 misc:232 imb:0 pmb:2 smb:3598 d:s ref:0 ;
in:530 out:531 type:b dur:2 cpbdur:2 q:33.36 aq:27.00 tex:0 mv:0 misc:216 imb:0 pmb:0 smb:3600 d:- ref:0 ;
in:535 out:532 type:P dur:2 cpbdur:2 q:33.17 aq:26.78 tex:8009 mv:421 misc:402 imb:30 pmb:33 smb:3537 d:s ref:0 ;
in:533 out:533 type:B dur:2 cpbdur:2 q:33.30 aq:31.61 tex:43 mv:47 misc:278 imb:0 pmb:27 smb:3573 d:s ref:0 ;
in:532 out:534 type:b dur:2 cpbdur:2 q:33.36 aq:27.00 tex:6 mv:38 misc:252 imb:0 pmb:22 smb:3578 d:s ref:0 ;
in:534 out:535 type:b dur:2 cpbdur:2 q:33.23 aq:27.00 tex:0 mv:0 misc:216 imb:0 pmb:0 smb:3600 d:- ref:0 ;
in:539 out:536 type:P dur:2 cpbdur:2 q:32.91 aq:26.01 tex:1953 mv:120 misc:503 imb:4 pmb:53 smb:3543 d:s ref:0 ;
in:537 out:537 type:B dur:2 cpbdur:2 q:33.04 aq:32.40 tex:35 mv:4 misc:241 imb:0 pmb:1 smb:3599 d:s ref:0 ;
in:536 out:538 type:b dur:2 cpbdur:2 q:33.11 aq:27.00 tex:3 mv:9 misc:228 imb:0 pmb:3 smb:3597 d:s ref:0 ;
in:538 out:539 type:b dur:2 cpbdur:2 q:32.98 aq:27.00 tex:0 mv:0 misc:216 imb:0 pmb:0 smb:3600 d:- ref:0 ;
in:543 out:540 type:P dur:2 cpbdur:2 q:32.67 aq:22.06 tex:3436 mv:346 misc:562 imb:43 pmb:58 smb:3499 d:s ref:0 ;
in:541 out:541 type:B dur:2 cpbdur:2 q:32.79 aq:31.61 tex:44 mv:48 misc:268 imb:0 pmb:25 smb:3575 d:s ref:0 ;
in:540 out:542 type:b dur:2 cpbdur:2 q:32.85 aq:27.00 tex:0 mv:0 misc:216 imb:0 pmb:0 smb:3600 d:s ref:0 ;
in:542 out:543 type:b dur:2 cpbdur:2 q:32.73 aq:27.00 tex:9 mv:68 misc:235 imb:0 pmb:24 smb:3576 d:- ref:0 ;
in:544 out:544 type:P dur:2 cpbdur:2 q:32.84 aq:27.85 tex:13287 mv:477 misc:548 imb:15 pmb:96 smb:3489 d:s ref:0 ;
in:545 out:545 type:P dur:2 cpbdur:2 q:33.23 aq:30.24 tex:14200 mv:368 misc:568 imb:2 pmb:132 smb:3466 d:s ref:0 ;
in:546 out:546 type:P dur:2 cpbdur:2 q:33.46 aq:29.78 tex:10286 mv:252 misc:574 imb:2 pmb:121 smb:3477 d:s ref:0 ;
in:547 out:547 type:P dur:2 cpbdur:2 q:33.46 aq:26.59 tex:13432 mv:405 misc:563 imb:6 pmb:149 smb:3445 d:s ref:0 ;
in:548 out:548 type:P dur:2 cpbdur:2 q:33.54 aq:27.87 tex:11908 mv:297 misc:515 imb:2 pmb:132 smb:3466 d:s ref:0 ;
in:549 out:549 type:P dur:2 cpbdur:2 q:33.53 aq:26.54 tex:15732 mv:276 misc:576 imb:2 pmb:163 smb:3435 d:s ref:0 ;
in:551 out:550 type:P dur:2 cpbdur:2 q:33.60 aq:26.77 tex:26262 mv:493 misc:661 imb:17 pmb:205 smb:3378 d:s ref:0 ;
in:550 out:551 type:b dur:2 cpbdur:2 q:33.57 aq:37.75 tex:985 mv:236 misc:467 imb:0 pmb:83 smb:3517 d:t ref:0 ;
in:553 out:552 type:P dur:2 cpbdur:2 q:33.68 aq:25.60 tex:23030 mv:354 misc:648 imb:1 pmb:192 smb:3407 d:s ref:0 ;
in:552 out:553 type:b dur:2 cpbdur:2 q:33.64 aq:36.30 tex:995 mv:280 misc:421 imb:0 pmb:55 smb:3545 d:t ref:0 ;
in:556 out:554 type:P dur:2 cpbdur:2 q:33.80 aq:25.72 tex:45469 mv:1643 misc:672 imb:148 pmb:194 smb:3258 d:s ref:0 ;
in:554 out:555 type:B dur:2 cpbdur:2 q:33.72 aq:29.54 tex:389 mv:395 misc:592 imb:6 pmb:100 smb:3494 d:s ref:0 ;
in:555 out:556 type:b dur:2 cpbdur:2 q:33.76 aq:34.25 tex:609 mv:373 misc:434 imb:7 pmb:73 smb:3520 d:- ref:0 ;
in:560 out:557 type:P dur:2 cpbdur:2 q:33.91 aq:28.14 tex:2208 mv:104 misc:584 imb:3 pmb:74 smb:3523 d:s ref:0 ;
in:558 out:558 type:B dur:2 cpbdur:2 q:33.85 aq:32.58 tex:37 mv:15 misc:252 imb:0 pmb:4 smb:3596 d:s ref:0 ;
in:557 out:559 type:b dur:2 cpbdur:2 q:33.82 aq:28.00 tex:0 mv:0 misc:216 imb:0 pmb:0 smb:3600 d:s ref:0 ;
in:559 out:560 type:b dur:2 cpbdur:2 q:33.88 aq:28.00 tex:0 mv:0 misc:216 imb:0 pmb:0 smb:3600 d:- ref:0 ;
in:564 out:561 type:P dur:2 cpbdur:2 q:33.84 aq:25.51 tex:1150 mv:124 misc:454 imb:8 pmb:31 smb:3561 d:s ref:0 ;
in:562 out:562 type:B dur:2 cpbdur:2 q:33.87 aq:26.00 tex:5 mv:24 misc:259 imb:0 pmb:9 smb:3591 d:s ref:0 ;
in:561 out:563 type:b dur:2 cpbdur:2 q:33.89 aq:28.00 tex:0 mv:0 misc:216 imb:0 pmb:0 smb:3600 d:s ref:0 ;
in:563 out:564 type:b dur:2 cpbdur:2 q:33.86 aq:28.00 tex:2 mv:14 misc:232 imb:0 pmb:5 smb:3595 d:- ref:0 ;
in:565 out:565 type:I dur:2 cpbdur:2 q:30.59 aq:17.26 tex:599402 mv:89251 misc:203 imb:3600 pmb:0 smb:0 d:s ref:;
in:569 out:566 type:P dur:2 cpbdur:2 q:37.67 aq:31.88 tex:16755 mv:798 misc:375 imb:110 pmb:17 smb:3473 d:s ref:0 ;
in:567 out:567 type:B dur:2 cpbdur:2 q:37.67 aq:32.00 tex:8 mv:85 misc:347 imb:1 pmb:39 smb:3560 d:s ref:0 ;
in:566 out:568 type:b dur:2 cpbdur:2 q:37.67 aq:32.00 tex:6 mv:48 misc:234 imb:1 pmb:12 smb:3587 d:s ref:0 ;
in:568 out:569 type:b dur:2 cpbdur:2 q:37.67 aq:32.00 tex:11 mv:77 misc:304 imb:2 pmb:28 smb:3570 d:- ref:0 ;
in:573 out:570 type:P dur:2 cpbdur:2 q:37.60 aq:28.72 tex:13985 mv:985 misc:398 imb:58 pmb:96 smb:3446 d:s ref:0 ;
in:571 out:571 type:B dur:2 cpbdur:2 q:37.63 aq:35.89 tex:63 mv:120 misc:361 imb:0 pmb:50 smb:3550 d:s ref:0 ;
in:570 out:572 type:b dur:2 cpbdur:2 q:37.65 aq:23.69 tex:33 mv:95 misc:336 imb:3 pmb:39 smb:3558 d:s ref:0 ;
in:572 out:573 type:b dur:2 cpbdur:2 q:37.62 aq:32.00 tex:0 mv:0 misc:216 imb:0 pmb:0 smb:3600 d:- ref:0 ;
in:577 out:574 type:P dur:2 cpbdur:2 q:37.72 aq:23.86 tex:2858 mv:495 misc:431 imb:21 pmb:48 smb:3531 d:s ref:0 ;
in:575 out:575 type:B dur:2 cpbdur:2 q:37.66 aq:30.00 tex:5 mv:63 misc:292 imb:0 pmb:21 smb:3579 d:s ref:0 ;
in:574 out:576 type:b dur:2 cpbdur:2 q:37.63 aq:32.00 tex:0 mv:14 misc:234 imb:0 pmb:4 smb:3596 d:s ref:0 ;
in:576 out:577 type:b dur:2 cpbdur:2 q:37.69 aq:36.13 tex:213 mv:19 misc:232 imb:0 pmb:6 smb:3594 d:- ref:0 ;
in:578 out:578 type:P dur:2 cpbdur:2 q:37.75 aq:27.10 tex:3782 mv:918 misc:556 imb:124 pmb:60 smb:3416 d:s ref:0 ;
in:582 out:579 type:P dur:2 cpbdur:2 q:37.73 aq:32.51 tex:4056 mv:322 misc:438 imb:14 pmb:32 smb:3554 d:s ref:0 ;
in:580 out:580 type:B dur:2 cpbdur:2 q:37.74 aq:35.64 tex:308 mv:162 misc:338 imb:0 pmb:26 smb:3574 d:s ref:0 ;
in:579 out:581 type:b dur:2 cpbdur:2 q:37.75 aq:32.49 tex:90 mv:123 misc:299 imb:0 pmb:18 smb:3582 d:s ref:0 ;
in:581 out:582 type:b dur:2 cpbdur:2 q:37.74 aq:32.00 tex:1 mv:54 misc:257 imb:0 pmb:5 smb:3595 d:- ref:0 ;
in:586 out:583 type:P dur:2 cpbdur:2 q:37.53 aq:30.04 tex:1104 mv:289 misc:455 imb:21 pmb:23 smb:3556 d:s ref:0 ;
in:584 out:584 type:B dur:2 cpbdur:2 q:37.63 aq:36.35 tex:99 mv:176 misc:317 imb:1 pmb:15 smb:3584 d:t ref:0 ;
in:583 out:585 type:b dur:2 cpbdur:2 q:37.68 aq:32.53 tex:75 mv:51 misc:250 imb:0 pmb:5 smb:3595 d:s ref:0 ;
in:585 out:586 type:b dur:2 cpbdur:2 q:37.58 aq:32.66 tex:35 mv:30 misc:247 imb:0 pmb:4 smb:3596 d:- ref:0 ;
in:590 out:587 type:P dur:2 cpbdur:2 q:38.30 aq:34.23 tex:636 mv:231 misc:349 imb:6 pmb:19 smb:3575 d:s ref:0 ;
in:588 out:588 type:B dur:2 cpbdur:2 q:37.91 aq:30.59 tex:82 mv:179 misc:307 imb:2 pmb:12 smb:3586 d:t ref:0 ;
in:587 out:589 type:b dur:2 cpbdur:2 q:37.72 aq:31.67 tex:14 mv:32 misc:234 imb:1 pmb:2 smb:3597 d:s ref:0 ;
in:589 out:590 type:b dur:2 cpbdur:2 q:38.11 aq:32.00 tex:3 mv:46 misc:247 imb:0 pmb:4 smb:3596 d:- ref:0 ;
in:594 out:591 type:P dur:2 cpbdur:2 q:38.21 aq:35.62 tex:781 mv:233 misc:370 imb:13 pmb:13 smb:3574 d:s ref:0 ;
in:592 out:592 type:B dur:2 cpbdur:2 q:38.26 aq:30.48 tex:182 mv:188 misc:318 imb:0 pmb:18 smb:3582 d:s ref:0 ;
in:591 out:593 type:b dur:2 cpbdur:2 q:38.28 aq:32.00 tex:0 mv:23 misc:241 imb:0 pmb:3 smb:3597 d:s ref:0 ;
in:593 out:594 type:b dur:2 cpbdur:2 q:38.23 aq:32.78 tex:37 mv:73 misc:266 imb:0 pmb:8 smb:3592 d:- ref:0 ;
in:598 out:595 type:P dur:2 cpbdur:2 q:38.13 aq:31.75 tex:570 mv:251 misc:371 imb:25 pmb:9 smb:3566 d:s ref:0 ;
in:596 out:596 type:B dur:2 cpbdur:2 q:38.17 aq:30.67 tex:127 mv:199 misc:322 imb:2 pmb:24 smb:3574 d:t ref:0 ;
in:595 out:597 type:b dur:2 cpbdur:2 q:38.19 aq:32.00 tex:1 mv:103 misc:264 imb:0 pmb:7 smb:3593 d:s ref:0 ;
in:597 out:598 type:b dur:2 cpbdur:2 q:38.15 aq:32.00 tex:3 mv:56 misc:261 imb:0 pmb:13 smb:3587 d:- ref:0 ;
in:602 out:599 type:P dur:2 cpbdur:2 q:38.28 aq:35.23 tex:520 mv:233 misc:391 imb:55 pmb:8 smb:3537 d:s ref:0 ;
in:600 out:600 type:B dur:2 cpbdur:2 q:38.20 aq:31.11 tex:89 mv:122 misc:301 imb:1 pmb:12 smb:3587 d:s ref:0 ;
in:599 out:601 type:b dur:2 cpbdur:2 q:38.17 aq:32.76 tex:61 mv:16 misc:243 imb:0 pmb:4 smb:3596 d:s ref:0 ;
in:601 out:602 type:b dur:2 cpbdur:2 q:38.24 aq:32.00 tex:3 mv:53 misc:248 imb:0 pmb:4 smb:3596 d:- ref:0 ;
in:606 out:603 type:P dur:2 cpbdur:2 q:38.18 aq:34.05 tex:940 mv:202 misc:378 imb:13 pmb:14 smb:3573 d:s ref:0 ;
in:604 out:604 type:B dur:2 cpbdur:2 q:38.23 aq:31.00 tex:98 mv:161 misc:301 imb:2 pmb:15 smb:3583 d:t ref:0 ;
in:603 out:605 type:b dur:2 cpbdur:2 q:38.25 aq:32.00 tex:1 mv:35 misc:260 imb:0 pmb:5 smb:3595 d:t ref:0 ;
in:605 out:606 type:b dur:2 cpbdur:2 q:38.20 aq:32.00 tex:0 mv:0 misc:216 imb:0 pmb:0 smb:3600 d:- ref:0 ;
in:610 out:607 type:P dur:2 cpbdur:2 q:38.01 aq:29.00 tex:1064 mv:328 misc:464 imb:14 pmb:30 smb:3556 d:s ref:0 ;
in:608 out:608 type:B dur:2 cpbdur:2 q:38.09 aq:37.34 tex:88 mv:216 misc:320 imb:0 pmb:18 smb:3582 d:t ref:0 ;
in:607 out:609 type:b dur:2 cpbdur:2 q:38.13 aq:32.00 tex:1 mv:69 misc:250 imb:0 pmb:5 smb:3595 d:s ref:0 ;
in:609 out:610 type:b dur:2 cpbdur:2 q:38.05 aq:32.00 tex:2 mv:90 misc:260 imb:0 pmb:7 smb:3593 d:- ref:0 ;
in:614 out:611 type:P dur:2 cpbdur:2 q:37.90 aq:31.71 tex:1022 mv:260 misc:414 imb:23 pmb:17 smb:3560 d:s ref:0 ;
in:612 out:612 type:B dur:2 cpbdur:2 q:37.95 aq:30.75 tex:158 mv:152 misc:306 imb:0 pmb:16 smb:3584 d:s ref:0 ;
in:611 out:613 type:b dur:2 cpbdur:2 q:37.98 aq:32.00 tex:1 mv:36 misc:235 imb:0 pmb:2 smb:3598 d:s ref:0 ;
in:613 out:614 type:b dur:2 cpbdur:2 q:37.93 aq:32.00 tex:1 mv:79 misc:256 imb:0 pmb:5 smb:3595 d:- ref:0 ;
in:618 out:615 type:P dur:2 cpbdur:2 q:37.73 aq:32.14 tex:846 mv:269 misc:429 imb:13 pmb:24 smb:3563 d:s ref:0 ;
in:616 out:616 type:B dur:2 cpbdur:2 q:37.81 aq:30.39 tex:40 mv:100 misc:300 imb:0 pmb:12 smb:3588 d:t ref:0 ;
in:615 out:617 type:b dur:2 cpbdur:2 q:37.86 aq:32.00 tex:3 mv:58 misc:251 imb:0 pmb:4 smb:3596 d:s ref:0 ;
in:617 out:618 type:b dur:2 cpbdur:2 q:37.77 aq:32.00 tex:3 mv:65 misc:260 imb:0 pmb:6 smb:3594 d:- ref:0 ;
in:622 out:619 type:P dur:2 cpbdur:2 q:37.29 aq:27.96 tex:2364 mv:327 misc:533 imb:25 pmb:39 smb:3536 d:s ref:0 ;
in:620 out:620 type:B dur:2 cpbdur:2 q:37.51 aq:36.48 tex:145 mv:197 misc:330 imb:0 pmb:20 smb:3580 d:t ref:0 ;
in:619 out:621 type:b dur:2 cpbdur:2 q:37.62 aq:32.00 tex:1 mv:50 misc:261 imb:0 pmb:6 smb:3594 d:s ref:0 ;
in:621 out:622 type:b dur:2 cpbdur:2 q:37.40 aq:31.00 tex:2 mv:78 misc:256 imb:0 pmb:5 smb:3595 d:- ref:0 ;
in:626 out:623 type:P dur:2 cpbdur:2 q:37.14 aq:26.58 tex:1041 mv:354 misc:437 imb:16 pmb:27 smb:3557 d:s ref:0 ;
in:624 out:624 type:B dur:2 cpbdur:2 q:37.21 aq:29.45 tex:101 mv:188 misc:311 imb:1 pmb:15 smb:3584 d:t ref:0 ;
in:623 out:625 type:b dur:2 cpbdur:2 q:37.25 aq:31.61 tex:33 mv:112 misc:271 imb:0 pmb:8 smb:3592 d:s ref:0 ;
in:625 out:626 type:b dur:2 cpbdur:2 q:37.18 aq:30.78 tex:13 mv:83 misc:256 imb:1 pmb:5 smb:3594 d:- ref:0 ;
in:630 out:627 type:P dur:2 cpbdur:2 q:36.99 aq:28.59 tex:1532 mv:336 misc:508 imb:19 pmb:35 smb:3546 d:s ref:0 ;
in:628 out:628 type:B dur:2 cpbdur:2 q:37.06 aq:30.01 tex:187 mv:160 misc:325 imb:0 pmb:21 smb:3579 d:t ref:0 ;
in:627 out:629 type:b dur:2 cpbdur:2 q:37.10 aq:32.05 tex:35 mv:55 misc:254 imb:0 pmb:4 smb:3596 d:s ref:0 ;
in:629 out:630 type:b dur:2 cpbdur:2 q:37.03 aq:32.05 tex:35 mv:79 misc:262 imb:0 pmb:6 smb:3594 d:- ref:0 ;
in:634 out:631 type:P dur:2 cpbdur:2 q:36.82 aq:27.36 tex:1414 mv:275 misc:511 imb:21 pmb:28 smb:3551 d:s ref:0 ;
in:632 out:632 type:B dur:2 cpbdur:2 q:36.91 aq:29.14 tex:85 mv:143 misc:324 imb:1 pmb:15 smb:3584 d:s ref:0 ;
in:631 out:633 type:b dur:2 cpbdur:2 q:36.95 aq:31.00 tex:0 mv:82 misc:270 imb:0 pmb:7 smb:3593 d:s ref:0 ;
in:633 out:634 type:b dur:2 cpbdur:2 q:36.86 aq:31.55 tex:32 mv:31 misc:249 imb:0 pmb:5 smb:3595 d:- ref:0 ;
in:638 out:635 type:P dur:2 cpbdur:2 q:36.71 aq:29.10 tex:1660 mv:317 misc:479 imb:22 pmb:29 smb:3549 d:s ref:0 ;
in:636 out:636 type:B dur:2 cpbdur:2 q:36.77 aq:30.42 tex:113 mv:208 misc:319 imb:0 pmb:19 smb:3581 d:t ref:0 ;
in:635 out:637 type:b dur:2 cpbdur:2 q:36.79 aq:31.53 tex:35 mv:85 misc:264 imb:0 pmb:6 smb:3594 d:s ref:0 ;
in:637 out:638 type:b dur:2 cpbdur:2 q:36.74 aq:31.42 tex:44 mv:104 misc:276 imb:1 pmb:8 smb:3591 d:- ref:0 ;
in:642 out:639 type:P dur:2 cpbdur:2 q:36.56 aq:26.79 tex:1508 mv:341 misc:543 imb:16 pmb:41 smb:3543 d:s ref:0 ;
in:640 out:640 type:B dur:2 cpbdur:2 q:36.64 aq:29.53 tex:141 mv:223 misc:308 imb:0 pmb:19 smb:3581 d:t ref:0 ;
in:639 out:641 type:b dur:2 cpbdur:2 q:36.67 aq:31.65 tex:39 mv:23 misc:242 imb:0 pmb:3 smb:3597 d:s ref:0 ;
in:641 out:642 type:b dur:2 cpbdur:2 q:36.60 aq:31.52 tex:31 mv:90 misc:263 imb:0 pmb:7 smb:3593 d:- ref:0 ;
in:646 out:643 type:P dur:2 cpbdur:2 q:36.46 aq:25.07 tex:1192 mv:361 misc:503 imb:18 pmb:32 smb:3550 d:s ref:0 ;
in:644 out:644 type:B dur:2 cpbdur:2 q:36.51 aq:35.20 tex:121 mv:221 misc:330 imb:1 pmb:17 smb:3582 d:s ref:0 ;
in:643 out:645 type:b dur:2 cpbdur:2 q:36.54 aq:31.33 tex:47 mv:46 misc:259 imb:0 pmb:6 smb:3594 d:s ref:0 ;
in:645 out:646 type:b dur:2 cpbdur:2 q:36.48 aq:31.44 tex:32 mv:71 misc:273 imb:1 pmb:6 smb:3593 d:- ref:0 ;
in:650 out:647 type:P dur:2 cpbdur:2 q:36.70 aq:28.61 tex:1437 mv:311 misc:444 imb:19 pmb:24 smb:3557 d:s ref:0 ;
in:648 out:648 type:B dur:2 cpbdur:2 q:36.58 aq:28.86 tex:86 mv:206 misc:316 imb:2 pmb:12 smb:3586 d:t ref:0 ;
in:647 out:649 type:b dur:2 cpbdur:2 q:36.52 aq:31.77 tex:53 mv:55 misc:252 imb:1 pmb:4 smb:3595 d:s ref:0 ;
in:649 out:650 type:b dur:2 cpbdur:2 q:36.64 aq:31.43 tex:37 mv:87 misc:268 imb:0 pmb:7 smb:3593 d:- ref:0 ;
in:654 out:651 type:P dur:2 cpbdur:2 q:36.59 aq:30.79 tex:1368 mv:311 misc:401 imb:21 pmb:19 smb:3560 d:s ref:0 ;
in:652 out:652 type:B dur:2 cpbdur:2 q:36.64 aq:34.84 tex:106 mv:183 misc:319 imb:0 pmb:17 smb:3583 d:s ref:0 ;
in:651 out:653 type:b dur:2 cpbdur:2 q:36.67 aq:31.00 tex:5 mv:79 misc:260 imb:0 pmb:8 smb:3592 d:s ref:0 ;
in:653 out:654 type:b dur:2 cpbdur:2 q:36.62 aq:31.92 tex:82 mv:67 misc:267 imb:0 pmb:8 smb:3592 d:- ref:0 ;
in:658 out:655 type:P dur:2 cpbdur:2 q:36.42 aq:27.73 tex:888 mv:320 misc:416 imb:16 pmb:21 smb:3563 d:s ref:0 ;
in:656 out:656 type:B dur:2 cpbdur:2 q:36.51 aq:30.01 tex:95 mv:253 misc:316 imb:0 pmb:19 smb:3581 d:t ref:0 ;
in:655 out:657 type:b dur:2 cpbdur:2 q:36.55 aq:31.43 tex:35 mv:85 misc:264 imb:0 pmb:6 smb:3594 d:s ref:0 ;
in:657 out:658 type:b dur:2 cpbdur:2 q:36.46 aq:31.10 tex:55 mv:87 misc:266 imb:1 pmb:6 smb:3593 d:- ref:0 ;
in:662 out:659 type:P dur:2 cpbdur:2 q:36.30 aq:31.70 tex:1577 mv:269 misc:442 imb:17 pmb:24 smb:3559 d:s ref:0 ;
in:660 out:660 type:B dur:2 cpbdur:2 q:36.36 aq:28.96 tex:189 mv:187 misc:304 imb:3 pmb:9 smb:3588 d:s ref:0 ;
in:659 out:661 type:b dur:2 cpbdur:2 q:36.39 aq:30.77 tex:32 mv:75 misc:253 imb:0 pmb:6 smb:3594 d:s ref:0 ;
in:661 out:662 type:b dur:2 cpbdur:2 q:36.33 aq:30.55 tex:59 mv:50 misc:259 imb:0 pmb:5 smb:3595 d:- ref:0 ;
in:666 out:663 type:P dur:2 cpbdur:2 q:36.14 aq:26.40 tex:1220 mv:353 misc:507 imb:14 pmb:35 smb:3551 d:s ref:0 ;
in:664 out:664 type:B dur:2 cpbdur:2 q:36.22 aq:28.26 tex:189 mv:226 misc:321 imb:2 pmb:19 smb:3579 d:t ref:0 ;
in:663 out:665 type:b dur:2 cpbdur:2 q:36.26 aq:30.00 tex:5 mv:63 misc:260 imb:0 pmb:6 smb:3594 d:s ref:0 ;
in:665 out:666 type:b dur:2 cpbdur:2 q:36.18 aq:30.70 tex:35 mv:59 misc:258 imb:0 pmb:6 smb:3594 d:- ref:0 ;
in:670 out:667 type:P dur:2 cpbdur:2 q:35.62 aq:25.69 tex:3291 mv:351 misc:566 imb:27 pmb:52 smb:3521 d:s ref:0 ;
in:668 out:668 type:B dur:2 cpbdur:2 q:35.88 aq:28.70 tex:207 mv:253 misc:324 imb:2 pmb:19 smb:3579 d:s ref:0 ;
in:667 out:669 type:b dur:2 cpbdur:2 q:36.01 aq:30.92 tex:44 mv:131 misc:265 imb:0 pmb:10 smb:3590 d:s ref:0 ;
in:669 out:670 type:b dur:2 cpbdur:2 q:35.75 aq:30.35 tex:34 mv:97 misc:269 imb:0 pmb:10 smb:3590 d:- ref:0 ;
in:674 out:671 type:P dur:2 cpbdur:2 q:35.47 aq:25.91 tex:1359 mv:340 misc:517 imb:24 pmb:30 smb:3546 d:s ref:0 ;
in:672 out:672 type:B dur:2 cpbdur:2 q:35.54 aq:29.14 tex:215 mv:197 misc:316 imb:0 pmb:19 smb:3581 d:s ref:0 ;
in:671 out:673 type:b dur:2 cpbdur:2 q:35.58 aq:30.67 tex:90 mv:71 misc:271 imb:0 pmb:9 smb:3591 d:s ref:0 ;
in:673 out:674 type:b dur:2 cpbdur:2 q:35.51 aq:30.00 tex:1 mv:105 misc:278 imb:0 pmb:9 smb:3591 d:- ref:0 ;
in:678 out:675 type:P dur:2 cpbdur:2 q:35.33 aq:25.79 tex:2502 mv:294 misc:548 imb:22 pmb:40 smb:3538 d:s ref:0 ;
in:676 out:676 type:B dur:2 cpbdur:2 q:35.40 aq:29.05 tex:64 mv:184 misc:320 imb:0 pmb:20 smb:3580 d:s ref:0 ;
in:675 out:677 type:b dur:2 cpbdur:2 q:35.43 aq:29.55 tex:33 mv:72 misc:271 imb:0 pmb:9 smb:3591 d:s ref:0 ;
in:677 out:678 type:b dur:2 cpbdur:2 q:35.36 aq:29.00 tex:5 mv:70 misc:269 imb:0 pmb:9 smb:3591 d:- ref:0 ;
in:682 out:679 type:P dur:2 cpbdur:2 q:35.18 aq:29.13 tex:1376 mv:373 misc:483 imb:17 pmb:31 smb:3552 d:s ref:0 ;
in:680 out:680 type:B dur:2 cpbdur:2 q:35.25 aq:34.49 tex:124 mv:237 misc:319 imb:1 pmb:19 smb:3580 d:s ref:0 ;
in:679 out:681 type:b dur:2 cpbdur:2 q:35.29 aq:29.79 tex:82 mv:131 misc:275 imb:0 pmb:10 smb:3590 d:s ref:0 ;
in:681 out:682 type:b dur:2 cpbdur:2 q:35.22 aq:29.79 tex:35 mv:117 misc:272 imb:0 pmb:9 smb:3591 d:- ref:0 ;
in:686 out:683 type:P dur:2 cpbdur:2 q:35.10 aq:27.81 tex:1341 mv:315 misc:456 imb:19 pmb:25 smb:3556 d:s ref:0 ;
in:684 out:684 type:B dur:2 cpbdur:2 q:35.14 aq:27.76 tex:190 mv:169 misc:305 imb:0 pmb:19 smb:3581 d:s ref:0 ;
in:683 out:685 type:b dur:2 cpbdur:2 q:35.16 aq:29.88 tex:60 mv:126 misc:278 imb:0 pmb:9 smb:3591 d:s ref:0 ;
in:685 out:686 type:b dur:2 cpbdur:2 q:35.12 aq:29.44 tex:55 mv:97 misc:264 imb:0 pmb:10 smb:3590 d:- ref:0 ;
in:690 out:687 type:P dur:2 cpbdur:2 q:34.95 aq:26.91 tex:2245 mv:444 misc:503 imb:20 pmb:42 smb:3538 d:s ref:0 ;
in:688 out:688 type:B dur:2 cpbdur:2 q:35.03 aq:27.51 tex:48 mv:156 misc:308 imb:0 pmb:19 smb:3581 d:t ref:0 ;
in:687 out:689 type:b dur:2 cpbdur:2 q:35.06 aq:29.52 tex:36 mv:42 misc:250 imb:0 pmb:5 smb:3595 d:s ref:0 ;
in:689 out:690 type:b dur:2 cpbdur:2 q:34.99 aq:29.44 tex:38 mv:79 misc:283 imb:0 pmb:10 smb:3590 d:- ref:0 ;
in:694 out:691 type:P dur:2 cpbdur:2 q:34.87 aq:25.54 tex:2177 mv:400 misc:503 imb:17 pmb:42 smb:3541 d:s ref:0 ;
in:692 out:692 type:B dur:2 cpbdur:2 q:34.91 aq:34.56 tex:104 mv:216 misc:328 imb:0 pmb:21 smb:3579 d:t ref:0 ;
in:691 out:693 type:b dur:2 cpbdur:2 q:34.93 aq:29.52 tex:37 mv:110 misc:269 imb:0 pmb:10 smb:3590 d:s ref:0 ;
in:693 out:694 type:b dur:2 cpbdur:2 q:34.89 aq:29.00 tex:4 mv:138 misc:274 imb:0 pmb:11 smb:3589 d:- ref:0 ;
in:698 out:695 type:P dur:2 cpbdur:2 q:35.23 aq:24.62 tex:2256 mv:398 misc:418 imb:32 pmb:21 smb:3547 d:s ref:0 ;
in:696 out:696 type:B dur:2 cpbdur:2 q:35.05 aq:27.14 tex:141 mv:252 misc:327 imb:6 pmb:14 smb:3580 d:s ref:0 ;
in:695 out:697 type:b dur:2 cpbdur:2 q:34.96 aq:29.00 tex:1 mv:157 misc:274 imb:0 pmb:9 smb:3591 d:t ref:0 ;
in:697 out:698 type:b dur:2 cpbdur:2 q:35.14 aq:29.60 tex:45 mv:103 misc:284 imb:0 pmb:11 smb:3589 d:- ref:0 ;
in:702 out:699 type:P dur:2 cpbdur:2 q:35.13 aq:25.38 tex:51935 mv:1268 misc:573 imb:132 pmb:81 smb:3387 d:s ref:0 ;
in:700 out:700 type:B dur:2 cpbdur:2 q:35.18 aq:36.54 tex:908 mv:113 misc:443 imb:1 pmb:75 smb:3524 d:s ref:0 ;
in:699 out:701 type:b dur:2 cpbdur:2 q:35.21 aq:35.30 tex:1373 mv:961 misc:434 imb:5 pmb:134 smb:3461 d:s ref:0 ;
in:701 out:702 type:b dur:2 cpbdur:2 q:35.16 aq:36.76 tex:274 mv:38 misc:264 imb:0 pmb:12 smb:3588 d:- ref:0 ;
in:706 out:703 type:P dur:2 cpbdur:2 q:35.14 aq:26.40 tex:1203 mv:131 misc:458 imb:6 pmb:30 smb:3564 d:s ref:0 ;
in:704 out:704 type:B dur:2 cpbdur:2 q:35.14 aq:34.56 tex:36 mv:4 misc:240 imb:0 pmb:1 smb:3599 d:s ref:0 ;
in:703 out:705 type:b dur:2 cpbdur:2 q:35.13 aq:29.00 tex:0 mv:0 misc:216 imb:0 pmb:0 smb:3600 d:s ref:0 ;
in:705 out:706 type:b dur:2 cpbdur:2 q:35.14 aq:29.00 tex:0 mv:0 misc:216 imb:0 pmb:0 smb:3600 d:- ref:0 ;
in:710 out:707 type:P dur:2 cpbdur:2 q:35.01 aq:27.58 tex:15999 mv:1092 misc:485 imb:217 pmb:28 smb:3355 d:s ref:0 ;
in:708 out:708 type:B dur:2 cpbdur:2 q:35.08 aq:27.19 tex:83 mv:203 misc:442 imb:11 pmb:58 smb:3531 d:s ref:0 ;
in:707 out:709 type:b dur:2 cpbdur:2 q:35.11 aq:29.00 tex:12 mv:45 misc:383 imb:0 pmb:50 smb:3550 d:s ref:0 ;
in:709 out:710 type:b dur:2 cpbdur:2 q:35.05 aq:29.43 tex:60 mv:122 misc:306 imb:0 pmb:16 smb:3584 d:- ref:0 ;
in:714 out:711 type:P dur:2 cpbdur:2 q:34.87 aq:29.03 tex:2347 mv:376 misc:557 imb:21 pmb:46 smb:3533 d:s ref:0 ;
in:712 out:712 type:B dur:2 cpbdur:2 q:34.94 aq:34.33 tex:417 mv:187 misc:348 imb:2 pmb:23 smb:3575 d:t ref:0 ;
in:711 out:713 type:b dur:2 cpbdur:2 q:34.98 aq:31.20 tex:119 mv:115 misc:278 imb:0 pmb:11 smb:3589 d:s ref:0 ;
in:713 out:714 type:b dur:2 cpbdur:2 q:34.91 aq:35.67 tex:252 mv:55 misc:277 imb:0 pmb:8 smb:3592 d:- ref:0 ;
in:718 out:715 type:P dur:2 cpbdur:2 q:34.25 aq:23.63 tex:4591 mv:643 misc:742 imb:62 pmb:77 smb:3461 d:s ref:0 ;
in:716 out:716 type:B dur:2 cpbdur:2 q:34.56 aq:36.12 tex:386 mv:249 misc:389 imb:1 pmb:52 smb:3547 d:s ref:0 ;
in:715 out:717 type:b dur:2 cpbdur:2 q:34.71 aq:36.17 tex:337 mv:84 misc:283 imb:0 pmb:13 smb:3587 d:s ref:0 ;
in:717 out:718 type:b dur:2 cpbdur:2 q:34.40 aq:35.47 tex:273 mv:197 misc:330 imb:0 pmb:38 smb:3562 d:- ref:0 ;
in:722 out:719 type:P dur:2 cpbdur:2 q:34.10 aq:22.44 tex:21583 mv:1513 misc:656 imb:236 pmb:70 smb:3294 d:s ref:0 ;
in:720 out:720 type:B dur:2 cpbdur:2 q:34.17 aq:33.07 tex:330 mv:369 misc:437 imb:0 pmb:67 smb:3533 d:s ref:0 ;
in:719 out:721 type:b dur:2 cpbdur:2 q:34.21 aq:26.01 tex:415 mv:273 misc:376 imb:1 pmb:58 smb:3541 d:s ref:0 ;
in:721 out:722 type:b dur:2 cpbdur:2 q:34.14 aq:28.01 tex:63 mv:223 misc:314 imb:0 pmb:21 smb:3579 d:- ref:0 ;
in:726 out:723 type:P dur:2 cpbdur:2 q:34.34 aq:24.06 tex:1503 mv:410 misc:495 imb:29 pmb:33 smb:3538 d:s ref:0 ;
in:724 out:724 type:B dur:2 cpbdur:2 q:34.22 aq:32.22 tex:193 mv:211 misc:332 imb:0 pmb:21 smb:3579 d:s ref:0 ;
in:723 out:725 type:b dur:2 cpbdur:2 q:34.16 aq:28.00 tex:2 mv:106 misc:276 imb:0 pmb:8 smb:3592 d:s ref:0 ;
in:725 out:726 type:b dur:2 cpbdur:2 q:34.28 aq:28.00 tex:1 mv:95 misc:264 imb:0 pmb:8 smb:3592 d:- ref:0 ;
in:730 out:727 type:P dur:2 cpbdur:2 q:34.21 aq:24.56 tex:1942 mv:373 misc:421 imb:25 pmb:22 smb:3553 d:s ref:0 ;
in:728 out:728 type:B dur:2 cpbdur:2 q:34.28 aq:32.79 tex:283 mv:254 misc:319 imb:4 pmb:25 smb:3571 d:t ref:0 ;
in:727 out:729 type:b dur:2 cpbdur:2 q:34.31 aq:28.00 tex:3 mv:88 misc:269 imb:0 pmb:12 smb:3588 d:s ref:0 ;
in:729 out:730 type:b dur:2 cpbdur:2 q:34.25 aq:28.42 tex:100 mv:140 misc:280 imb:1 pmb:11 smb:3588 d:- ref:0 ;
in:734 out:731 type:P dur:2 cpbdur:2 q:34.28 aq:22.28 tex:3374 mv:619 misc:887 imb:70 pmb:101 smb:3429 d:s ref:0 ;
in:732 out:732 type:B dur:2 cpbdur:2 q:34.25 aq:31.76 tex:148 mv:293 misc:367 imb:0 pmb:43 smb:3557 d:s ref:0 ;
in:731 out:733 type:b dur:2 cpbdur:2 q:34.23 aq:27.95 tex:61 mv:202 misc:337 imb:2 pmb:33 smb:3565 d:s ref:0 ;
in:733 out:734 type:b dur:2 cpbdur:2 q:34.26 aq:28.00 tex:2 mv:142 misc:272 imb:0 pmb:11 smb:3589 d:- ref:0 ;
in:738 out:735 type:P dur:2 cpbdur:2 q:34.34 aq:22.40 tex:1756 mv:362 misc:474 imb:28 pmb:29 smb:3543 d:s ref:0 ;
in:736 out:736 type:B dur:2 cpbdur:2 q:34.31 aq:32.31 tex:207 mv:184 misc:329 imb:1 pmb:16 smb:3583 d:s ref:0 ;
in:735 out:737 type:b dur:2 cpbdur:2 q:34.29 aq:28.57 tex:70 mv:48 misc:258 imb:1 pmb:4 smb:3595 d:s ref:0 ;
in:737 out:738 type:b dur:2 cpbdur:2 q:34.32 aq:28.45 tex:29 mv:95 misc:268 imb:0 pmb:7 smb:3593 d:- ref:0 ;
in:742 out:739 type:P dur:2 cpbdur:2 q:34.29 aq:25.65 tex:1354 mv:318 misc:416 imb:21 pmb:20 smb:3559 d:s ref:0 ;
in:740 out:740 type:B dur:2 cpbdur:2 q:34.31 aq:33.01 tex:194 mv:215 misc:327 imb:1 pmb:20 smb:3579 d:s ref:0 ;
in:739 out:741 type:b dur:2 cpbdur:2 q:34.32 aq:28.45 tex:39 mv:91 misc:270 imb:0 pmb:9 smb:3591 d:s ref:0 ;
in:741 out:742 type:b dur:2 cpbdur:2 q:34.30 aq:28.45 tex:40 mv:76 misc:284 imb:0 pmb:10 smb:3590 d:- ref:0 ;
in:746 out:743 type:P dur:2 cpbdur:2 q:34.81 aq:28.02 tex:898 mv:296 misc:406 imb:9 pmb:20 smb:3571 d:s ref:0 ;
in:744 out:744 type:B dur:2 cpbdur:2 q:34.55 aq:32.03 tex:157 mv:292 misc:311 imb:0 pmb:22 smb:3578 d:t ref:0 ;
in:743 out:745 type:b dur:2 cpbdur:2 q:34.42 aq:28.72 tex:119 mv:101 misc:268 imb:1 pmb:11 smb:3588 d:s ref:0 ;
in:745 out:746 type:b dur:2 cpbdur:2 q:34.68 aq:29.00 tex:3 mv:138 misc:267 imb:0 pmb:12 smb:3588 d:- ref:0 ;
in:750 out:747 type:P dur:2 cpbdur:2 q:34.65 aq:28.82 tex:703 mv:261 misc:380 imb:13 pmb:16 smb:3571 d:s ref:0 ;
in:748 out:748 type:B dur:2 cpbdur:2 q:34.73 aq:33.01 tex:197 mv:175 misc:316 imb:1 pmb:17 smb:3582 d:t ref:0 ;
in:747 out:749 type:b dur:2 cpbdur:2 q:34.77 aq:29.00 tex:3 mv:91 misc:266 imb:0 pmb:8 smb:3592 d:s ref:0 ;
in:749 out:750 type:b dur:2 cpbdur:2 q:34.69 aq:29.00 tex:1 mv:47 misc:240 imb:0 pmb:3 smb:3597 d:- ref:0 ;
in:754 out:751 type:P dur:2 cpbdur:2 q:34.44 aq:28.01 tex:1109 mv:258 misc:393 imb:18 pmb:13 smb:3569 d:s ref:0 ;
in:752 out:752 type:B dur:2 cpbdur:2 q:34.54 aq:33.40 tex:157 mv:188 misc:327 imb:0 pmb:18 smb:3582 d:t ref:0 ;
in:751 out:753 type:b dur:2 cpbdur:2 q:34.60 aq:29.18 tex:35 mv:59 misc:266 imb:0 pmb:6 smb:3594 d:s ref:0 ;
in:753 out:754 type:b dur:2 cpbdur:2 q:34.49 aq:29.36 tex:36 mv:123 misc:281 imb:0 pmb:13 smb:3587 d:- ref:0 ;
in:758 out:755 type:P dur:2 cpbdur:2 q:34.19 aq:27.01 tex:2358 mv:306 misc:424 imb:18 pmb:25 smb:3557 d:s ref:0 ;
in:756 out:756 type:B dur:2 cpbdur:2 q:34.31 aq:31.59 tex:168 mv:238 misc:314 imb:2 pmb:19 smb:3579 d:s ref:0 ;
in:755 out:757 type:b dur:2 cpbdur:2 q:34.38 aq:28.42 tex:56 mv:82 misc:270 imb:0 pmb:11 smb:3589 d:s ref:0 ;
in:757 out:758 type:b dur:2 cpbdur:2 q:34.25 aq:28.41 tex:37 mv:114 misc:273 imb:0 pmb:9 smb:3591 d:- ref:0 ;
in:762 out:759 type:P dur:2 cpbdur:2 q:33.96 aq:23.91 tex:3049 mv:393 misc:630 imb:12 pmb:60 smb:3528 d:s ref:0 ;
in:760 out:760 type:B dur:2 cpbdur:2 q:34.07 aq:31.76 tex:171 mv:216 misc:317 imb:1 pmb:18 smb:3581 d:s ref:0 ;
in:759 out:761 type:b dur:2 cpbdur:2 q:34.13 aq:28.54 tex:92 mv:138 misc:266 imb:0 pmb:11 smb:3589 d:s ref:0 ;
in:761 out:762 type:b dur:2 cpbdur:2 q:34.02 aq:28.90 tex:36 mv:57 misc:251 imb:0 pmb:5 smb:3595 d:- ref:0 ;
in:766 out:763 type:P dur:2 cpbdur:2 q:33.26 aq:22.35 tex:6905 mv:444 misc:899 imb:24 pmb:130 smb:3446 d:s ref:0 ;
in:764 out:764 type:B dur:2 cpbdur:2 q:33.61 aq:32.43 tex:139 mv:187 misc:314 imb:1 pmb:17 smb:3582 d:s ref:0 ;
in:763 out:765 type:b dur:2 cpbdur:2 q:33.79 aq:28.00 tex:2 mv:111 misc:263 imb:0 pmb:7 smb:3593 d:s ref:0 ;
in:765 out:766 type:b dur:2 cpbdur:2 q:33.44 aq:27.27 tex:40 mv:64 misc:264 imb:0 pmb:9 smb:3591 d:- ref:0 ;
in:770 out:767 type:P dur:2 cpbdur:2 q:33.07 aq:21.10 tex:3585 mv:407 misc:752 imb:15 pmb:86 smb:3499 d:s ref:0 ;
in:768 out:768 type:B dur:2 cpbdur:2 q:33.17 aq:30.66 tex:254 mv:260 misc:318 imb:2 pmb:20 smb:3578 d:t ref:0 ;
in:767 out:769 type:b dur:2 cpbdur:2 q:33.21 aq:27.19 tex:37 mv:123 misc:280 imb:0 pmb:10 smb:3590 d:s ref:0 ;
in:769 out:770 type:b dur:2 cpbdur:2 q:33.12 aq:27.67 tex:61 mv:120 misc:283 imb:0 pmb:13 smb:3587 d:- ref:0 ;
in:774 out:771 type:P dur:2 cpbdur:2 q:32.92 aq:22.12 tex:5023 mv:469 misc:980 imb:17 pmb:131 smb:3452 d:s ref:0 ;
in:772 out:772 type:B dur:2 cpbdur:2 q:33.00 aq:25.54 tex:112 mv:191 misc:313 imb:0 pmb:20 smb:3580 d:s ref:0 ;
in:771 out:773 type:b dur:2 cpbdur:2 q:33.03 aq:27.00 tex:5 mv:162 misc:281 imb:0 pmb:13 smb:3587 d:s ref:0 ;
in:773 out:774 type:b dur:2 cpbdur:2 q:32.96 aq:27.50 tex:92 mv:110 misc:270 imb:0 pmb:9 smb:3591 d:- ref:0 ;
in:778 out:775 type:P dur:2 cpbdur:2 q:32.85 aq:22.17 tex:4768 mv:407 misc:793 imb:21 pmb:95 smb:3484 d:s ref:0 ;
in:776 out:776 type:B dur:2 cpbdur:2 q:32.89 aq:32.57 tex:145 mv:243 misc:332 imb:1 pmb:21 smb:3578 d:s ref:0 ;
in:775 out:777 type:b dur:2 cpbdur:2 q:32.90 aq:27.45 tex:73 mv:110 misc:273 imb:0 pmb:9 smb:3591 d:s ref:0 ;
in:777 out:778 type:b dur:2 cpbdur:2 q:32.87 aq:27.40 tex:62 mv:113 misc:265 imb:0 pmb:9 smb:3591 d:- ref:0 ;
in:782 out:779 type:P dur:2 cpbdur:2 q:32.80 aq:21.35 tex:1804 mv:377 misc:555 imb:15 pmb:41 smb:3544 d:s ref:0 ;
in:780 out:780 type:B dur:2 cpbdur:2 q:32.83 aq:29.77 tex:244 mv:311 misc:317 imb:1 pmb:21 smb:3578 d:t ref:0 ;
in:779 out:781 type:b dur:2 cpbdur:2 q:32.84 aq:27.54 tex:88 mv:75 misc:269 imb:0 pmb:8 smb:3592 d:s ref:0 ;
in:781 out:782 type:b dur:2 cpbdur:2 q:32.81 aq:27.28 tex:44 mv:108 misc:272 imb:0 pmb:9 smb:3591 d:- ref:0 ;
in:786 out:783 type:P dur:2 cpbdur:2 q:32.66 aq:22.67 tex:2667 mv:372 misc:617 imb:17 pmb:49 smb:3534 d:s ref:0 ;
in:784 out:784 type:B dur:2 cpbdur:2 q:32.73 aq:30.74 tex:200 mv:258 misc:342 imb:0 pmb:24 smb:3576 d:s ref:0 ;
in:783 out:785 type:b dur:2 cpbdur:2 q:32.77 aq:27.32 tex:39 mv:125 misc:284 imb:0 pmb:10 smb:3590 d:s ref:0 ;
in:785 out:786 type:b dur:2 cpbdur:2 q:32.70 aq:27.23 tex:28 mv:167 misc:285 imb:1 pmb:13 smb:3586 d:- ref:0 ;
in:790 out:787 type:P dur:2 cpbdur:2 q:32.62 aq:24.58 tex:2605 mv:414 misc:533 imb:16 pmb:44 smb:3540 d:s ref:0 ;
in:788 out:788 type:B dur:2 cpbdur:2 q:32.64 aq:31.61 tex:126 mv:292 misc:318 imb:0 pmb:18 smb:3582 d:s ref:0 ;
in:787 out:789 type:b dur:2 cpbdur:2 q:32.65 aq:27.34 tex:123 mv:112 misc:277 imb:1 pmb:12 smb:3587 d:t ref:0 ;
in:789 out:790 type:b dur:2 cpbdur:2 q:32.63 aq:27.57 tex:40 mv:143 misc:281 imb:0 pmb:12 smb:3588 d:- ref:0 ;
in:794 out:791 type:P dur:2 cpbdur:2 q:33.22 aq:26.94 tex:1451 mv:317 misc:416 imb:19 pmb:18 smb:3563 d:s ref:0 ;
in:792 out:792 type:B dur:2 cpbdur:2 q:32.92 aq:30.00 tex:201 mv:233 misc:318 imb:2 pmb:16 smb:3582 d:s ref:0 ;
in:791 out:793 type:b dur:2 cpbdur:2 q:32.77 aq:27.43 tex:123 mv:113 misc:284 imb:0 pmb:10 smb:3590 d:s ref:0 ;
in:793 out:794 type:b dur:2 cpbdur:2 q:33.07 aq:27.14 tex:96 mv:64 misc:280 imb:1 pmb:9 smb:3590 d:- ref:0 ;
in:798 out:795 type:P dur:2 cpbdur:2 q:33.09 aq:26.95 tex:1056 mv:352 misc:408 imb:12 pmb:22 smb:3566 d:s ref:0 ;
in:796 out:796 type:B dur:2 cpbdur:2 q:33.16 aq:25.71 tex:206 mv:198 misc:324 imb:0 pmb:21 smb:3579 d:s ref:0 ;
in:795 out:797 type:b dur:2 cpbdur:2 q:33.19 aq:27.03 tex:56 mv:145 misc:279 imb:1 pmb:8 smb:3591 d:s ref:0 ;
in:797 out:798 type:b dur:2 cpbdur:2 q:33.12 aq:27.00 tex:3 mv:95 misc:262 imb:0 pmb:9 smb:3591 d:- ref:0 ;
in:802 out:799 type:P dur:2 cpbdur:2 q:32.89 aq:27.38 tex:1625 mv:335 misc:400 imb:14 pmb:21 smb:3565 d:s ref:0 ;
in:800 out:800 type:B dur:2 cpbdur:2 q:32.99 aq:32.28 tex:288 mv:256 misc:312 imb:1 pmb:20 smb:3579 d:t ref:0 ;
in:799 out:801 type:b dur:2 cpbdur:2 q:33.04 aq:27.00 tex:1 mv:124 misc:291 imb:0 pmb:11 smb:3589 d:t ref:0 ;
in:801 out:802 type:b dur:2 cpbdur:2 q:32.94 aq:27.46 tex:40 mv:88 misc:288 imb:0 pmb:10 smb:3590 d:- ref:0 ;
in:806 out:803 type:P dur:2 cpbdur:2 q:32.78 aq:21.92 tex:1005 mv:349 misc:414 imb:16 pmb:22 smb:3562 d:s ref:0 ;
in:804 out:804 type:B dur:2 cpbdur:2 q:32.84 aq:29.48 tex:157 mv:255 misc:316 imb:2 pmb:17 smb:3581 d:t ref:0 ;
in:803 out:805 type:b dur:2 cpbdur:2 q:32.87 aq:27.32 tex:125 mv:185 misc:290 imb:0 pmb:15 smb:3585 d:t ref:0 ;
in:805 out:806 type:b dur:2 cpbdur:2 q:32.81 aq:27.09 tex:30 mv:135 misc:283 imb:0 pmb:10 smb:3590 d:- ref:0 ;
in:810 out:807 type:P dur:2 cpbdur:2 q:32.60 aq:26.24 tex:1435 mv:357 misc:416 imb:14 pmb:25 smb:3561 d:s ref:0 ;
in:808 out:808 type:B dur:2 cpbdur:2 q:32.69 aq:25.36 tex:243 mv:263 misc:326 imb:2 pmb:22 smb:3576 d:t ref:0 ;
in:807 out:809 type:b dur:2 cpbdur:2 q:32.74 aq:27.41 tex:86 mv:95 misc:267 imb:0 pmb:10 smb:3590 d:s ref:0 ;
in:809 out:810 type:b dur:2 cpbdur:2 q:32.64 aq:27.49 tex:72 mv:148 misc:284 imb:0 pmb:11 smb:3589 d:- ref:0 ;
in:814 out:811 type:P dur:2 cpbdur:2 q:31.73 aq:20.63 tex:6675 mv:562 misc:987 imb:25 pmb:144 smb:3431 d:s ref:0 ;
in:812 out:812 type:B dur:2 cpbdur:2 q:32.16 aq:31.15 tex:315 mv:269 misc:320 imb:5 pmb:21 smb:3574 d:t ref:0 ;
in:811 out:813 type:b dur:2 cpbdur:2 q:32.38 aq:26.09 tex:83 mv:134 misc:279 imb:0 pmb:12 smb:3588 d:s ref:0 ;
in:813 out:814 type:b dur:2 cpbdur:2 q:31.94 aq:25.80 tex:79 mv:107 misc:294 imb:2 pmb:10 smb:3588 d:- ref:0 ;
in:815 out:815 type:I dur:2 cpbdur:2 q:29.92 aq:15.99 tex:597285 mv:87206 misc:181 imb:3600 pmb:0 smb:0 d:s ref:;
in:819 out:816 type:P dur:2 cpbdur:2 q:35.51 aq:25.47 tex:45516 mv:1627 misc:641 imb:145 pmb:90 smb:3365 d:s ref:0 ;
in:817 out:817 type:B dur:2 cpbdur:2 q:35.51 aq:34.99 tex:724 mv:163 misc:481 imb:0 pmb:85 smb:3515 d:s ref:0 ;
in:816 out:818 type:b dur:2 cpbdur:2 q:35.51 aq:37.64 tex:944 mv:1208 misc:472 imb:5 pmb:126 smb:3469 d:s ref:0 ;
in:818 out:819 type:b dur:2 cpbdur:2 q:35.51 aq:37.09 tex:141 mv:27 misc:248 imb:0 pmb:9 smb:3591 d:- ref:0 ;
in:823 out:820 type:P dur:2 cpbdur:2 q:35.51 aq:28.95 tex:495 mv:66 misc:351 imb:3 pmb:11 smb:3586 d:s ref:0 ;
in:821 out:821 type:B dur:2 cpbdur:2 q:35.51 aq:33.67 tex:31 mv:4 misc:245 imb:0 pmb:1 smb:3599 d:s ref:0 ;
in:820 out:822 type:b dur:2 cpbdur:2 q:35.51 aq:30.00 tex:0 mv:0 misc:216 imb:0 pmb:0 smb:3600 d:s ref:0 ;
in:822 out:823 type:b dur:2 cpbdur:2 q:35.51 aq:30.00 tex:0 mv:0 misc:216 imb:0 pmb:0 smb:3600 d:- ref:0 ;
in:827 out:824 type:P dur:2 cpbdur:2 q:35.37 aq:26.21 tex:7072 mv:398 misc:442 imb:29 pmb:33 smb:3538 d:s ref:0 ;
in:825 out:825 type:B dur:2 cpbdur:2 q:35.44 aq:33.76 tex:38 mv:44 misc:294 imb:0 pmb:16 smb:3584 d:s ref:0 ;
in:824 out:826 type:b dur:2 cpbdur:2 q:35.48 aq:29.00 tex:0 mv:0 misc:216 imb:0 pmb:0 smb:3600 d:s ref:0 ;
in:826 out:827 type:b dur:2 cpbdur:2 q:35.41 aq:29.00 tex:2 mv:18 misc:252 imb:0 pmb:6 smb:3594 d:- ref:0 ;
in:831 out:828 type:P dur:2 cpbdur:2 q:35.24 aq:29.04 tex:265 mv:28 misc:307 imb:1 pmb:5 smb:3594 d:s ref:0 ;
in:829 out:829 type:B dur:2 cpbdur:2 q:35.31 aq:34.56 tex:36 mv:4 misc:240 imb:0 pmb:1 smb:3599 d:s ref:0 ;
in:828 out:830 type:b dur:2 cpbdur:2 q:35.34 aq:29.00 tex:0 mv:0 misc:216 imb:0 pmb:0 smb:3600 d:s ref:0 ;
in:830 out:831 type:b dur:2 cpbdur:2 q:35.28 aq:29.00 tex:0 mv:0 misc:216 imb:0 pmb:0 smb:3600 d:- ref:0 ;
in:835 out:832 type:P dur:2 cpbdur:2 q:35.10 aq:28.32 tex:795 mv:241 misc:404 imb:37 pmb:10 smb:3553 d:s ref:0 ;
in:833 out:833 type:B dur:2 cpbdur:2 q:35.17 aq:33.61 tex:43 mv:47 misc:262 imb:0 pmb:25 smb:3575 d:s ref:0 ;
in:832 out:834 type:b dur:2 cpbdur:2 q:35.21 aq:29.00 tex:0 mv:0 misc:216 imb:0 pmb:0 smb:3600 d:s ref:0 ;
in:834 out:835 type:b dur:2 cpbdur:2 q:35.13 aq:29.00 tex:7 mv:40 misc:233 imb:0 pmb:23 smb:3577 d:- ref:0 ;
in:839 out:836 type:P dur:2 cpbdur:2 q:34.99 aq:30.66 tex:20740 mv:626 misc:754 imb:22 pmb:172 smb:3406 d:s ref:0 ;
in:837 out:837 type:B dur:2 cpbdur:2 q:35.04 aq:33.51 tex:62 mv:149 misc:549 imb:2 pmb:85 smb:3513 d:s ref:0 ;
in:836 out:838 type:b dur:2 cpbdur:2 q:35.07 aq:29.00 tex:0 mv:0 misc:216 imb:0 pmb:0 smb:3600 d:s ref:0 ;
in:838 out:839 type:b dur:2 cpbdur:2 q:35.01 aq:34.86 tex:879 mv:290 misc:519 imb:1 pmb:87 smb:3512 d:- ref:0 ;
in:840 out:840 type:P dur:2 cpbdur:2 q:35.76 aq:29.38 tex:10164 mv:383 misc:645 imb:2 pmb:143 smb:3455 d:s ref:0 ;
in:841 out:841 type:P dur:2 cpbdur:2 q:35.78 aq:29.49 tex:10780 mv:357 misc:663 imb:3 pmb:153 smb:3444 d:s ref:0 ;
in:843 out:842 type:P dur:2 cpbdur:2 q:35.81 aq:28.83 tex:24422 mv:495 misc:715 imb:4 pmb:230 smb:3366 d:s ref:0 ;
in:842 out:843 type:b dur:2 cpbdur:2 q:35.80 aq:38.87 tex:766 mv:228 misc:510 imb:0 pmb:82 smb:3518 d:s ref:0 ;
in:844 out:844 type:P dur:2 cpbdur:2 q:35.86 aq:29.51 tex:18685 mv:429 misc:718 imb:3 pmb:191 smb:3406 d:s ref:0 ;
in:846 out:845 type:P dur:2 cpbdur:2 q:35.90 aq:28.39 tex:23269 mv:692 misc:775 imb:14 pmb:234 smb:3352 d:s ref:0 ;
in:845 out:846 type:b dur:2 cpbdur:2 q:35.88 aq:39.04 tex:1156 mv:274 misc:498 imb:1 pmb:70 smb:3529 d:t ref:0 ;
in:850 out:847 type:P dur:2 cpbdur:2 q:35.97 aq:27.70 tex:52204 mv:2026 misc:818 imb:157 pmb:258 smb:3185 d:s ref:0 ;
in:848 out:848 type:B dur:2 cpbdur:2 q:35.93 aq:38.98 tex:1839 mv:374 misc:651 imb:3 pmb:137 smb:3460 d:s ref:0 ;
in:847 out:849 type:b dur:2 cpbdur:2 q:35.92 aq:38.76 tex:1340 mv:328 misc:524 imb:0 pmb:93 smb:3507 d:s ref:0 ;
in:849 out:850 type:b dur:2 cpbdur:2 q:35.95 aq:33.22 tex:1027 mv:467 misc:482 imb:14 pmb:74 smb:3512 d:- ref:0 ;
in:854 out:851 type:P dur:2 cpbdur:2 q:36.07 aq:28.86 tex:3045 mv:175 misc:716 imb:5 pmb:112 smb:3483 d:s ref:0 ;
in:852 out:852 type:B dur:2 cpbdur:2 q:36.02 aq:32.94 tex:72 mv:8 misc:256 imb:0 pmb:2 smb:3598 d:s ref:0 ;
in:851 out:853 type:b dur:2 cpbdur:2 q:36.00 aq:30.00 tex:0 mv:0 misc:216 imb:0 pmb:0 smb:3600 d:s ref:0 ;
in:853 out:854 type:b dur:2 cpbdur:2 q:36.05 aq:30.00 tex:0 mv:0 misc:216 imb:0 pmb:0 smb:3600 d:- ref:0 ;
in:858 out:855 type:P dur:2 cpbdur:2 q:35.97 aq:24.30 tex:4233 mv:241 misc:838 imb:14 pmb:135 smb:3451 d:s ref:0 ;
in:856 out:856 type:B dur:2 cpbdur:2 q:36.02 aq:33.96 tex:40 mv:21 misc:259 imb:0 pmb:7 smb:3593 d:s ref:0 ;
in:855 out:857 type:b dur:2 cpbdur:2 q:36.05 aq:30.00 tex:0 mv:0 misc:216 imb:0 pmb:0 smb:3600 d:s ref:0 ;
in:857 out:858 type:b dur:2 cpbdur:2 q:35.99 aq:30.00 tex:2 mv:12 misc:226 imb:0 pmb:4 smb:3596 d:- ref:0 ;
in:862 out:859 type:P dur:2 cpbdur:2 q:35.96 aq:24.87 tex:3204 mv:321 misc:603 imb:26 pmb:57 smb:3517 d:s ref:0 ;
in:860 out:860 type:B dur:2 cpbdur:2 q:35.96 aq:28.00 tex:7 mv:23 misc:250 imb:0 pmb:12 smb:3588 d:s ref:0 ;
in:859 out:861 type:b dur:2 cpbdur:2 q:35.97 aq:30.00 tex:5 mv:26 misc:233 imb:0 pmb:11 smb:3589 d:s ref:0 ;
in:861 out:862 type:b dur:2 cpbdur:2 q:35.96 aq:30.00 tex:0 mv:0 misc:216 imb:0 pmb:0 smb:3600 d:- ref:0 ;
in:864 out:863 type:P dur:2 cpbdur:2 q:35.82 aq:24.01 tex:26764 mv:1260 misc:560 imb:98 pmb:73 smb:3429 d:s ref:0 ;
in:863 out:864 type:b dur:2 cpbdur:2 q:35.89 aq:38.71 tex:1532 mv:448 misc:404 imb:15 pmb:56 smb:3529 d:s ref:0 ;
in:868 out:865 type:P dur:2 cpbdur:2 q:35.94 aq:25.73 tex:4440 mv:293 misc:539 imb:12 pmb:73 smb:3515 d:s ref:0 ;
in:866 out:866 type:B dur:2 cpbdur:2 q:35.88 aq:31.81 tex:76 mv:52 misc:280 imb:0 pmb:17 smb:3583 d:s ref:0 ;
in:865 out:867 type:b dur:2 cpbdur:2 q:35.85 aq:30.00 tex:2 mv:51 misc:251 imb:0 pmb:12 smb:3588 d:s ref:0 ;
in:867 out:868 type:b dur:2 cpbdur:2 q:35.91 aq:30.00 tex:0 mv:0 misc:216 imb:0 pmb:0 smb:3600 d:- ref:0 ;
in:872 out:869 type:P dur:2 cpbdur:2 q:36.21 aq:24.21 tex:13861 mv:1515 misc:512 imb:178 pmb:68 smb:3354 d:s ref:0 ;
in:870 out:870 type:B dur:2 cpbdur:2 q:36.08 aq:34.69 tex:443 mv:338 misc:427 imb:11 pmb:64 smb:3525 d:s ref:0 ;
in:869 out:871 type:b dur:2 cpbdur:2 q:36.01 aq:30.00 tex:4 mv:48 misc:252 imb:0 pmb:15 smb:3585 d:s ref:0 ;
in:871 out:872 type:b dur:2 cpbdur:2 q:36.14 aq:21.78 tex:70 mv:248 misc:418 imb:13 pmb:62 smb:3525 d:- ref:0 ;
in:876 out:873 type:P dur:2 cpbdur:2 q:36.14 aq:26.61 tex:6107 mv:422 misc:615 imb:26 pmb:59 smb:3515 d:s ref:0 ;
in:874 out:874 type:B dur:2 cpbdur:2 q:36.17 aq:28.79 tex:204 mv:187 misc:329 imb:0 pmb:29 smb:3571 d:s ref:0 ;
in:873 out:875 type:b dur:2 cpbdur:2 q:36.19 aq:30.66 tex:65 mv:99 misc:292 imb:0 pmb:17 smb:3583 d:s ref:0 ;
in:875 out:876 type:b dur:2 cpbdur:2 q:36.16 aq:30.77 tex:78 mv:104 misc:266 imb:0 pmb:13 smb:3587 d:- ref:0 ;
in:880 out:877 type:P dur:2 cpbdur:2 q:36.04 aq:26.97 tex:1364 mv:348 misc:504 imb:14 pmb:35 smb:3551 d:s ref:0 ;
in:878 out:878 type:B dur:2 cpbdur:2 q:36.09 aq:35.30 tex:87 mv:219 misc:326 imb:2 pmb:16 smb:3582 d:s ref:0 ;
in:877 out:879 type:b dur:2 cpbdur:2 q:36.11 aq:30.72 tex:96 mv:75 misc:269 imb:0 pmb:8 smb:3592 d:s ref:0 ;
in:879 out:880 type:b dur:2 cpbdur:2 q:36.06 aq:30.00 tex:3 mv:80 misc:261 imb:0 pmb:6 smb:3594 d:- ref:0 ;
in:884 out:881 type:P dur:2 cpbdur:2 q:35.90 aq:28.64 tex:2725 mv:348 misc:503 imb:19 pmb:43 smb:3538 d:s ref:0 ;
in:882 out:882 type:B dur:2 cpbdur:2 q:35.97 aq:32.79 tex:179 mv:175 misc:318 imb:0 pmb:15 smb:3585 d:s ref:0 ;
in:881 out:883 type:b dur:2 cpbdur:2 q:36.00 aq:30.55 tex:65 mv:116 misc:275 imb:2 pmb:7 smb:3591 d:s ref:0 ;
in:883 out:884 type:b dur:2 cpbdur:2 q:35.94 aq:30.00 tex:5 mv:136 misc:275 imb:0 pmb:10 smb:3590 d:- ref:0 ;
in:888 out:885 type:P dur:2 cpbdur:2 q:35.89 aq:27.95 tex:1926 mv:279 misc:483 imb:16 pmb:35 smb:3549 d:s ref:0 ;
in:886 out:886 type:B dur:2 cpbdur:2 q:35.90 aq:28.89 tex:252 mv:160 misc:324 imb:2 pmb:17 smb:3581 d:s ref:0 ;
in:885 out:887 type:b dur:2 cpbdur:2 q:35.90 aq:30.39 tex:75 mv:104 misc:269 imb:1 pmb:10 smb:3589 d:s ref:0 ;
in:887 out:888 type:b dur:2 cpbdur:2 q:35.90 aq:30.87 tex:41 mv:82 misc:269 imb:1 pmb:7 smb:3592 d:- ref:0 ;
in:892 out:889 type:P dur:2 cpbdur:2 q:35.76 aq:28.02 tex:2157 mv:390 misc:573 imb:33 pmb:46 smb:3521 d:s ref:0 ;
in:890 out:890 type:B dur:2 cpbdur:2 q:35.83 aq:35.17 tex:72 mv:235 misc:333 imb:0 pmb:27 smb:3573 d:s ref:0 ;
in:889 out:891 type:b dur:2 cpbdur:2 q:35.86 aq:30.48 tex:102 mv:91 misc:263 imb:1 pmb:8 smb:3591 d:s ref:0 ;
in:891 out:892 type:b dur:2 cpbdur:2 q:35.79 aq:30.00 tex:7 mv:84 misc:269 imb:1 pmb:13 smb:3586 d:- ref:0 ;
in:896 out:893 type:P dur:2 cpbdur:2 q:35.99 aq:29.60 tex:781 mv:354 misc:409 imb:60 pmb:15 smb:3525 d:s ref:0 ;
in:894 out:894 type:B dur:2 cpbdur:2 q:35.88 aq:32.90 tex:179 mv:218 misc:339 imb:1 pmb:22 smb:3577 d:t ref:0 ;
in:893 out:895 type:b dur:2 cpbdur:2 q:35.82 aq:30.66 tex:37 mv:135 misc:276 imb:0 pmb:10 smb:3590 d:s ref:0 ;
in:895 out:896 type:b dur:2 cpbdur:2 q:35.94 aq:30.33 tex:42 mv:74 misc:268 imb:0 pmb:7 smb:3593 d:- ref:0 ;
in:900 out:897 type:P dur:2 cpbdur:2 q:35.94 aq:25.50 tex:2113 mv:352 misc:639 imb:20 pmb:61 smb:3519 d:s ref:0 ;
in:898 out:898 type:B dur:2 cpbdur:2 q:35.97 aq:28.88 tex:180 mv:178 misc:322 imb:2 pmb:16 smb:3582 d:s ref:0 ;
in:897 out:899 type:b dur:2 cpbdur:2 q:35.98 aq:29.73 tex:12 mv:60 misc:256 imb:1 pmb:5 smb:3594 d:s ref:0 ;
in:899 out:900 type:b dur:2 cpbdur:2 q:35.95 aq:30.62 tex:37 mv:73 misc:274 imb:0 pmb:8 smb:3592 d:- ref:0 ;
in:904 out:901 type:P dur:2 cpbdur:2 q:35.89 aq:26.53 tex:1947 mv:328 misc:533 imb:18 pmb:39 smb:3543 d:s ref:0 ;
in:902 out:902 type:B dur:2 cpbdur:2 q:35.91 aq:35.33 tex:127 mv:226 misc:319 imb:1 pmb:17 smb:3582 d:s ref:0 ;
in:901 out:903 type:b dur:2 cpbdur:2 q:35.93 aq:30.00 tex:2 mv:101 misc:257 imb:0 pmb:7 smb:3593 d:s ref:0 ;
in:903 out:904 type:b dur:2 cpbdur:2 q:35.90 aq:30.00 tex:2 mv:143 misc:279 imb:0 pmb:10 smb:3590 d:- ref:0 ;
in:908 out:905 type:P dur:2 cpbdur:2 q:35.79 aq:28.51 tex:2050 mv:346 misc:564 imb:15 pmb:49 smb:3536 d:s ref:0 ;
in:906 out:906 type:B dur:2 cpbdur:2 q:35.84 aq:33.13 tex:211 mv:205 misc:328 imb:1 pmb:17 smb:3582 d:t ref:0 ;
in:905 out:907 type:b dur:2 cpbdur:2 q:35.86 aq:30.33 tex:30 mv:48 misc:250 imb:0 pmb:5 smb:3595 d:s ref:0 ;
in:907 out:908 type:b dur:2 cpbdur:2 q:35.81 aq:30.00 tex:2 mv:116 misc:266 imb:0 pmb:8 smb:3592 d:- ref:0 ;
in:912 out:909 type:P dur:2 cpbdur:2 q:35.67 aq:27.72 tex:1964 mv:319 misc:509 imb:15 pmb:37 smb:3548 d:s ref:0 ;
in:910 out:910 type:B dur:2 cpbdur:2 q:35.73 aq:28.58 tex:124 mv:254 misc:310 imb:3 pmb:16 smb:3581 d:s ref:0 ;
in:909 out:911 type:b dur:2 cpbdur:2 q:35.76 aq:29.83 tex:41 mv:37 misc:242 imb:2 pmb:3 smb:3595 d:s ref:0 ;
in:911 out:912 type:b dur:2 cpbdur:2 q:35.70 aq:30.59 tex:58 mv:83 misc:259 imb:1 pmb:6 smb:3593 d:- ref:0 ;
in:916 out:913 type:P dur:2 cpbdur:2 q:35.22 aq:24.65 tex:4612 mv:438 misc:734 imb:18 pmb:90 smb:3492 d:s ref:0 ;
in:914 out:914 type:B dur:2 cpbdur:2 q:35.44 aq:33.88 tex:168 mv:228 misc:308 imb:1 pmb:21 smb:3578 d:t ref:0 ;
in:913 out:915 type:b dur:2 cpbdur:2 q:35.56 aq:30.00 tex:1 mv:88 misc:271 imb:0 pmb:9 smb:3591 d:t ref:0 ;
in:915 out:916 type:b dur:2 cpbdur:2 q:35.33 aq:29.44 tex:31 mv:69 misc:260 imb:0 pmb:8 smb:3592 d:- ref:0 ;
in:920 out:917 type:P dur:2 cpbdur:2 q:35.08 aq:25.37 tex:3751 mv:384 misc:681 imb:24 pmb:62 smb:3514 d:s ref:0 ;
in:918 out:918 type:B dur:2 cpbdur:2 q:35.15 aq:32.93 tex:122 mv:258 misc:332 imb:0 pmb:18 smb:3582 d:t ref:0 ;
in:917 out:919 type:b dur:2 cpbdur:2 q:35.18 aq:29.78 tex:76 mv:99 misc:273 imb:0 pmb:10 smb:3590 d:s ref:0 ;
in:919 out:920 type:b dur:2 cpbdur:2 q:35.11 aq:30.05 tex:39 mv:91 misc:262 imb:0 pmb:7 smb:3593 d:- ref:0 ;
in:924 out:921 type:P dur:2 cpbdur:2 q:34.94 aq:25.11 tex:2371 mv:349 misc:576 imb:21 pmb:50 smb:3529 d:s ref:0 ;
in:922 out:922 type:B dur:2 cpbdur:2 q:35.01 aq:27.53 tex:140 mv:179 misc:329 imb:1 pmb:18 smb:3581 d:t ref:0 ;
in:921 out:923 type:b dur:2 cpbdur:2 q:35.04 aq:28.75 tex:50 mv:111 misc:279 imb:1 pmb:9 smb:3590 d:s ref:0 ;
in:923 out:924 type:b dur:2 cpbdur:2 q:34.97 aq:29.92 tex:50 mv:62 misc:264 imb:0 pmb:6 smb:3594 d:- ref:0 ;
in:928 out:925 type:P dur:2 cpbdur:2 q:34.82 aq:25.41 tex:5483 mv:385 misc:716 imb:20 pmb:109 smb:3471 d:s ref:0 ;
in:926 out:926 type:B dur:2 cpbdur:2 q:34.88 aq:34.33 tex:238 mv:212 misc:310 imb:0 pmb:23 smb:3577 d:s ref:0 ;
in:925 out:927 type:b dur:2 cpbdur:2 q:34.91 aq:29.62 tex:44 mv:83 misc:257 imb:1 pmb:7 smb:3592 d:s ref:0 ;
in:927 out:928 type:b dur:2 cpbdur:2 q:34.85 aq:29.61 tex:51 mv:90 misc:259 imb:1 pmb:8 smb:3591 d:- ref:0 ;
in:932 out:929 type:P dur:2 cpbdur:2 q:34.71 aq:24.19 tex:4409 mv:390 misc:681 imb:16 pmb:85 smb:3499 d:s ref:0 ;
in:930 out:930 type:B dur:2 cpbdur:2 q:34.77 aq:31.87 tex:136 mv:266 misc:326 imb:0 pmb:21 smb:3579 d:t ref:0 ;
in:929 out:931 type:b dur:2 cpbdur:2 q:34.80 aq:29.00 tex:1 mv:81 misc:262 imb:0 pmb:7 smb:3593 d:s ref:0 ;
in:931 out:932 type:b dur:2 cpbdur:2 q:34.74 aq:29.32 tex:39 mv:111 misc:274 imb:0 pmb:10 smb:3590 d:- ref:0 ;
in:936 out:933 type:P dur:2 cpbdur:2 q:34.62 aq:25.41 tex:2244 mv:343 misc:549 imb:21 pmb:48 smb:3531 d:s ref:0 ;
in:934 out:934 type:B dur:2 cpbdur:2 q:34.67 aq:27.85 tex:184 mv:199 misc:329 imb:0 pmb:17 smb:3583 d:s ref:0 ;
in:933 out:935 type:b dur:2 cpbdur:2 q:34.69 aq:29.00 tex:4 mv:137 misc:283 imb:0 pmb:11 smb:3589 d:s ref:0 ;
in:935 out:936 type:b dur:2 cpbdur:2 q:34.64 aq:29.00 tex:1 mv:109 misc:274 imb:0 pmb:7 smb:3593 d:- ref:0 ;
in:940 out:937 type:P dur:2 cpbdur:2 q:34.52 aq:25.13 tex:3387 mv:355 misc:690 imb:14 pmb:77 smb:3509 d:s ref:0 ;
in:938 out:938 type:B dur:2 cpbdur:2 q:34.57 aq:33.74 tex:129 mv:204 misc:323 imb:0 pmb:18 smb:3582 d:s ref:0 ;
in:937 out:939 type:b dur:2 cpbdur:2 q:34.59 aq:29.26 tex:73 mv:76 misc:259 imb:0 pmb:8 smb:3592 d:s ref:0 ;
in:939 out:940 type:b dur:2 cpbdur:2 q:34.54 aq:29.79 tex:33 mv:93 misc:266 imb:0 pmb:7 smb:3593 d:- ref:0 ;
in:944 out:941 type:P dur:2 cpbdur:2 q:34.86 aq:27.57 tex:1483 mv:369 misc:444 imb:20 pmb:27 smb:3553 d:s ref:0 ;
in:942 out:942 type:B dur:2 cpbdur:2 q:34.69 aq:31.57 tex:182 mv:200 misc:330 imb:2 pmb:17 smb:3581 d:t ref:0 ;
in:941 out:943 type:b dur:2 cpbdur:2 q:34.60 aq:29.83 tex:76 mv:115 misc:281 imb:1 pmb:11 smb:3588 d:s ref:0 ;
in:943 out:944 type:b dur:2 cpbdur:2 q:34.77 aq:29.00 tex:3 mv:77 misc:264 imb:0 pmb:8 smb:3592 d:- ref:0 ;
in:948 out:945 type:P dur:2 cpbdur:2 q:34.80 aq:27.22 tex:1414 mv:286 misc:396 imb:20 pmb:15 smb:3565 d:s ref:0 ;
in:946 out:946 type:B dur:2 cpbdur:2 q:34.83 aq:27.79 tex:173 mv:239 misc:324 imb:0 pmb:18 smb:3582 d:s ref:0 ;
in:945 out:947 type:b dur:2 cpbdur:2 q:34.84 aq:29.88 tex:64 mv:156 misc:292 imb:0 pmb:13 smb:3587 d:s ref:0 ;
in:947 out:948 type:b dur:2 cpbdur:2 q:34.81 aq:29.87 tex:94 mv:81 misc:273 imb:0 pmb:10 smb:3590 d:- ref:0 ;
in:952 out:949 type:P dur:2 cpbdur:2 q:34.72 aq:27.69 tex:1208 mv:280 misc:368 imb:15 pmb:16 smb:3569 d:s ref:0 ;
in:950 out:950 type:B dur:2 cpbdur:2 q:34.76 aq:34.27 tex:235 mv:166 misc:303 imb:3 pmb:14 smb:3583 d:t ref:0 ;
in:949 out:951 type:b dur:2 cpbdur:2 q:34.78 aq:29.73 tex:113 mv:130 misc:277 imb:1 pmb:8 smb:3591 d:t ref:0 ;
in:951 out:952 type:b dur:2 cpbdur:2 q:34.74 aq:29.00 tex:3 mv:67 misc:250 imb:0 pmb:5 smb:3595 d:- ref:0 ;
in:956 out:953 type:P dur:2 cpbdur:2 q:34.63 aq:25.77 tex:1545 mv:327 misc:408 imb:22 pmb:20 smb:3558 d:s ref:0 ;
in:954 out:954 type:B dur:2 cpbdur:2 q:34.67 aq:31.85 tex:274 mv:225 misc:309 imb:1 pmb:21 smb:3578 d:t ref:0 ;
in:953 out:955 type:b dur:2 cpbdur:2 q:34.70 aq:29.39 tex:45 mv:122 misc:273 imb:0 pmb:10 smb:3590 d:s ref:0 ;
in:955 out:956 type:b dur:2 cpbdur:2 q:34.65 aq:29.72 tex:151 mv:85 misc:268 imb:0 pmb:11 smb:3589 d:- ref:0 ;
in:960 out:957 type:P dur:2 cpbdur:2 q:34.52 aq:25.77 tex:2547 mv:367 misc:534 imb:16 pmb:44 smb:3540 d:s ref:0 ;
in:958 out:958 type:B dur:2 cpbdur:2 q:34.57 aq:32.57 tex:152 mv:231 misc:337 imb:1 pmb:20 smb:3579 d:t ref:0 ;
in:957 out:959 type:b dur:2 cpbdur:2 q:34.60 aq:29.33 tex:72 mv:124 misc:284 imb:0 pmb:10 smb:3590 d:s ref:0 ;
in:959 out:960 type:b dur:2 cpbdur:2 q:34.55 aq:29.59 tex:61 mv:105 misc:274 imb:0 pmb:9 smb:3591 d:- ref:0 ;
in:964 out:961 type:P dur:2 cpbdur:2 q:33.97 aq:23.22 tex:9185 mv:426 misc:1173 imb:25 pmb:204 smb:3371 d:s ref:0 ;
in:962 out:962 type:B dur:2 cpbdur:2 q:34.24 aq:33.21 tex:227 mv:196 misc:329 imb:1 pmb:20 smb:3579 d:s ref:0 ;
in:961 out:963 type:b dur:2 cpbdur:2 q:34.38 aq:28.00 tex:2 mv:96 misc:262 imb:0 pmb:6 smb:3594 d:s ref:0 ;
in:963 out:964 type:b dur:2 cpbdur:2 q:34.11 aq:28.75 tex:110 mv:104 misc:266 imb:1 pmb:8 smb:3591 d:- ref:0 ;
in:968 out:965 type:P dur:2 cpbdur:2 q:33.82 aq:23.94 tex:5960 mv:438 misc:850 imb:13 pmb:124 smb:3463 d:s ref:0 ;
in:966 out:966 type:B dur:2 cpbdur:2 q:33.90 aq:30.88 tex:375 mv:259 misc:334 imb:0 pmb:26 smb:3574 d:t ref:0 ;
in:965 out:967 type:b dur:2 cpbdur:2 q:33.93 aq:28.97 tex:81 mv:128 misc:263 imb:0 pmb:9 smb:3591 d:s ref:0 ;
in:967 out:968 type:b dur:2 cpbdur:2 q:33.86 aq:28.00 tex:2 mv:119 misc:279 imb:0 pmb:10 smb:3590 d:- ref:0 ;
in:972 out:969 type:P dur:2 cpbdur:2 q:33.73 aq:24.74 tex:8935 mv:435 misc:822 imb:27 pmb:120 smb:3453 d:s ref:0 ;
in:970 out:970 type:B dur:2 cpbdur:2 q:33.78 aq:26.21 tex:193 mv:289 misc:366 imb:1 pmb:27 smb:3572 d:s ref:0 ;
in:969 out:971 type:b dur:2 cpbdur:2 q:33.80 aq:35.47 tex:304 mv:162 misc:326 imb:1 pmb:20 smb:3579 d:s ref:0 ;
in:971 out:972 type:b dur:2 cpbdur:2 q:33.75 aq:28.22 tex:62 mv:154 misc:280 imb:0 pmb:12 smb:3588 d:- ref:0 ;
in:976 out:973 type:P dur:2 cpbdur:2 q:33.64 aq:25.17 tex:3861 mv:335 misc:628 imb:16 pmb:66 smb:3518 d:s ref:0 ;
in:974 out:974 type:B dur:2 cpbdur:2 q:33.68 aq:26.78 tex:196 mv:198 misc:302 imb:2 pmb:17 smb:3581 d:s ref:0 ;
in:973 out:975 type:b dur:2 cpbdur:2 q:33.71 aq:28.33 tex:35 mv:116 misc:281 imb:0 pmb:10 smb:3590 d:s ref:0 ;
in:975 out:976 type:b dur:2 cpbdur:2 q:33.66 aq:28.00 tex:3 mv:44 misc:265 imb:0 pmb:6 smb:3594 d:- ref:0 ;
in:980 out:977 type:P dur:2 cpbdur:2 q:33.52 aq:22.73 tex:4501 mv:393 misc:874 imb:16 pmb:107 smb:3477 d:s ref:0 ;
in:978 out:978 type:B dur:2 cpbdur:2 q:33.58 aq:30.72 tex:377 mv:220 misc:315 imb:0 pmb:22 smb:3578 d:s ref:0 ;
in:977 out:979 type:b dur:2 cpbdur:2 q:33.61 aq:28.92 tex:127 mv:137 misc:280 imb:0 pmb:10 smb:3590 d:s ref:0 ;
in:979 out:980 type:b dur:2 cpbdur:2 q:33.55 aq:28.79 tex:136 mv:174 misc:290 imb:0 pmb:15 smb:3585 d:- ref:0 ;
in:984 out:981 type:P dur:2 cpbdur:2 q:33.43 aq:22.59 tex:4072 mv:400 misc:704 imb:19 pmb:75 smb:3506 d:s ref:0 ;
in:982 out:982 type:B dur:2 cpbdur:2 q:33.47 aq:26.74 tex:254 mv:239 misc:323 imb:2 pmb:18 smb:3580 d:s ref:0 ;
in:981 out:983 type:b dur:2 cpbdur:2 q:33.50 aq:28.62 tex:106 mv:93 misc:273 imb:1 pmb:9 smb:3590 d:s ref:0 ;
in:983 out:984 type:b dur:2 cpbdur:2 q:33.45 aq:27.83 tex:113 mv:141 misc:290 imb:0 pmb:13 smb:3587 d:- ref:0 ;
in:988 out:985 type:P dur:2 cpbdur:2 q:33.40 aq:25.16 tex:3633 mv:400 misc:583 imb:22 pmb:54 smb:3524 d:s ref:0 ;
in:986 out:986 type:B dur:2 cpbdur:2 q:33.41 aq:28.47 tex:187 mv:223 misc:326 imb:1 pmb:20 smb:3579 d:s ref:0 ;
in:985 out:987 type:b dur:2 cpbdur:2 q:33.42 aq:27.92 tex:87 mv:143 misc:290 imb:0 pmb:15 smb:3585 d:s ref:0 ;
in:987 out:988 type:b dur:2 cpbdur:2 q:33.41 aq:27.66 tex:41 mv:113 misc:278 imb:0 pmb:9 smb:3591 d:- ref:0 ;
in:992 out:989 type:P dur:2 cpbdur:2 q:33.83 aq:26.46 tex:1529 mv:298 misc:389 imb:22 pmb:18 smb:3560 d:s ref:0 ;
in:990 out:990 type:B dur:2 cpbdur:2 q:33.61 aq:31.01 tex:235 mv:196 misc:321 imb:1 pmb:19 smb:3580 d:s ref:0 ;
in:989 out:991 type:b dur:2 cpbdur:2 q:33.51 aq:28.42 tex:62 mv:63 misc:259 imb:0 pmb:7 smb:3593 d:s ref:0 ;
in:991 out:992 type:b dur:2 cpbdur:2 q:33.72 aq:28.83 tex:70 mv:152 misc:282 imb:0 pmb:12 smb:3588 d:- ref:0 ;
in:996 out:993 type:P dur:2 cpbdur:2 q:33.81 aq:26.39 tex:1127 mv:339 misc:422 imb:16 pmb:23 smb:3561 d:s ref:0 ;
in:994 out:994 type:B dur:2 cpbdur:2 q:33.82 aq:27.13 tex:335 mv:300 misc:341 imb:2 pmb:22 smb:3576 d:t ref:0 ;
in:993 out:995 type:b dur:2 cpbdur:2 q:33.82 aq:29.05 tex:72 mv:140 misc:284 imb:0 pmb:12 smb:3588 d:s ref:0 ;
in:995 out:996 type:b dur:2 cpbdur:2 q:33.82 aq:28.17 tex:14 mv:112 misc:274 imb:1 pmb:8 smb:3591 d:- ref:0 ;
in:1000 out:997 type:P dur:2 cpbdur:2 q:33.73 aq:26.84 tex:1187 mv:219 misc:370 imb:19 pmb:8 smb:3573 d:s ref:0 ;
in:998 out:998 type:B dur:2 cpbdur:2 q:33.77 aq:33.02 tex:325 mv:224 misc:323 imb:1 pmb:17 smb:3582 d:s ref:0 ;
in:997 out:999 type:b dur:2 cpbdur:2 q:33.79 aq:28.72 tex:82 mv:115 misc:275 imb:0 pmb:9 smb:3591 d:s ref:0 ;
in:999 out:1000 type:b dur:2 cpbdur:2 q:33.75 aq:28.76 tex:100 mv:104 misc:284 imb:0 pmb:10 smb:3590 d:- ref:0 ;
in:1004 out:1001 type:P dur:2 cpbdur:2 q:33.64 aq:27.35 tex:1096 mv:280 misc:384 imb:13 pmb:17 smb:3570 d:s ref:0 ;
in:1002 out:1002 type:B dur:2 cpbdur:2 q:33.68 aq:31.04 tex:289 mv:235 misc:324 imb:2 pmb:22 smb:3576 d:s ref:0 ;
in:1001 out:1003 type:b dur:2 cpbdur:2 q:33.71 aq:28.70 tex:70 mv:110 misc:284 imb:0 pmb:10 smb:3590 d:s ref:0 ;
in:1003 out:1004 type:b dur:2 cpbdur:2 q:33.66 aq:28.53 tex:74 mv:112 misc:270 imb:1 pmb:10 smb:3589 d:- ref:0 ;
in:1008 out:1005 type:P dur:2 cpbdur:2 q:33.51 aq:26.06 tex:1682 mv:348 misc:442 imb:20 pmb:26 smb:3554 d:s ref:0 ;
in:1006 out:1006 type:B dur:2 cpbdur:2 q:33.57 aq:26.49 tex:171 mv:230 misc:351 imb:0 pmb:21 smb:3579 d:t ref:0 ;
in:1005 out:1007 type:b dur:2 cpbdur:2 q:33.60 aq:28.64 tex:104 mv:177 misc:271 imb:0 pmb:14 smb:3586 d:s ref:0 ;
in:1007 out:1008 type:b dur:2 cpbdur:2 q:33.54 aq:28.53 tex:116 mv:133 misc:287 imb:1 pmb:10 smb:3589 d:- ref:0 ;
in:1012 out:1009 type:P dur:2 cpbdur:2 q:32.85 aq:21.78 tex:39739 mv:1336 misc:1005 imb:145 pmb:193 smb:3262 d:s ref:0 ;
in:1010 out:1010 type:B dur:2 cpbdur:2 q:33.18 aq:31.38 tex:517 mv:387 misc:520 imb:8 pmb:87 smb:3505 d:s ref:0 ;
in:1009 out:1011 type:b dur:2 cpbdur:2 q:33.34 aq:27.44 tex:149 mv:135 misc:284 imb:2 pmb:11 smb:3587 d:t ref:0 ;
in:1011 out:1012 type:b dur:2 cpbdur:2 q:33.01 aq:26.63 tex:446 mv:306 misc:480 imb:7 pmb:80 smb:3513 d:- ref:0 ;
in:1013 out:1013 type:P dur:2 cpbdur:2 q:32.81 aq:23.58 tex:39939 mv:902 misc:791 imb:42 pmb:181 smb:3377 d:s ref:0 ;
in:1017 out:1014 type:P dur:2 cpbdur:2 q:32.85 aq:25.32 tex:21594 mv:345 misc:677 imb:10 pmb:136 smb:3454 d:s ref:0 ;
in:1015 out:1015 type:B dur:2 cpbdur:2 q:32.83 aq:29.94 tex:75 mv:74 misc:347 imb:0 pmb:37 smb:3563 d:s ref:0 ;
in:1014 out:1016 type:b dur:2 cpbdur:2 q:32.82 aq:33.69 tex:553 mv:63 misc:320 imb:0 pmb:37 smb:3563 d:s ref:0 ;
in:1016 out:1017 type:b dur:2 cpbdur:2 q:32.84 aq:27.00 tex:0 mv:3 misc:229 imb:0 pmb:1 smb:3599 d:- ref:0 ;
in:1021 out:1018 type:P dur:2 cpbdur:2 q:32.79 aq:25.48 tex:4070 mv:112 misc:562 imb:3 pmb:62 smb:3535 d:s ref:0 ;
in:1019 out:1019 type:B dur:2 cpbdur:2 q:32.82 aq:30.67 tex:36 mv:4 misc:240 imb:0 pmb:1 smb:3599 d:s ref:0 ;
in:1018 out:1020 type:b dur:2 cpbdur:2 q:32.84 aq:27.00 tex:0 mv:0 misc:216 imb:0 pmb:0 smb:3600 d:s ref:0 ;
in:1020 out:1021 type:b dur:2 cpbdur:2 q:32.80 aq:27.00 tex:0 mv:0 misc:216 imb:0 pmb:0 smb:3600 d:- ref:0 ;
in:1025 out:1022 type:P dur:2 cpbdur:2 q:32.66 aq:21.61 tex:17601 mv:1312 misc:1183 imb:129 pmb:214 smb:3257 d:s ref:0 ;
in:1023 out:1023 type:B dur:2 cpbdur:2 q:32.72 aq:30.62 tex:567 mv:368 misc:441 imb:10 pmb:66 smb:3524 d:s ref:0 ;
in:1022 out:1024 type:b dur:2 cpbdur:2 q:32.75 aq:26.34 tex:94 mv:230 misc:388 imb:4 pmb:59 smb:3537 d:s ref:0 ;
in:1024 out:1025 type:b dur:2 cpbdur:2 q:32.69 aq:27.38 tex:75 mv:95 misc:270 imb:1 pmb:7 smb:3592 d:- ref:0 ;
in:1029 out:1026 type:P dur:2 cpbdur:2 q:32.66 aq:21.66 tex:5371 mv:455 misc:774 imb:19 pmb:98 smb:3483 d:s ref:0 ;
in:1027 out:1027 type:B dur:2 cpbdur:2 q:32.66 aq:31.22 tex:173 mv:258 misc:321 imb:4 pmb:17 smb:3579 d:t ref:0 ;
in:1026 out:1028 type:b dur:2 cpbdur:2 q:32.66 aq:27.71 tex:145 mv:148 misc:283 imb:0 pmb:13 smb:3587 d:t ref:0 ;
in:1028 out:1029 type:b dur:2 cpbdur:2 q:32.66 aq:27.69 tex:76 mv:173 misc:279 imb:0 pmb:15 smb:3585 d:- ref:0 ;
in:1033 out:1030 type:P dur:2 cpbdur:2 q:32.55 aq:24.65 tex:2777 mv:663 misc:608 imb:59 pmb:52 smb:3489 d:s ref:0 ;
in:1031 out:1031 type:B dur:2 cpbdur:2 q:32.60 aq:30.72 tex:211 mv:341 misc:344 imb:0 pmb:46 smb:3554 d:t ref:0 ;
in:1030 out:1032 type:b dur:2 cpbdur:2 q:32.63 aq:27.49 tex:39 mv:87 misc:282 imb:0 pmb:10 smb:3590 d:s ref:0 ;
in:1032 out:1033 type:b dur:2 cpbdur:2 q:32.58 aq:27.75 tex:93 mv:260 misc:303 imb:0 pmb:37 smb:3563 d:- ref:0 ;
in:1037 out:1034 type:P dur:2 cpbdur:2 q:32.58 aq:24.50 tex:4321 mv:403 misc:484 imb:23 pmb:34 smb:3543 d:s ref:0 ;
in:1035 out:1035 type:B dur:2 cpbdur:2 q:32.56 aq:30.14 tex:295 mv:202 misc:351 imb:3 pmb:27 smb:3570 d:t ref:0 ;
in:1034 out:1036 type:b dur:2 cpbdur:2 q:32.56 aq:27.41 tex:110 mv:123 misc:287 imb:0 pmb:15 smb:3585 d:s ref:0 ;
in:1036 out:1037 type:b dur:2 cpbdur:2 q:32.57 aq:27.00 tex:1 mv:124 misc:267 imb:0 pmb:8 smb:3592 d:- ref:0 ;
in:1041 out:1038 type:P dur:2 cpbdur:2 q:32.80 aq:25.45 tex:1458 mv:233 misc:397 imb:17 pmb:11 smb:3572 d:s ref:0 ;
in:1039 out:1039 type:B dur:2 cpbdur:2 q:32.69 aq:31.61 tex:131 mv:243 misc:338 imb:0 pmb:23 smb:3577 d:s ref:0 ;
in:1038 out:1040 type:b dur:2 cpbdur:2 q:32.63 aq:27.35 tex:150 mv:69 misc:277 imb:1 pmb:10 smb:3589 d:s ref:0 ;
in:1040 out:1041 type:b dur:2 cpbdur:2 q:32.75 aq:27.47 tex:115 mv:103 misc:286 imb:0 pmb:12 smb:3588 d:- ref:0 ;
in:1043 out:1042 type:P dur:2 cpbdur:2 q:32.75 aq:25.48 tex:66499 mv:1819 misc:586 imb:174 pmb:92 smb:3334 d:s ref:0 ;
in:1042 out:1043 type:b dur:2 cpbdur:2 q:32.77 aq:34.16 tex:4617 mv:1192 misc:495 imb:86 pmb:77 smb:3437 d:s ref:0 ;
in:1047 out:1044 type:P dur:2 cpbdur:2 q:33.00 aq:26.36 tex:28748 mv:419 misc:513 imb:6 pmb:130 smb:3464 d:s ref:0 ;
in:1045 out:1045 type:B dur:2 cpbdur:2 q:32.87 aq:32.84 tex:401 mv:89 misc:414 imb:0 pmb:52 smb:3548 d:s ref:0 ;
in:1044 out:1046 type:b dur:2 cpbdur:2 q:32.81 aq:35.96 tex:942 mv:188 misc:382 imb:0 pmb:49 smb:3551 d:s ref:0 ;
in:1046 out:1047 type:b dur:2 cpbdur:2 q:32.94 aq:27.00 tex:0 mv:6 misc:234 imb:0 pmb:2 smb:3598 d:- ref:0 ;
in:1051 out:1048 type:P dur:2 cpbdur:2 q:32.98 aq:26.67 tex:2411 mv:108 misc:465 imb:2 pmb:54 smb:3544 d:s ref:0 ;
in:1049 out:1049 type:B dur:2 cpbdur:2 q:32.99 aq:30.67 tex:36 mv:4 misc:240 imb:0 pmb:1 smb:3599 d:s ref:0 ;
in:1048 out:1050 type:b dur:2 cpbdur:2 q:33.00 aq:27.00 tex:0 mv:0 misc:216 imb:0 pmb:0 smb:3600 d:s ref:0 ;
in:1050 out:1051 type:b dur:2 cpbdur:2 q:32.99 aq:27.00 tex:0 mv:0 misc:216 imb:0 pmb:0 smb:3600 d:- ref:0 ;
in:1055 out:1052 type:P dur:2 cpbdur:2 q:32.89 aq:27.08 tex:7045 mv:387 misc:368 imb:27 pmb:24 smb:3549 d:s ref:0 ;
in:1053 out:1053 type:B dur:2 cpbdur:2 q:32.94 aq:31.33 tex:59 mv:57 misc:284 imb:1 pmb:27 smb:3572 d:s ref:0 ;
in:1052 out:1054 type:b dur:2 cpbdur:2 q:32.96 aq:27.00 tex:7 mv:48 misc:249 imb:0 pmb:24 smb:3576 d:s ref:0 ;
in:1054 out:1055 type:b dur:2 cpbdur:2 q:32.91 aq:27.00 tex:0 mv:0 misc:216 imb:0 pmb:0 smb:3600 d:- ref:0 ;
in:1059 out:1056 type:P dur:2 cpbdur:2 q:32.74 aq:25.89 tex:693 mv:58 misc:353 imb:2 pmb:10 smb:3588 d:s ref:0 ;
in:1057 out:1057 type:B dur:2 cpbdur:2 q:32.81 aq:25.00 tex:1 mv:8 misc:255 imb:0 pmb:2 smb:3598 d:s ref:0 ;
in:1056 out:1058 type:b dur:2 cpbdur:2 q:32.85 aq:27.00 tex:0 mv:0 misc:216 imb:0 pmb:0 smb:3600 d:s ref:0 ;
in:1058 out:1059 type:b dur:2 cpbdur:2 q:32.77 aq:27.00 tex:0 mv:0 misc:216 imb:0 pmb:0 smb:3600 d:- ref:0 ;
in:1063 out:1060 type:P dur:2 cpbdur:2 q:32.56 aq:24.31 tex:1417 mv:296 misc:391 imb:39 pmb:13 smb:3548 d:s ref:0 ;
in:1061 out:1061 type:B dur:2 cpbdur:2 q:32.65 aq:30.67 tex:47 mv:45 misc:260 imb:0 pmb:25 smb:3575 d:s ref:0 ;
in:1060 out:1062 type:b dur:2 cpbdur:2 q:32.69 aq:27.00 tex:0 mv:0 misc:216 imb:0 pmb:0 smb:3600 d:s ref:0 ;
in:1062 out:1063 type:b dur:2 cpbdur:2 q:32.60 aq:27.00 tex:9 mv:36 misc:235 imb:0 pmb:24 smb:3576 d:- ref:0 ;
in:1064 out:1064 type:P dur:2 cpbdur:2 q:32.69 aq:32.73 tex:1348 mv:63 misc:253 imb:6 pmb:5 smb:3589 d:s ref:0 ;
in:1065 out:1065 type:I dur:2 cpbdur:2 q:29.92 aq:16.78 tex:683695 mv:90714 misc:199 imb:3600 pmb:0 smb:0 d:s ref:;
in:1067 out:1066 type:P dur:2 cpbdur:2 q:36.29 aq:30.68 tex:21127 mv:537 misc:816 imb:5 pmb:205 smb:3390 d:s ref:0 ;
in:1066 out:1067 type:b dur:2 cpbdur:2 q:36.29 aq:35.98 tex:1372 mv:256 misc:492 imb:1 pmb:76 smb:3523 d:s ref:0 ;
in:1071 out:1068 type:P dur:2 cpbdur:2 q:36.33 aq:30.10 tex:42606 mv:840 misc:842 imb:12 pmb:316 smb:3272 d:s ref:0 ;
in:1069 out:1069 type:B dur:2 cpbdur:2 q:36.31 aq:38.33 tex:3485 mv:541 misc:710 imb:4 pmb:163 smb:3433 d:s ref:0 ;
in:1068 out:1070 type:b dur:2 cpbdur:2 q:36.30 aq:37.27 tex:1517 mv:236 misc:559 imb:1 pmb:88 smb:3511 d:s ref:0 ;
in:1070 out:1071 type:b dur:2 cpbdur:2 q:36.32 aq:39.15 tex:1845 mv:308 misc:543 imb:2 pmb:100 smb:3498 d:- ref:0 ;
in:1075 out:1072 type:P dur:2 cpbdur:2 q:36.41 aq:30.09 tex:66472 mv:1644 misc:1060 imb:81 pmb:416 smb:3103 d:s ref:0 ;
in:1073 out:1073 type:B dur:2 cpbdur:2 q:36.37 aq:35.42 tex:3388 mv:635 misc:873 imb:10 pmb:217 smb:3373 d:s ref:0 ;
in:1072 out:1074 type:b dur:2 cpbdur:2 q:36.35 aq:39.89 tex:2189 mv:355 misc:608 imb:1 pmb:116 smb:3483 d:s ref:0 ;
in:1074 out:1075 type:b dur:2 cpbdur:2 q:36.39 aq:34.32 tex:2700 mv:553 misc:787 imb:13 pmb:161 smb:3426 d:- ref:0 ;
in:1079 out:1076 type:P dur:2 cpbdur:2 q:36.55 aq:28.74 tex:13561 mv:827 misc:876 imb:33 pmb:182 smb:3385 d:s ref:0 ;
in:1077 out:1077 type:B dur:2 cpbdur:2 q:36.48 aq:34.76 tex:151 mv:103 misc:346 imb:0 pmb:39 smb:3561 d:s ref:0 ;
in:1076 out:1078 type:b dur:2 cpbdur:2 q:36.44 aq:37.56 tex:591 mv:299 misc:326 imb:0 pmb:47 smb:3553 d:s ref:0 ;
in:1078 out:1079 type:b dur:2 cpbdur:2 q:36.52 aq:31.00 tex:0 mv:0 misc:216 imb:0 pmb:0 smb:3600 d:- ref:0 ;
in:1083 out:1080 type:P dur:2 cpbdur:2 q:36.49 aq:32.42 tex:3249 mv:115 misc:684 imb:1 pmb:90 smb:3509 d:s ref:0 ;
in:1081 out:1081 type:B dur:2 cpbdur:2 q:36.52 aq:29.00 tex:0 mv:0 misc:232 imb:0 pmb:0 smb:3600 d:s ref:0 ;
in:1080 out:1082 type:b dur:2 cpbdur:2 q:36.54 aq:31.00 tex:0 mv:0 misc:216 imb:0 pmb:0 smb:3600 d:s ref:0 ;
in:1082 out:1083 type:b dur:2 cpbdur:2 q:36.50 aq:31.00 tex:0 mv:0 misc:216 imb:0 pmb:0 smb:3600 d:- ref:0 ;
in:1087 out:1084 type:P dur:2 cpbdur:2 q:36.40 aq:24.59 tex:5202 mv:718 misc:592 imb:47 pmb:74 smb:3479 d:s ref:0 ;
in:1085 out:1085 type:B dur:2 cpbdur:2 q:36.44 aq:32.15 tex:495 mv:387 misc:310 imb:5 pmb:40 smb:3555 d:s ref:0 ;
in:1084 out:1086 type:b dur:2 cpbdur:2 q:36.46 aq:33.49 tex:33 mv:70 misc:305 imb:0 pmb:28 smb:3572 d:s ref:0 ;
in:1086 out:1087 type:b dur:2 cpbdur:2 q:36.42 aq:32.17 tex:177 mv:162 misc:309 imb:4 pmb:41 smb:3555 d:- ref:0 ;
in:1091 out:1088 type:P dur:2 cpbdur:2 q:36.80 aq:23.98 tex:9825 mv:397 misc:338 imb:31 pmb:43 smb:3526 d:s ref:0 ;
in:1089 out:1089 type:B dur:2 cpbdur:2 q:36.60 aq:36.71 tex:595 mv:422 misc:327 imb:0 pmb:54 smb:3546 d:s ref:0 ;
in:1088 out:1090 type:b dur:2 cpbdur:2 q:36.50 aq:32.57 tex:242 mv:124 misc:282 imb:2 pmb:36 smb:3562 d:s ref:0 ;
in:1090 out:1091 type:b dur:2 cpbdur:2 q:36.70 aq:33.99 tex:53 mv:48 misc:283 imb:0 pmb:27 smb:3573 d:- ref:0 ;
in:1095 out:1092 type:P dur:2 cpbdur:2 q:36.81 aq:32.06 tex:114 mv:82 misc:300 imb:9 pmb:3 smb:3588 d:s ref:0 ;
in:1093 out:1093 type:B dur:2 cpbdur:2 q:36.81 aq:29.00 tex:2 mv:20 misc:258 imb:0 pmb:8 smb:3592 d:s ref:0 ;
in:1092 out:1094 type:b dur:2 cpbdur:2 q:36.80 aq:31.00 tex:0 mv:0 misc:216 imb:0 pmb:0 smb:3600 d:s ref:0 ;
in:1094 out:1095 type:b dur:2 cpbdur:2 q:36.81 aq:31.00 tex:2 mv:13 misc:233 imb:0 pmb:5 smb:3595 d:- ref:0 ;
in:1099 out:1096 type:P dur:2 cpbdur:2 q:36.91 aq:25.44 tex:5302 mv:687 misc:419 imb:85 pmb:26 smb:3489 d:s ref:0 ;
in:1097 out:1097 type:B dur:2 cpbdur:2 q:36.86 aq:32.12 tex:38 mv:71 misc:299 imb:0 pmb:28 smb:3572 d:s ref:0 ;
in:1096 out:1098 type:b dur:2 cpbdur:2 q:36.84 aq:31.00 tex:0 mv:0 misc:216 imb:0 pmb:0 smb:3600 d:s ref:0 ;
in:1098 out:1099 type:b dur:2 cpbdur:2 q:36.88 aq:34.16 tex:158 mv:230 misc:300 imb:0 pmb:39 smb:3561 d:- ref:0 ;
in:1103 out:1100 type:P dur:2 cpbdur:2 q:36.85 aq:26.46 tex:20067 mv:1107 misc:434 imb:124 pmb:55 smb:3421 d:s ref:0 ;
in:1101 out:1101 type:B dur:2 cpbdur:2 q:36.88 aq:35.58 tex:46 mv:71 misc:347 imb:0 pmb:39 smb:3561 d:s ref:0 ;
in:1100 out:1102 type:b dur:2 cpbdur:2 q:36.89 aq:32.57 tex:41 mv:20 misc:251 imb:0 pmb:6 smb:3594 d:s ref:0 ;
in:1102 out:1103 type:b dur:2 cpbdur:2 q:36.87 aq:31.00 tex:5 mv:41 misc:306 imb:0 pmb:32 smb:3568 d:- ref:0 ;
in:1107 out:1104 type:P dur:2 cpbdur:2 q:36.81 aq:27.00 tex:2192 mv:151 misc:721 imb:4 pmb:88 smb:3508 d:s ref:0 ;
in:1105 out:1105 type:B dur:2 cpbdur:2 q:36.83 aq:34.21 tex:34 mv:5 misc:241 imb:0 pmb:1 smb:3599 d:s ref:0 ;
in:1104 out:1106 type:b dur:2 cpbdur:2 q:36.84 aq:31.00 tex:0 mv:0 misc:216 imb:0 pmb:0 smb:3600 d:s ref:0 ;
in:1106 out:1107 type:b dur:2 cpbdur:2 q:36.82 aq:31.00 tex:0 mv:0 misc:216 imb:0 pmb:0 smb:3600 d:- ref:0 ;
in:1111 out:1108 type:P dur:2 cpbdur:2 q:36.80 aq:25.30 tex:625 mv:85 misc:426 imb:2 pmb:25 smb:3573 d:s ref:0 ;
in:1109 out:1109 type:B dur:2 cpbdur:2 q:36.81 aq:35.90 tex:51 mv:5 misc:240 imb:0 pmb:1 smb:3599 d:s ref:0 ;
in:1108 out:1110 type:b dur:2 cpbdur:2 q:36.81 aq:31.00 tex:0 mv:0 misc:216 imb:0 pmb:0 smb:3600 d:s ref:0 ;
in:1110 out:1111 type:b dur:2 cpbdur:2 q:36.80 aq:31.00 tex:0 mv:0 misc:216 imb:0 pmb:0 smb:3600 d:- ref:0 ;
in:1115 out:1112 type:P dur:2 cpbdur:2 q:36.75 aq:23.81 tex:889 mv:70 misc:449 imb:1 pmb:34 smb:3565 d:s ref:0 ;
in:1113 out:1113 type:B dur:2 cpbdur:2 q:36.77 aq:34.76 tex:67 mv:11 misc:250 imb:0 pmb:3 smb:3597 d:s ref:0 ;
in:1112 out:1114 type:b dur:2 cpbdur:2 q:36.79 aq:31.00 tex:0 mv:0 misc:216 imb:0 pmb:0 smb:3600 d:s ref:0 ;
in:1114 out:1115 type:b dur:2 cpbdur:2 q:36.76 aq:31.00 tex:0 mv:0 misc:216 imb:0 pmb:0 smb:3600 d:- ref:0 ;
in:1116 out:1116 type:P dur:2 cpbdur:2 q:36.92 aq:29.96 tex:20599 mv:853 misc:380 imb:102 pmb:23 smb:3475 d:s ref:0 ;
in:1120 out:1117 type:P dur:2 cpbdur:2 q:36.95 aq:30.04 tex:13615 mv:858 misc:527 imb:57 pmb:112 smb:3431 d:s ref:0 ;
in:1118 out:1118 type:B dur:2 cpbdur:2 q:36.93 aq:32.19 tex:103 mv:140 misc:397 imb:0 pmb:53 smb:3547 d:s ref:0 ;
in:1117 out:1119 type:b dur:2 cpbdur:2 q:36.93 aq:22.70 tex:48 mv:123 misc:373 imb:4 pmb:32 smb:3564 d:s ref:0 ;
in:1119 out:1120 type:b dur:2 cpbdur:2 q:36.94 aq:31.00 tex:0 mv:0 misc:216 imb:0 pmb:0 smb:3600 d:- ref:0 ;
in:1124 out:1121 type:P dur:2 cpbdur:2 q:36.90 aq:24.21 tex:3640 mv:390 misc:490 imb:12 pmb:59 smb:3529 d:s ref:0 ;
in:1122 out:1122 type:B dur:2 cpbdur:2 q:36.92 aq:33.94 tex:36 mv:39 misc:285 imb:0 pmb:12 smb:3588 d:s ref:0 ;
in:1121 out:1123 type:b dur:2 cpbdur:2 q:36.93 aq:31.00 tex:0 mv:0 misc:216 imb:0 pmb:0 smb:3600 d:s ref:0 ;
in:1123 out:1124 type:b dur:2 cpbdur:2 q:36.91 aq:34.13 tex:204 mv:65 misc:235 imb:1 pmb:5 smb:3594 d:- ref:0 ;
in:1127 out:1125 type:P dur:2 cpbdur:2 q:36.85 aq:25.46 tex:8080 mv:981 misc:611 imb:149 pmb:59 smb:3392 d:s ref:0 ;
in:1125 out:1126 type:B dur:2 cpbdur:2 q:36.88 aq:36.93 tex:435 mv:368 misc:429 imb:7 pmb:60 smb:3533 d:s ref:0 ;
in:1126 out:1127 type:b dur:2 cpbdur:2 q:36.87 aq:31.75 tex:136 mv:82 misc:286 imb:0 pmb:13 smb:3587 d:- ref:0 ;
in:1131 out:1128 type:P dur:2 cpbdur:2 q:36.78 aq:31.57 tex:677 mv:217 misc:378 imb:16 pmb:8 smb:3576 d:s ref:0 ;
in:1129 out:1129 type:B dur:2 cpbdur:2 q:36.81 aq:29.59 tex:128 mv:189 misc:331 imb:1 pmb:16 smb:3583 d:t ref:0 ;
in:1128 out:1130 type:b dur:2 cpbdur:2 q:36.83 aq:31.70 tex:77 mv:86 misc:277 imb:0 pmb:8 smb:3592 d:s ref:0 ;
in:1130 out:1131 type:b dur:2 cpbdur:2 q:36.80 aq:31.92 tex:54 mv:74 misc:256 imb:0 pmb:5 smb:3595 d:- ref:0 ;
in:1135 out:1132 type:P dur:2 cpbdur:2 q:36.68 aq:28.70 tex:2818 mv:277 misc:633 imb:17 pmb:66 smb:3517 d:s ref:0 ;
in:1133 out:1133 type:B dur:2 cpbdur:2 q:36.73 aq:34.93 tex:154 mv:184 misc:318 imb:0 pmb:19 smb:3581 d:s ref:0 ;
in:1132 out:1134 type:b dur:2 cpbdur:2 q:36.75 aq:31.00 tex:4 mv:51 misc:257 imb:1 pmb:5 smb:3594 d:s ref:0 ;
in:1134 out:1135 type:b dur:2 cpbdur:2 q:36.70 aq:31.62 tex:63 mv:35 misc:254 imb:0 pmb:6 smb:3594 d:- ref:0 ;
in:1139 out:1136 type:P dur:2 cpbdur:2 q:36.30 aq:26.65 tex:2839 mv:356 misc:589 imb:14 pmb:57 smb:3529 d:s ref:0 ;
in:1137 out:1137 type:B dur:2 cpbdur:2 q:36.49 aq:34.41 tex:158 mv:185 misc:329 imb:1 pmb:19 smb:3580 d:t ref:0 ;
in:1136 out:1138 type:b dur:2 cpbdur:2 q:36.59 aq:31.00 tex:4 mv:153 misc:275 imb:0 pmb:12 smb:3588 d:s ref:0 ;
in:1138 out:1139 type:b dur:2 cpbdur:2 q:36.40 aq:30.53 tex:33 mv:75 misc:260 imb:0 pmb:6 smb:3594 d:- ref:0 ;
in:1143 out:1140 type:P dur:2 cpbdur:2 q:36.32 aq:27.65 tex:2342 mv:335 misc:595 imb:15 pmb:54 smb:3531 d:s ref:0 ;
in:1141 out:1141 type:B dur:2 cpbdur:2 q:36.31 aq:28.84 tex:146 mv:144 misc:310 imb:2 pmb:12 smb:3586 d:t ref:0 ;
in:1140 out:1142 type:b dur:2 cpbdur:2 q:36.31 aq:30.92 tex:62 mv:118 misc:268 imb:0 pmb:8 smb:3592 d:s ref:0 ;
in:1142 out:1143 type:b dur:2 cpbdur:2 q:36.31 aq:30.00 tex:0 mv:104 misc:256 imb:0 pmb:6 smb:3594 d:- ref:0 ;
in:1147 out:1144 type:P dur:2 cpbdur:2 q:36.23 aq:28.41 tex:1796 mv:435 misc:513 imb:28 pmb:35 smb:3537 d:s ref:0 ;
in:1145 out:1145 type:B dur:2 cpbdur:2 q:36.27 aq:34.27 tex:154 mv:265 misc:341 imb:3 pmb:29 smb:3568 d:t ref:0 ;
in:1144 out:1146 type:b dur:2 cpbdur:2 q:36.30 aq:30.00 tex:4 mv:130 misc:290 imb:0 pmb:18 smb:3582 d:s ref:0 ;
in:1146 out:1147 type:b dur:2 cpbdur:2 q:36.25 aq:30.75 tex:64 mv:49 misc:271 imb:0 pmb:8 smb:3592 d:- ref:0 ;
in:1151 out:1148 type:P dur:2 cpbdur:2 q:36.16 aq:26.38 tex:4543 mv:488 misc:929 imb:20 pmb:137 smb:3443 d:s ref:0 ;
in:1149 out:1149 type:B dur:2 cpbdur:2 q:36.19 aq:34.60 tex:145 mv:200 misc:351 imb:0 pmb:22 smb:3578 d:t ref:0 ;
in:1148 out:1150 type:b dur:2 cpbdur:2 q:36.21 aq:30.00 tex:2 mv:139 misc:283 imb:0 pmb:12 smb:3588 d:s ref:0 ;
in:1150 out:1151 type:b dur:2 cpbdur:2 q:36.17 aq:30.44 tex:35 mv:44 misc:257 imb:0 pmb:5 smb:3595 d:- ref:0 ;
in:1155 out:1152 type:P dur:2 cpbdur:2 q:36.12 aq:27.17 tex:2500 mv:344 misc:644 imb:14 pmb:64 smb:3522 d:s ref:0 ;
in:1153 out:1153 type:B dur:2 cpbdur:2 q:36.14 aq:29.05 tex:122 mv:252 misc:314 imb:1 pmb:16 smb:3583 d:t ref:0 ;
in:1152 out:1154 type:b dur:2 cpbdur:2 q:36.15 aq:30.88 tex:49 mv:62 misc:249 imb:0 pmb:4 smb:3596 d:s ref:0 ;
in:1154 out:1155 type:b dur:2 cpbdur:2 q:36.13 aq:30.00 tex:3 mv:109 misc:264 imb:1 pmb:7 smb:3592 d:- ref:0 ;
in:1159 out:1156 type:P dur:2 cpbdur:2 q:36.04 aq:25.95 tex:4244 mv:360 misc:772 imb:12 pmb:101 smb:3487 d:s ref:0 ;
in:1157 out:1157 type:B dur:2 cpbdur:2 q:36.08 aq:33.71 tex:266 mv:178 misc:332 imb:1 pmb:18 smb:3581 d:t ref:0 ;
in:1156 out:1158 type:b dur:2 cpbdur:2 q:36.10 aq:30.32 tex:36 mv:53 misc:255 imb:0 pmb:4 smb:3596 d:s ref:0 ;
in:1158 out:1159 type:b dur:2 cpbdur:2 q:36.06 aq:30.54 tex:88 mv:110 misc:274 imb:1 pmb:8 smb:3591 d:- ref:0 ;
in:1163 out:1160 type:P dur:2 cpbdur:2 q:35.96 aq:26.18 tex:3760 mv:416 misc:744 imb:16 pmb:99 smb:3485 d:s ref:0 ;
in:1161 out:1161 type:B dur:2 cpbdur:2 q:36.00 aq:34.59 tex:181 mv:194 misc:329 imb:1 pmb:19 smb:3580 d:s ref:0 ;
in:1160 out:1162 type:b dur:2 cpbdur:2 q:36.02 aq:30.93 tex:59 mv:76 misc:257 imb:0 pmb:8 smb:3592 d:s ref:0 ;
in:1162 out:1163 type:b dur:2 cpbdur:2 q:35.98 aq:29.90 tex:45 mv:79 misc:268 imb:1 pmb:6 smb:3593 d:- ref:0 ;
in:1167 out:1164 type:P dur:2 cpbdur:2 q:35.86 aq:27.11 tex:1937 mv:330 misc:525 imb:19 pmb:43 smb:3538 d:s ref:0 ;
in:1165 out:1165 type:B dur:2 cpbdur:2 q:35.91 aq:28.83 tex:148 mv:182 misc:326 imb:0 pmb:20 smb:3580 d:s ref:0 ;
in:1164 out:1166 type:b dur:2 cpbdur:2 q:35.93 aq:30.65 tex:43 mv:84 misc:257 imb:0 pmb:5 smb:3595 d:s ref:0 ;
in:1166 out:1167 type:b dur:2 cpbdur:2 q:35.89 aq:30.53 tex:74 mv:115 misc:267 imb:0 pmb:8 smb:3592 d:- ref:0 ;
in:1171 out:1168 type:P dur:2 cpbdur:2 q:35.77 aq:26.24 tex:1610 mv:309 misc:489 imb:17 pmb:31 smb:3552 d:s ref:0 ;
in:1169 out:1169 type:B dur:2 cpbdur:2 q:35.82 aq:33.67 tex:117 mv:194 misc:337 imb:0 pmb:19 smb:3581 d:t ref:0 ;
in:1168 out:1170 type:b dur:2 cpbdur:2 q:35.84 aq:30.45 tex:42 mv:58 misc:268 imb:0 pmb:6 smb:3594 d:s ref:0 ;
in:1170 out:1171 type:b dur:2 cpbdur:2 q:35.79 aq:30.39 tex:95 mv:112 misc:281 imb:2 pmb:9 smb:3589 d:- ref:0 ;
in:1175 out:1172 type:P dur:2 cpbdur:2 q:35.65 aq:27.08 tex:4029 mv:361 misc:698 imb:14 pmb:78 smb:3508 d:s ref:0 ;
in:1173 out:1173 type:B dur:2 cpbdur:2 q:35.71 aq:33.76 tex:63 mv:259 misc:334 imb:0 pmb:20 smb:3580 d:s ref:0 ;
in:1172 out:1174 type:b dur:2 cpbdur:2 q:35.74 aq:30.77 tex:73 mv:25 misc:254 imb:0 pmb:4 smb:3596 d:s ref:0 ;
in:1174 out:1175 type:b dur:2 cpbdur:2 q:35.68 aq:30.53 tex:58 mv:84 misc:258 imb:0 pmb:8 smb:3592 d:- ref:0 ;
in:1179 out:1176 type:P dur:2 cpbdur:2 q:35.55 aq:27.23 tex:2050 mv:337 misc:533 imb:13 pmb:45 smb:3542 d:s ref:0 ;
in:1177 out:1177 type:B dur:2 cpbdur:2 q:35.60 aq:27.48 tex:69 mv:208 misc:323 imb:4 pmb:13 smb:3583 d:t ref:0 ;
in:1176 out:1178 type:b dur:2 cpbdur:2 q:35.63 aq:30.00 tex:1 mv:114 misc:269 imb:0 pmb:8 smb:3592 d:s ref:0 ;
in:1178 out:1179 type:b dur:2 cpbdur:2 q:35.58 aq:30.44 tex:36 mv:82 misc:266 imb:0 pmb:8 smb:3592 d:- ref:0 ;
in:1183 out:1180 type:P dur:2 cpbdur:2 q:35.49 aq:23.86 tex:1738 mv:302 misc:472 imb:16 pmb:28 smb:3556 d:s ref:0 ;
in:1181 out:1181 type:B dur:2 cpbdur:2 q:35.52 aq:33.68 tex:188 mv:203 misc:321 imb:2 pmb:18 smb:3580 d:t ref:0 ;
in:1180 out:1182 type:b dur:2 cpbdur:2 q:35.53 aq:30.55 tex:36 mv:62 misc:270 imb:0 pmb:7 smb:3593 d:s ref:0 ;
in:1182 out:1183 type:b dur:2 cpbdur:2 q:35.50 aq:30.26 tex:39 mv:118 misc:275 imb:0 pmb:8 smb:3592 d:- ref:0 ;
in:1187 out:1184 type:P dur:2 cpbdur:2 q:35.42 aq:24.34 tex:2387 mv:354 misc:587 imb:12 pmb:55 smb:3533 d:s ref:0 ;
in:1185 out:1185 type:B dur:2 cpbdur:2 q:35.46 aq:33.68 tex:194 mv:174 misc:320 imb:0 pmb:19 smb:3581 d:t ref:0 ;
in:1184 out:1186 type:b dur:2 cpbdur:2 q:35.47 aq:29.39 tex:29 mv:32 misc:259 imb:0 pmb:5 smb:3595 d:s ref:0 ;
in:1186 out:1187 type:b dur:2 cpbdur:2 q:35.44 aq:29.00 tex:2 mv:123 misc:259 imb:0 pmb:7 smb:3593 d:- ref:0 ;
in:1191 out:1188 type:P dur:2 cpbdur:2 q:35.34 aq:25.75 tex:3539 mv:349 misc:728 imb:16 pmb:82 smb:3502 d:s ref:0 ;
in:1189 out:1189 type:B dur:2 cpbdur:2 q:35.38 aq:27.39 tex:87 mv:224 misc:321 imb:1 pmb:16 smb:3583 d:s ref:0 ;
in:1188 out:1190 type:b dur:2 cpbdur:2 q:35.40 aq:29.92 tex:97 mv:110 misc:273 imb:0 pmb:11 smb:3589 d:s ref:0 ;
in:1190 out:1191 type:b dur:2 cpbdur:2 q:35.36 aq:29.00 tex:2 mv:69 misc:257 imb:0 pmb:6 smb:3594 d:- ref:0 ;
in:1195 out:1192 type:P dur:2 cpbdur:2 q:35.26 aq:26.99 tex:4750 mv:348 misc:734 imb:11 pmb:98 smb:3491 d:s ref:0 ;
in:1193 out:1193 type:B dur:2 cpbdur:2 q:35.30 aq:33.61 tex:174 mv:231 misc:331 imb:2 pmb:18 smb:3580 d:t ref:0 ;
in:1192 out:1194 type:b dur:2 cpbdur:2 q:35.32 aq:29.61 tex:97 mv:134 misc:273 imb:1 pmb:11 smb:3588 d:s ref:0 ;
in:1194 out:1195 type:b dur:2 cpbdur:2 q:35.28 aq:29.33 tex:19 mv:89 misc:276 imb:1 pmb:7 smb:3592 d:- ref:0 ;
in:1199 out:1196 type:P dur:2 cpbdur:2 q:35.19 aq:25.37 tex:2134 mv:352 misc:530 imb:14 pmb:45 smb:3541 d:s ref:0 ;
in:1197 out:1197 type:B dur:2 cpbdur:2 q:35.23 aq:34.22 tex:169 mv:242 misc:317 imb:4 pmb:18 smb:3578 d:t ref:0 ;
in:1196 out:1198 type:b dur:2 cpbdur:2 q:35.24 aq:29.44 tex:37 mv:133 misc:278 imb:0 pmb:11 smb:3589 d:t ref:0 ;
in:1198 out:1199 type:b dur:2 cpbdur:2 q:35.21 aq:29.70 tex:39 mv:60 misc:245 imb:0 pmb:5 smb:3595 d:- ref:0 ;
in:1203 out:1200 type:P dur:2 cpbdur:2 q:35.09 aq:27.98 tex:3696 mv:302 misc:690 imb:17 pmb:78 smb:3505 d:s ref:0 ;
in:1201 out:1201 type:B dur:2 cpbdur:2 q:35.14 aq:28.56 tex:188 mv:272 misc:340 imb:2 pmb:20 smb:3578 d:s ref:0 ;
in:1200 out:1202 type:b dur:2 cpbdur:2 q:35.17 aq:29.76 tex:42 mv:105 misc:277 imb:1 pmb:10 smb:3589 d:s ref:0 ;
in:1202 out:1203 type:b dur:2 cpbdur:2 q:35.12 aq:30.06 tex:73 mv:110 misc:281 imb:0 pmb:10 smb:3590 d:- ref:0 ;
in:1207 out:1204 type:P dur:2 cpbdur:2 q:34.99 aq:28.16 tex:2884 mv:329 misc:563 imb:18 pmb:51 smb:3531 d:s ref:0 ;
in:1205 out:1205 type:B dur:2 cpbdur:2 q:35.04 aq:33.16 tex:188 mv:250 misc:330 imb:4 pmb:17 smb:3579 d:t ref:0 ;
in:1204 out:1206 type:b dur:2 cpbdur:2 q:35.07 aq:29.00 tex:5 mv:91 misc:272 imb:0 pmb:9 smb:3591 d:s ref:0 ;
in:1206 out:1207 type:b dur:2 cpbdur:2 q:35.02 aq:29.43 tex:70 mv:81 misc:273 imb:0 pmb:9 smb:3591 d:- ref:0 ;
in:1211 out:1208 type:P dur:2 cpbdur:2 q:34.90 aq:25.39 tex:4269 mv:438 misc:757 imb:18 pmb:96 smb:3486 d:s ref:0 ;
in:1209 out:1209 type:B dur:2 cpbdur:2 q:34.95 aq:32.93 tex:113 mv:233 misc:334 imb:1 pmb:19 smb:3580 d:s ref:0 ;
in:1208 out:1210 type:b dur:2 cpbdur:2 q:34.97 aq:28.83 tex:71 mv:144 misc:273 imb:2 pmb:8 smb:3590 d:s ref:0 ;
in:1210 out:1211 type:b dur:2 cpbdur:2 q:34.92 aq:29.00 tex:2 mv:81 misc:261 imb:0 pmb:7 smb:3593 d:- ref:0 ;
in:1215 out:1212 type:P dur:2 cpbdur:2 q:34.80 aq:25.15 tex:2892 mv:406 misc:574 imb:15 pmb:58 smb:3527 d:s ref:0 ;
in:1213 out:1213 type:B dur:2 cpbdur:2 q:34.85 aq:26.97 tex:128 mv:217 misc:303 imb:2 pmb:19 smb:3579 d:t ref:0 ;
in:1212 out:1214 type:b dur:2 cpbdur:2 q:34.88 aq:29.79 tex:95 mv:100 misc:277 imb:0 pmb:11 smb:3589 d:s ref:0 ;
in:1214 out:1215 type:b dur:2 cpbdur:2 q:34.82 aq:29.13 tex:27 mv:67 misc:258 imb:0 pmb:7 smb:3593 d:- ref:0 ;
in:1219 out:1216 type:P dur:2 cpbdur:2 q:34.72 aq:28.09 tex:1061 mv:341 misc:430 imb:16 pmb:22 smb:3562 d:s ref:0 ;
in:1217 out:1217 type:B dur:2 cpbdur:2 q:34.76 aq:32.75 tex:188 mv:223 misc:325 imb:1 pmb:20 smb:3579 d:s ref:0 ;
in:1216 out:1218 type:b dur:2 cpbdur:2 q:34.78 aq:29.20 tex:106 mv:101 misc:289 imb:2 pmb:9 smb:3589 d:s ref:0 ;
in:1218 out:1219 type:b dur:2 cpbdur:2 q:34.74 aq:29.92 tex:58 mv:104 misc:270 imb:0 pmb:8 smb:3592 d:- ref:0 ;
in:1223 out:1220 type:P dur:2 cpbdur:2 q:34.65 aq:25.75 tex:3353 mv:336 misc:655 imb:20 pmb:63 smb:3517 d:s ref:0 ;
in:1221 out:1221 type:B dur:2 cpbdur:2 q:34.68 aq:32.63 tex:153 mv:212 misc:339 imb:1 pmb:17 smb:3582 d:t ref:0 ;
in:1220 out:1222 type:b dur:2 cpbdur:2 q:34.70 aq:29.33 tex:55 mv:104 misc:281 imb:0 pmb:11 smb:3589 d:s ref:0 ;
in:1222 out:1223 type:b dur:2 cpbdur:2 q:34.67 aq:29.40 tex:61 mv:100 misc:287 imb:0 pmb:10 smb:3590 d:- ref:0 ;
in:1227 out:1224 type:P dur:2 cpbdur:2 q:34.57 aq:26.82 tex:1412 mv:375 misc:421 imb:19 pmb:24 smb:3557 d:s ref:0 ;
in:1225 out:1225 type:B dur:2 cpbdur:2 q:34.61 aq:27.40 tex:155 mv:211 misc:314 imb:1 pmb:20 smb:3579 d:t ref:0 ;
in:1224 out:1226 type:b dur:2 cpbdur:2 q:34.63 aq:29.57 tex:92 mv:152 misc:276 imb:0 pmb:11 smb:3589 d:s ref:0 ;
in:1226 out:1227 type:b dur:2 cpbdur:2 q:34.59 aq:29.54 tex:31 mv:87 misc:258 imb:0 pmb:8 smb:3592 d:- ref:0 ;
in:1231 out:1228 type:P dur:2 cpbdur:2 q:34.51 aq:24.77 tex:67127 mv:1511 misc:786 imb:162 pmb:126 smb:3312 d:s ref:0 ;
in:1229 out:1229 type:B dur:2 cpbdur:2 q:34.54 aq:35.09 tex:1372 mv:1242 misc:538 imb:12 pmb:109 smb:3479 d:s ref:0 ;
in:1228 out:1230 type:b dur:2 cpbdur:2 q:34.55 aq:32.65 tex:1445 mv:911 misc:436 imb:70 pmb:68 smb:3462 d:s ref:0 ;
in:1230 out:1231 type:b dur:2 cpbdur:2 q:34.52 aq:35.48 tex:934 mv:152 misc:354 imb:1 pmb:45 smb:3554 d:- ref:0 ;
in:1235 out:1232 type:P dur:2 cpbdur:2 q:34.62 aq:24.03 tex:7511 mv:360 misc:1153 imb:21 pmb:179 smb:3400 d:s ref:0 ;
in:1233 out:1233 type:B dur:2 cpbdur:2 q:34.57 aq:33.56 tex:62 mv:21 misc:269 imb:0 pmb:4 smb:3596 d:t ref:0 ;
in:1232 out:1234 type:b dur:2 cpbdur:2 q:34.54 aq:28.00 tex:2 mv:9 misc:245 imb:0 pmb:3 smb:3597 d:s ref:0 ;
in:1234 out:1235 type:b dur:2 cpbdur:2 q:34.60 aq:29.00 tex:0 mv:0 misc:216 imb:0 pmb:0 smb:3600 d:- ref:0 ;
in:1239 out:1236 type:P dur:2 cpbdur:2 q:34.67 aq:24.14 tex:18696 mv:1097 misc:791 imb:185 pmb:99 smb:3316 d:s ref:0 ;
in:1237 out:1237 type:B dur:2 cpbdur:2 q:34.65 aq:27.00 tex:10 mv:69 misc:385 imb:0 pmb:52 smb:3548 d:s ref:0 ;
in:1236 out:1238 type:b dur:2 cpbdur:2 q:34.64 aq:29.00 tex:0 mv:0 misc:216 imb:0 pmb:0 smb:3600 d:s ref:0 ;
in:1238 out:1239 type:b dur:2 cpbdur:2 q:34.66 aq:28.40 tex:56 mv:214 misc:378 imb:12 pmb:43 smb:3545 d:- ref:0 ;
in:1243 out:1240 type:P dur:2 cpbdur:2 q:34.58 aq:24.33 tex:4126 mv:390 misc:740 imb:16 pmb:81 smb:3503 d:s ref:0 ;
in:1241 out:1241 type:B dur:2 cpbdur:2 q:34.63 aq:32.47 tex:180 mv:195 misc:313 imb:1 pmb:19 smb:3580 d:t ref:0 ;
in:1240 out:1242 type:b dur:2 cpbdur:2 q:34.65 aq:29.68 tex:43 mv:98 misc:259 imb:0 pmb:10 smb:3590 d:s ref:0 ;
in:1242 out:1243 type:b dur:2 cpbdur:2 q:34.61 aq:29.41 tex:75 mv:90 misc:267 imb:1 pmb:6 smb:3593 d:- ref:0 ;
in:1247 out:1244 type:P dur:2 cpbdur:2 q:34.50 aq:24.13 tex:1115 mv:357 misc:432 imb:18 pmb:25 smb:3557 d:s ref:0 ;
in:1245 out:1245 type:B dur:2 cpbdur:2 q:34.54 aq:32.58 tex:93 mv:199 misc:324 imb:0 pmb:17 smb:3583 d:t ref:0 ;
in:1244 out:1246 type:b dur:2 cpbdur:2 q:34.56 aq:28.66 tex:89 mv:113 misc:270 imb:0 pmb:11 smb:3589 d:s ref:0 ;
in:1246 out:1247 type:b dur:2 cpbdur:2 q:34.52 aq:28.00 tex:1 mv:59 misc:244 imb:0 pmb:3 smb:3597 d:- ref:0 ;
in:1251 out:1248 type:P dur:2 cpbdur:2 q:34.39 aq:25.62 tex:5635 mv:510 misc:687 imb:39 pmb:70 smb:3491 d:s ref:0 ;
in:1249 out:1249 type:B dur:2 cpbdur:2 q:34.45 aq:26.52 tex:221 mv:337 misc:330 imb:9 pmb:35 smb:3556 d:s ref:0 ;
in:1248 out:1250 type:b dur:2 cpbdur:2 q:34.48 aq:28.50 tex:118 mv:106 misc:288 imb:1 pmb:31 smb:3568 d:s ref:0 ;
in:1250 out:1251 type:b dur:2 cpbdur:2 q:34.42 aq:28.49 tex:40 mv:102 misc:290 imb:0 pmb:17 smb:3583 d:- ref:0 ;
in:1255 out:1252 type:P dur:2 cpbdur:2 q:34.54 aq:29.15 tex:1037 mv:331 misc:368 imb:13 pmb:21 smb:3566 d:s ref:0 ;
in:1253 out:1253 type:B dur:2 cpbdur:2 q:34.47 aq:32.04 tex:140 mv:250 misc:306 imb:1 pmb:21 smb:3578 d:t ref:0 ;
in:1252 out:1254 type:b dur:2 cpbdur:2 q:34.43 aq:28.00 tex:4 mv:144 misc:268 imb:0 pmb:11 smb:3589 d:s ref:0 ;
in:1254 out:1255 type:b dur:2 cpbdur:2 q:34.51 aq:27.86 tex:14 mv:91 misc:263 imb:1 pmb:7 smb:3592 d:- ref:0 ;
in:1259 out:1256 type:P dur:2 cpbdur:2 q:34.41 aq:26.49 tex:2631 mv:422 misc:603 imb:32 pmb:60 smb:3508 d:s ref:0 ;
in:1257 out:1257 type:B dur:2 cpbdur:2 q:34.48 aq:32.56 tex:184 mv:253 misc:347 imb:0 pmb:26 smb:3574 d:s ref:0 ;
in:1256 out:1258 type:b dur:2 cpbdur:2 q:34.51 aq:28.00 tex:2 mv:58 misc:252 imb:0 pmb:5 smb:3595 d:s ref:0 ;
in:1258 out:1259 type:b dur:2 cpbdur:2 q:34.44 aq:28.57 tex:76 mv:137 misc:299 imb:0 pmb:17 smb:3583 d:- ref:0 ;
in:1263 out:1260 type:P dur:2 cpbdur:2 q:34.39 aq:27.91 tex:1132 mv:352 misc:428 imb:57 pmb:17 smb:3526 d:s ref:0 ;
in:1261 out:1261 type:B dur:2 cpbdur:2 q:34.40 aq:26.83 tex:137 mv:166 misc:329 imb:1 pmb:16 smb:3583 d:s ref:0 ;
in:1260 out:1262 type:b dur:2 cpbdur:2 q:34.40 aq:28.00 tex:2 mv:67 misc:251 imb:0 pmb:5 smb:3595 d:t ref:0 ;
in:1262 out:1263 type:b dur:2 cpbdur:2 q:34.39 aq:28.32 tex:117 mv:85 misc:278 imb:1 pmb:10 smb:3589 d:- ref:0 ;
in:1267 out:1264 type:P dur:2 cpbdur:2 q:34.35 aq:28.40 tex:1187 mv:322 misc:363 imb:14 pmb:15 smb:3571 d:s ref:0 ;
in:1265 out:1265 type:B dur:2 cpbdur:2 q:34.37 aq:32.68 tex:234 mv:222 misc:328 imb:1 pmb:23 smb:3576 d:t ref:0 ;
in:1264 out:1266 type:b dur:2 cpbdur:2 q:34.38 aq:28.43 tex:60 mv:88 misc:276 imb:1 pmb:8 smb:3591 d:s ref:0 ;
in:1266 out:1267 type:b dur:2 cpbdur:2 q:34.36 aq:28.52 tex:96 mv:159 misc:289 imb:0 pmb:16 smb:3584 d:- ref:0 ;
in:1271 out:1268 type:P dur:2 cpbdur:2 q:34.30 aq:28.35 tex:981 mv:294 misc:365 imb:15 pmb:14 smb:3571 d:s ref:0 ;
in:1269 out:1269 type:B dur:2 cpbdur:2 q:34.32 aq:32.58 tex:61 mv:259 misc:336 imb:0 pmb:18 smb:3582 d:s ref:0 ;
in:1268 out:1270 type:b dur:2 cpbdur:2 q:34.34 aq:28.00 tex:4 mv:98 misc:266 imb:0 pmb:8 smb:3592 d:s ref:0 ;
in:1270 out:1271 type:b dur:2 cpbdur:2 q:34.31 aq:28.00 tex:4 mv:96 misc:268 imb:0 pmb:7 smb:3593 d:- ref:0 ;
in:1275 out:1272 type:P dur:2 cpbdur:2 q:34.24 aq:23.64 tex:4335 mv:423 misc:922 imb:22 pmb:117 smb:3461 d:s ref:0 ;
in:1273 out:1273 type:B dur:2 cpbdur:2 q:34.27 aq:27.54 tex:133 mv:164 misc:311 imb:0 pmb:17 smb:3583 d:s ref:0 ;
in:1272 out:1274 type:b dur:2 cpbdur:2 q:34.28 aq:28.57 tex:61 mv:93 misc:270 imb:0 pmb:7 smb:3593 d:s ref:0 ;
in:1274 out:1275 type:b dur:2 cpbdur:2 q:34.25 aq:28.21 tex:28 mv:58 misc:250 imb:1 pmb:4 smb:3595 d:- ref:0 ;
in:1279 out:1276 type:P dur:2 cpbdur:2 q:34.23 aq:23.55 tex:4139 mv:376 misc:701 imb:16 pmb:81 smb:3503 d:s ref:0 ;
in:1277 out:1277 type:B dur:2 cpbdur:2 q:34.24 aq:32.46 tex:241 mv:203 misc:308 imb:4 pmb:17 smb:3579 d:t ref:0 ;
in:1276 out:1278 type:b dur:2 cpbdur:2 q:34.24 aq:28.42 tex:42 mv:119 misc:287 imb:0 pmb:12 smb:3588 d:s ref:0 ;
in:1278 out:1279 type:b dur:2 cpbdur:2 q:34.23 aq:28.17 tex:61 mv:107 misc:288 imb:0 pmb:14 smb:3586 d:- ref:0 ;
in:1283 out:1280 type:P dur:2 cpbdur:2 q:34.13 aq:24.29 tex:2633 mv:424 misc:567 imb:18 pmb:50 smb:3532 d:s ref:0 ;
in:1281 out:1281 type:B dur:2 cpbdur:2 q:34.18 aq:32.32 tex:161 mv:253 misc:330 imb:1 pmb:22 smb:3577 d:t ref:0 ;
in:1280 out:1282 type:b dur:2 cpbdur:2 q:34.21 aq:28.64 tex:41 mv:120 misc:271 imb:0 pmb:10 smb:3590 d:s ref:0 ;
in:1282 out:1283 type:b dur:2 cpbdur:2 q:34.16 aq:28.77 tex:102 mv:118 misc:284 imb:0 pmb:12 smb:3588 d:- ref:0 ;
in:1287 out:1284 type:P dur:2 cpbdur:2 q:34.00 aq:24.07 tex:4558 mv:405 misc:773 imb:9 pmb:103 smb:3488 d:s ref:0 ;
in:1285 out:1285 type:B dur:2 cpbdur:2 q:34.07 aq:26.41 tex:89 mv:202 misc:317 imb:2 pmb:15 smb:3583 d:t ref:0 ;
in:1284 out:1286 type:b dur:2 cpbdur:2 q:34.10 aq:28.00 tex:1 mv:121 misc:278 imb:0 pmb:8 smb:3592 d:t ref:0 ;
in:1286 out:1287 type:b dur:2 cpbdur:2 q:34.03 aq:28.57 tex:36 mv:106 misc:266 imb:0 pmb:7 smb:3593 d:- ref:0 ;
in:1291 out:1288 type:P dur:2 cpbdur:2 q:33.86 aq:23.67 tex:5613 mv:367 misc:924 imb:18 pmb:124 smb:3458 d:s ref:0 ;
in:1289 out:1289 type:B dur:2 cpbdur:2 q:33.93 aq:31.19 tex:247 mv:183 misc:306 imb:4 pmb:15 smb:3581 d:s ref:0 ;
in:1288 out:1290 type:b dur:2 cpbdur:2 q:33.97 aq:28.36 tex:65 mv:110 misc:265 imb:0 pmb:9 smb:3591 d:s ref:0 ;
in:1290 out:1291 type:b dur:2 cpbdur:2 q:33.90 aq:28.47 tex:68 mv:115 misc:273 imb:1 pmb:9 smb:3590 d:- ref:0 ;
in:1295 out:1292 type:P dur:2 cpbdur:2 q:33.76 aq:24.84 tex:4584 mv:373 misc:659 imb:17 pmb:76 smb:3507 d:s ref:0 ;
in:1293 out:1293 type:B dur:2 cpbdur:2 q:33.81 aq:32.35 tex:193 mv:236 misc:323 imb:2 pmb:22 smb:3576 d:s ref:0 ;
in:1292 out:1294 type:b dur:2 cpbdur:2 q:33.84 aq:28.00 tex:4 mv:126 misc:270 imb:0 pmb:12 smb:3588 d:t ref:0 ;
in:1294 out:1295 type:b dur:2 cpbdur:2 q:33.78 aq:28.14 tex:35 mv:68 misc:265 imb:0 pmb:7 smb:3593 d:- ref:0 ;
in:1299 out:1296 type:P dur:2 cpbdur:2 q:33.56 aq:25.31 tex:4094 mv:354 misc:664 imb:16 pmb:75 smb:3509 d:s ref:0 ;
in:1297 out:1297 type:B dur:2 cpbdur:2 q:33.66 aq:26.19 tex:184 mv:259 misc:325 imb:2 pmb:18 smb:3580 d:t ref:0 ;
in:1296 out:1298 type:b dur:2 cpbdur:2 q:33.71 aq:28.66 tex:68 mv:169 misc:291 imb:0 pmb:12 smb:3588 d:s ref:0 ;
in:1298 out:1299 type:b dur:2 cpbdur:2 q:33.61 aq:28.00 tex:2 mv:137 misc:277 imb:0 pmb:11 smb:3589 d:- ref:0 ;
in:1303 out:1300 type:P dur:2 cpbdur:2 q:33.43 aq:22.77 tex:3961 mv:382 misc:809 imb:16 pmb:99 smb:3485 d:s ref:0 ;
in:1301 out:1301 type:B dur:2 cpbdur:2 q:33.49 aq:31.29 tex:187 mv:197 misc:320 imb:4 pmb:16 smb:3580 d:t ref:0 ;
in:1300 out:1302 type:b dur:2 cpbdur:2 q:33.53 aq:28.00 tex:5 mv:63 misc:268 imb:0 pmb:8 smb:3592 d:s ref:0 ;
in:1302 out:1303 type:b dur:2 cpbdur:2 q:33.46 aq:28.49 tex:37 mv:112 misc:259 imb:0 pmb:7 smb:3593 d:- ref:0 ;
in:1307 out:1304 type:P dur:2 cpbdur:2 q:33.34 aq:21.93 tex:2248 mv:347 misc:541 imb:16 pmb:44 smb:3540 d:s ref:0 ;
in:1305 out:1305 type:B dur:2 cpbdur:2 q:33.39 aq:32.48 tex:186 mv:203 misc:331 imb:1 pmb:21 smb:3578 d:t ref:0 ;
in:1304 out:1306 type:b dur:2 cpbdur:2 q:33.41 aq:27.46 tex:143 mv:187 misc:278 imb:1 pmb:13 smb:3586 d:s ref:0 ;
in:1306 out:1307 type:b dur:2 cpbdur:2 q:33.36 aq:27.00 tex:5 mv:74 misc:257 imb:0 pmb:7 smb:3593 d:- ref:0 ;
in:1311 out:1308 type:P dur:2 cpbdur:2 q:33.27 aq:23.93 tex:2347 mv:344 misc:541 imb:15 pmb:39 smb:3546 d:s ref:0 ;
in:1309 out:1309 type:B dur:2 cpbdur:2 q:33.30 aq:25.69 tex:185 mv:272 misc:327 imb:1 pmb:18 smb:3581 d:t ref:0 ;
in:1308 out:1310 type:b dur:2 cpbdur:2 q:33.32 aq:27.00 tex:8 mv:115 misc:293 imb:1 pmb:9 smb:3590 d:s ref:0 ;
in:1310 out:1311 type:b dur:2 cpbdur:2 q:33.28 aq:27.27 tex:38 mv:98 misc:272 imb:0 pmb:9 smb:3591 d:- ref:0 ;
in:1314 out:1312 type:P dur:2 cpbdur:2 q:33.20 aq:33.51 tex:464 mv:226 misc:342 imb:7 pmb:17 smb:3576 d:s ref:0 ;
in:1312 out:1313 type:B dur:2 cpbdur:2 q:33.24 aq:26.91 tex:66 mv:167 misc:303 imb:3 pmb:10 smb:3587 d:s ref:0 ;
in:1313 out:1314 type:b dur:2 cpbdur:2 q:33.22 aq:27.00 tex:6 mv:158 misc:276 imb:0 pmb:12 smb:3588 d:- ref:0 ;
in:1315 out:1315 type:I dur:2 cpbdur:2 q:30.75 aq:16.93 tex:684451 mv:88776 misc:229 imb:3600 pmb:0 smb:0 d:s ref:;
in:1319 out:1316 type:P dur:2 cpbdur:2 q:36.10 aq:25.30 tex:1053 mv:342 misc:469 imb:14 pmb:34 smb:3552 d:s ref:0 ;
in:1317 out:1317 type:B dur:2 cpbdur:2 q:36.10 aq:34.58 tex:78 mv:200 misc:306 imb:0 pmb:18 smb:3582 d:s ref:0 ;
in:1316 out:1318 type:b dur:2 cpbdur:2 q:36.10 aq:30.56 tex:32 mv:57 misc:255 imb:0 pmb:5 smb:3595 d:s ref:0 ;
in:1318 out:1319 type:b dur:2 cpbdur:2 q:36.10 aq:30.36 tex:54 mv:78 misc:268 imb:0 pmb:8 smb:3592 d:- ref:0 ;
in:1323 out:1320 type:P dur:2 cpbdur:2 q:36.03 aq:29.14 tex:48044 mv:1322 misc:522 imb:136 pmb:82 smb:3382 d:s ref:0 ;
in:1321 out:1321 type:B dur:2 cpbdur:2 q:36.06 aq:38.07 tex:669 mv:794 misc:457 imb:4 pmb:84 smb:3512 d:s ref:0 ;
in:1320 out:1322 type:b dur:2 cpbdur:2 q:36.08 aq:30.31 tex:78 mv:192 misc:410 imb:1 pmb:70 smb:3529 d:s ref:0 ;
in:1322 out:1323 type:b dur:2 cpbdur:2 q:36.04 aq:40.62 tex:313 mv:117 misc:370 imb:0 pmb:39 smb:3561 d:- ref:0 ;
in:1327 out:1324 type:P dur:2 cpbdur:2 q:36.08 aq:28.41 tex:1084 mv:129 misc:411 imb:6 pmb:20 smb:3574 d:s ref:0 ;
in:1325 out:1325 type:B dur:2 cpbdur:2 q:36.05 aq:28.00 tex:1 mv:6 misc:249 imb:0 pmb:2 smb:3598 d:s ref:0 ;
in:1324 out:1326 type:b dur:2 cpbdur:2 q:36.04 aq:30.00 tex:0 mv:0 misc:216 imb:0 pmb:0 smb:3600 d:s ref:0 ;
in:1326 out:1327 type:b dur:2 cpbdur:2 q:36.06 aq:30.00 tex:0 mv:0 misc:216 imb:0 pmb:0 smb:3600 d:- ref:0 ;
in:1331 out:1328 type:P dur:2 cpbdur:2 q:36.00 aq:29.35 tex:6206 mv:409 misc:401 imb:30 pmb:24 smb:3546 d:s ref:0 ;
in:1329 out:1329 type:B dur:2 cpbdur:2 q:36.04 aq:34.58 tex:41 mv:34 misc:285 imb:0 pmb:15 smb:3585 d:s ref:0 ;
in:1328 out:1330 type:b dur:2 cpbdur:2 q:36.06 aq:30.00 tex:0 mv:0 misc:216 imb:0 pmb:0 smb:3600 d:s ref:0 ;
in:1330 out:1331 type:b dur:2 cpbdur:2 q:36.02 aq:30.00 tex:3 mv:17 misc:252 imb:0 pmb:8 smb:3592 d:- ref:0 ;
in:1335 out:1332 type:P dur:2 cpbdur:2 q:35.92 aq:27.48 tex:339 mv:44 misc:353 imb:1 pmb:11 smb:3588 d:s ref:0 ;
in:1333 out:1333 type:B dur:2 cpbdur:2 q:35.96 aq:28.00 tex:0 mv:4 misc:244 imb:0 pmb:1 smb:3599 d:s ref:0 ;
in:1332 out:1334 type:b dur:2 cpbdur:2 q:35.98 aq:30.00 tex:0 mv:0 misc:216 imb:0 pmb:0 smb:3600 d:s ref:0 ;
in:1334 out:1335 type:b dur:2 cpbdur:2 q:35.94 aq:30.00 tex:0 mv:0 misc:216 imb:0 pmb:0 smb:3600 d:- ref:0 ;
in:1339 out:1336 type:P dur:2 cpbdur:2 q:35.83 aq:29.40 tex:301 mv:29 misc:310 imb:1 pmb:5 smb:3594 d:s ref:0 ;
in:1337 out:1337 type:B dur:2 cpbdur:2 q:35.87 aq:33.67 tex:31 mv:3 misc:246 imb:0 pmb:1 smb:3599 d:s ref:0 ;
in:1336 out:1338 type:b dur:2 cpbdur:2 q:35.89 aq:30.00 tex:0 mv:0 misc:216 imb:0 pmb:0 smb:3600 d:s ref:0 ;
in:1338 out:1339 type:b dur:2 cpbdur:2 q:35.85 aq:30.00 tex:0 mv:0 misc:216 imb:0 pmb:0 smb:3600 d:- ref:0 ;
in:1343 out:1340 type:P dur:2 cpbdur:2 q:36.30 aq:31.34 tex:23237 mv:748 misc:887 imb:37 pmb:174 smb:3389 d:s ref:0 ;
in:1341 out:1341 type:B dur:2 cpbdur:2 q:36.06 aq:34.47 tex:99 mv:289 misc:668 imb:16 pmb:106 smb:3478 d:s ref:0 ;
in:1340 out:1342 type:b dur:2 cpbdur:2 q:35.95 aq:30.00 tex:11 mv:55 misc:254 imb:2 pmb:24 smb:3574 d:s ref:0 ;
in:1342 out:1343 type:b dur:2 cpbdur:2 q:36.18 aq:30.00 tex:21 mv:109 misc:614 imb:2 pmb:99 smb:3499 d:- ref:0 ;
in:1347 out:1344 type:P dur:2 cpbdur:2 q:36.42 aq:33.68 tex:50581 mv:1377 misc:1026 imb:31 pmb:410 smb:3159 d:s ref:0 ;
in:1345 out:1345 type:B dur:2 cpbdur:2 q:36.36 aq:39.13 tex:5128 mv:831 misc:905 imb:2 pmb:254 smb:3344 d:s ref:0 ;
in:1344 out:1346 type:b dur:2 cpbdur:2 q:36.33 aq:39.46 tex:2850 mv:444 misc:682 imb:1 pmb:131 smb:3468 d:s ref:0 ;
in:1346 out:1347 type:b dur:2 cpbdur:2 q:36.39 aq:38.36 tex:3631 mv:472 misc:825 imb:1 pmb:171 smb:3428 d:- ref:0 ;
in:1351 out:1348 type:P dur:2 cpbdur:2 q:36.51 aq:30.60 tex:82275 mv:2192 misc:1085 imb:91 pmb:505 smb:3004 d:s ref:0 ;
in:1349 out:1349 type:B dur:2 cpbdur:2 q:36.46 aq:37.79 tex:9376 mv:1174 misc:1058 imb:7 pmb:332 smb:3261 d:s ref:0 ;
in:1348 out:1350 type:b dur:2 cpbdur:2 q:36.44 aq:39.09 tex:4939 mv:653 misc:856 imb:3 pmb:204 smb:3393 d:s ref:0 ;
in:1350 out:1351 type:b dur:2 cpbdur:2 q:36.49 aq:40.53 tex:6690 mv:804 misc:898 imb:5 pmb:253 smb:3342 d:- ref:0 ;
in:1355 out:1352 type:P dur:2 cpbdur:2 q:36.71 aq:27.81 tex:99221 mv:2649 misc:1186 imb:150 pmb:495 smb:2955 d:s ref:0 ;
in:1353 out:1353 type:B dur:2 cpbdur:2 q:36.61 aq:39.40 tex:1825 mv:524 misc:1035 imb:4 pmb:254 smb:3342 d:s ref:0 ;
in:1352 out:1354 type:b dur:2 cpbdur:2 q:36.56 aq:39.97 tex:7994 mv:842 misc:996 imb:3 pmb:292 smb:3305 d:s ref:0 ;
in:1354 out:1355 type:b dur:2 cpbdur:2 q:36.66 aq:40.60 tex:1217 mv:564 misc:403 imb:0 pmb:83 smb:3517 d:- ref:0 ;
in:1359 out:1356 type:P dur:2 cpbdur:2 q:36.89 aq:26.02 tex:5691 mv:255 misc:1134 imb:6 pmb:219 smb:3375 d:s ref:0 ;
in:1357 out:1357 type:B dur:2 cpbdur:2 q:36.80 aq:30.00 tex:0 mv:3 misc:245 imb:0 pmb:1 smb:3599 d:s ref:0 ;
in:1356 out:1358 type:b dur:2 cpbdur:2 q:36.76 aq:31.00 tex:1 mv:2 misc:229 imb:0 pmb:1 smb:3599 d:s ref:0 ;
in:1358 out:1359 type:b dur:2 cpbdur:2 q:36.85 aq:31.00 tex:0 mv:0 misc:216 imb:0 pmb:0 smb:3600 d:- ref:0 ;
in:1363 out:1360 type:P dur:2 cpbdur:2 q:36.87 aq:29.54 tex:3900 mv:199 misc:829 imb:8 pmb:121 smb:3471 d:s ref:0 ;
in:1361 out:1361 type:B dur:2 cpbdur:2 q:36.88 aq:29.00 tex:2 mv:14 misc:248 imb:0 pmb:5 smb:3595 d:s ref:0 ;
in:1360 out:1362 type:b dur:2 cpbdur:2 q:36.89 aq:31.00 tex:0 mv:0 misc:216 imb:0 pmb:0 smb:3600 d:s ref:0 ;
in:1362 out:1363 type:b dur:2 cpbdur:2 q:36.88 aq:31.00 tex:2 mv:12 misc:226 imb:0 pmb:4 smb:3596 d:- ref:0 ;
in:1367 out:1364 type:P dur:2 cpbdur:2 q:36.86 aq:26.35 tex:14441 mv:814 misc:617 imb:35 pmb:109 smb:3456 d:s ref:0 ;
in:1365 out:1365 type:B dur:2 cpbdur:2 q:36.87 aq:36.46 tex:3350 mv:593 misc:329 imb:22 pmb:49 smb:3529 d:s ref:0 ;
in:1364 out:1366 type:b dur:2 cpbdur:2 q:36.87 aq:33.75 tex:544 mv:172 misc:308 imb:4 pmb:43 smb:3553 d:s ref:0 ;
in:1366 out:1367 type:b dur:2 cpbdur:2 q:36.86 aq:36.22 tex:59 mv:74 misc:291 imb:0 pmb:30 smb:3570 d:- ref:0 ;
in:1371 out:1368 type:P dur:2 cpbdur:2 q:36.91 aq:25.84 tex:6821 mv:656 misc:539 imb:4 pmb:101 smb:3495 d:s ref:0 ;
in:1369 out:1369 type:B dur:2 cpbdur:2 q:36.88 aq:29.00 tex:8 mv:53 misc:323 imb:0 pmb:27 smb:3573 d:s ref:0 ;
in:1368 out:1370 type:b dur:2 cpbdur:2 q:36.87 aq:31.00 tex:4 mv:62 misc:310 imb:0 pmb:28 smb:3572 d:s ref:0 ;
in:1370 out:1371 type:b dur:2 cpbdur:2 q:36.90 aq:31.00 tex:0 mv:0 misc:216 imb:0 pmb:0 smb:3600 d:- ref:0 ;
in:1375 out:1372 type:P dur:2 cpbdur:2 q:37.11 aq:27.52 tex:296 mv:102 misc:362 imb:9 pmb:10 smb:3581 d:s ref:0 ;
in:1373 out:1373 type:B dur:2 cpbdur:2 q:37.01 aq:29.00 tex:2 mv:14 misc:248 imb:0 pmb:5 smb:3595 d:s ref:0 ;
in:1372 out:1374 type:b dur:2 cpbdur:2 q:36.96 aq:31.00 tex:0 mv:0 misc:216 imb:0 pmb:0 smb:3600 d:s ref:0 ;
in:1374 out:1375 type:b dur:2 cpbdur:2 q:37.06 aq:31.00 tex:2 mv:13 misc:233 imb:0 pmb:6 smb:3594 d:- ref:0 ;
in:1379 out:1376 type:P dur:2 cpbdur:2 q:37.34 aq:25.39 tex:12767 mv:738 misc:415 imb:68 pmb:42 smb:3490 d:s ref:0 ;
in:1377 out:1377 type:B dur:2 cpbdur:2 q:37.23 aq:35.10 tex:859 mv:125 misc:368 imb:3 pmb:45 smb:3552 d:s ref:0 ;
in:1376 out:1378 type:b dur:2 cpbdur:2 q:37.17 aq:30.67 tex:37 mv:136 misc:331 imb:5 pmb:32 smb:3563 d:s ref:0 ;
in:1378 out:1379 type:b dur:2 cpbdur:2 q:37.28 aq:36.73 tex:31 mv:25 misc:256 imb:0 pmb:10 smb:3590 d:- ref:0 ;
in:1383 out:1380 type:P dur:2 cpbdur:2 q:37.23 aq:28.45 tex:16684 mv:836 misc:416 imb:110 pmb:22 smb:3468 d:s ref:0 ;
in:1381 out:1381 type:B dur:2 cpbdur:2 q:37.29 aq:33.99 tex:184 mv:75 misc:349 imb:1 pmb:36 smb:3563 d:s ref:0 ;
in:1380 out:1382 type:b dur:2 cpbdur:2 q:37.32 aq:38.97 tex:723 mv:501 misc:360 imb:19 pmb:70 smb:3511 d:s ref:0 ;
in:1382 out:1383 type:b dur:2 cpbdur:2 q:37.26 aq:31.00 tex:0 mv:0 misc:216 imb:0 pmb:0 smb:3600 d:- ref:0 ;
in:1387 out:1384 type:P dur:2 cpbdur:2 q:37.19 aq:28.37 tex:787 mv:96 misc:381 imb:3 pmb:18 smb:3579 d:s ref:0 ;
in:1385 out:1385 type:B dur:2 cpbdur:2 q:37.21 aq:29.00 tex:0 mv:0 misc:232 imb:0 pmb:0 smb:3600 d:s ref:0 ;
in:1384 out:1386 type:b dur:2 cpbdur:2 q:37.22 aq:31.00 tex:0 mv:0 misc:216 imb:0 pmb:0 smb:3600 d:s ref:0 ;
in:1386 out:1387 type:b dur:2 cpbdur:2 q:37.20 aq:31.00 tex:0 mv:0 misc:216 imb:0 pmb:0 smb:3600 d:- ref:0 ;
in:1391 out:1388 type:P dur:2 cpbdur:2 q:37.18 aq:30.03 tex:953 mv:61 misc:338 imb:1 pmb:17 smb:3582 d:s ref:0 ;
in:1389 out:1389 type:B dur:2 cpbdur:2 q:37.18 aq:35.58 tex:33 mv:5 misc:242 imb:0 pmb:1 smb:3599 d:s ref:0 ;
in:1388 out:1390 type:b dur:2 cpbdur:2 q:37.19 aq:31.00 tex:0 mv:0 misc:216 imb:0 pmb:0 smb:3600 d:s ref:0 ;
in:1390 out:1391 type:b dur:2 cpbdur:2 q:37.18 aq:31.00 tex:0 mv:0 misc:216 imb:0 pmb:0 smb:3600 d:- ref:0 ;
in:1395 out:1392 type:P dur:2 cpbdur:2 q:37.09 aq:27.41 tex:20233 mv:1258 misc:501 imb:78 pmb:64 smb:3458 d:s ref:0 ;
in:1393 out:1393 type:B dur:2 cpbdur:2 q:37.14 aq:20.90 tex:28 mv:77 misc:319 imb:2 pmb:29 smb:3569 d:s ref:0 ;
in:1392 out:1394 type:b dur:2 cpbdur:2 q:37.16 aq:31.00 tex:0 mv:0 misc:216 imb:0 pmb:0 smb:3600 d:s ref:0 ;
in:1394 out:1395 type:b dur:2 cpbdur:2 q:37.11 aq:36.19 tex:243 mv:217 misc:300 imb:2 pmb:21 smb:3577 d:- ref:0 ;
in:1399 out:1396 type:P dur:2 cpbdur:2 q:37.06 aq:29.74 tex:6672 mv:505 misc:911 imb:30 pmb:155 smb:3415 d:s ref:0 ;
in:1397 out:1397 type:B dur:2 cpbdur:2 q:37.08 aq:30.02 tex:78 mv:56 misc:290 imb:0 pmb:18 smb:3582 d:s ref:0 ;
in:1396 out:1398 type:b dur:2 cpbdur:2 q:37.08 aq:32.62 tex:153 mv:52 misc:251 imb:0 pmb:10 smb:3590 d:s ref:0 ;
in:1398 out:1399 type:b dur:2 cpbdur:2 q:37.07 aq:31.00 tex:0 mv:0 misc:216 imb:0 pmb:0 smb:3600 d:- ref:0 ;
in:1403 out:1400 type:P dur:2 cpbdur:2 q:37.07 aq:24.18 tex:13466 mv:1317 misc:697 imb:183 pmb:100 smb:3317 d:s ref:0 ;
in:1401 out:1401 type:B dur:2 cpbdur:2 q:37.07 aq:35.58 tex:51 mv:149 misc:392 imb:0 pmb:52 smb:3548 d:s ref:0 ;
in:1400 out:1402 type:b dur:2 cpbdur:2 q:37.06 aq:36.22 tex:26 mv:21 misc:233 imb:0 pmb:6 smb:3594 d:s ref:0 ;
in:1402 out:1403 type:b dur:2 cpbdur:2 q:37.07 aq:22.67 tex:41 mv:214 misc:425 imb:5 pmb:62 smb:3533 d:- ref:0 ;
in:1407 out:1404 type:P dur:2 cpbdur:2 q:37.07 aq:27.34 tex:6100 mv:335 misc:605 imb:30 pmb:55 smb:3515 d:s ref:0 ;
in:1405 out:1405 type:B dur:2 cpbdur:2 q:37.07 aq:29.62 tex:164 mv:211 misc:321 imb:0 pmb:27 smb:3573 d:s ref:0 ;
in:1404 out:1406 type:b dur:2 cpbdur:2 q:37.07 aq:31.79 tex:76 mv:129 misc:299 imb:0 pmb:21 smb:3579 d:s ref:0 ;
in:1406 out:1407 type:b dur:2 cpbdur:2 q:37.07 aq:31.00 tex:1 mv:63 misc:264 imb:0 pmb:6 smb:3594 d:- ref:0 ;
in:1411 out:1408 type:P dur:2 cpbdur:2 q:36.98 aq:28.15 tex:1628 mv:340 misc:552 imb:12 pmb:50 smb:3538 d:s ref:0 ;
in:1409 out:1409 type:B dur:2 cpbdur:2 q:37.02 aq:36.24 tex:103 mv:168 misc:313 imb:1 pmb:14 smb:3585 d:t ref:0 ;
in:1408 out:1410 type:b dur:2 cpbdur:2 q:37.05 aq:31.00 tex:3 mv:88 misc:269 imb:0 pmb:7 smb:3593 d:t ref:0 ;
in:1410 out:1411 type:b dur:2 cpbdur:2 q:37.00 aq:31.30 tex:40 mv:99 misc:261 imb:0 pmb:7 smb:3593 d:- ref:0 ;
in:1415 out:1412 type:P dur:2 cpbdur:2 q:36.90 aq:28.74 tex:3094 mv:359 misc:699 imb:14 pmb:76 smb:3510 d:s ref:0 ;
in:1413 out:1413 type:B dur:2 cpbdur:2 q:36.94 aq:35.17 tex:134 mv:132 misc:310 imb:1 pmb:15 smb:3584 d:t ref:0 ;
in:1412 out:1414 type:b dur:2 cpbdur:2 q:36.96 aq:31.66 tex:56 mv:73 misc:271 imb:0 pmb:7 smb:3593 d:s ref:0 ;
in:1414 out:1415 type:b dur:2 cpbdur:2 q:36.92 aq:31.55 tex:34 mv:25 misc:245 imb:0 pmb:4 smb:3596 d:- ref:0 ;
in:1419 out:1416 type:P dur:2 cpbdur:2 q:36.85 aq:29.37 tex:1104 mv:275 misc:413 imb:13 pmb:18 smb:3569 d:s ref:0 ;
in:1417 out:1417 type:B dur:2 cpbdur:2 q:36.87 aq:29.83 tex:124 mv:178 misc:314 imb:0 pmb:16 smb:3584 d:s ref:0 ;
in:1416 out:1418 type:b dur:2 cpbdur:2 q:36.88 aq:30.65 tex:14 mv:77 misc:261 imb:1 pmb:5 smb:3594 d:s ref:0 ;
in:1418 out:1419 type:b dur:2 cpbdur:2 q:36.86 aq:31.00 tex:0 mv:58 misc:254 imb:0 pmb:5 smb:3595 d:- ref:0 ;
in:1423 out:1420 type:P dur:2 cpbdur:2 q:36.74 aq:28.33 tex:2678 mv:373 misc:733 imb:28 pmb:68 smb:3504 d:s ref:0 ;
in:1421 out:1421 type:B dur:2 cpbdur:2 q:36.80 aq:36.25 tex:146 mv:241 misc:341 imb:2 pmb:28 smb:3570 d:t ref:0 ;
in:1420 out:1422 type:b dur:2 cpbdur:2 q:36.82 aq:31.00 tex:4 mv:108 misc:280 imb:0 pmb:9 smb:3591 d:s ref:0 ;
in:1422 out:1423 type:b dur:2 cpbdur:2 q:36.77 aq:31.00 tex:6 mv:91 misc:255 imb:0 pmb:16 smb:3584 d:- ref:0 ;
in:1427 out:1424 type:P dur:2 cpbdur:2 q:36.68 aq:29.05 tex:1343 mv:296 misc:545 imb:33 pmb:31 smb:3536 d:s ref:0 ;
in:1425 out:1425 type:B dur:2 cpbdur:2 q:36.71 aq:34.54 tex:147 mv:192 misc:325 imb:1 pmb:17 smb:3582 d:t ref:0 ;
in:1424 out:1426 type:b dur:2 cpbdur:2 q:36.72 aq:31.53 tex:31 mv:70 misc:251 imb:0 pmb:4 smb:3596 d:s ref:0 ;
in:1426 out:1427 type:b dur:2 cpbdur:2 q:36.70 aq:31.66 tex:33 mv:73 misc:254 imb:0 pmb:6 smb:3594 d:- ref:0 ;
in:1431 out:1428 type:P dur:2 cpbdur:2 q:36.62 aq:31.26 tex:1652 mv:243 misc:481 imb:13 pmb:29 smb:3558 d:s ref:0 ;
in:1429 out:1429 type:B dur:2 cpbdur:2 q:36.65 aq:29.39 tex:116 mv:190 misc:318 imb:3 pmb:13 smb:3584 d:s ref:0 ;
in:1428 out:1430 type:b dur:2 cpbdur:2 q:36.67 aq:32.18 tex:37 mv:60 misc:263 imb:0 pmb:7 smb:3593 d:s ref:0 ;
in:1430 out:1431 type:b dur:2 cpbdur:2 q:36.64 aq:31.00 tex:1 mv:68 misc:259 imb:0 pmb:6 smb:3594 d:- ref:0 ;
in:1435 out:1432 type:P dur:2 cpbdur:2 q:36.55 aq:27.86 tex:2416 mv:387 misc:565 imb:12 pmb:51 smb:3537 d:s ref:0 ;
in:1433 out:1433 type:B dur:2 cpbdur:2 q:36.58 aq:36.50 tex:261 mv:219 misc:336 imb:1 pmb:19 smb:3580 d:t ref:0 ;
in:1432 out:1434 type:b dur:2 cpbdur:2 q:36.60 aq:31.00 tex:4 mv:63 misc:261 imb:0 pmb:6 smb:3594 d:s ref:0 ;
in:1434 out:1435 type:b dur:2 cpbdur:2 q:36.57 aq:31.46 tex:60 mv:90 misc:266 imb:0 pmb:9 smb:3591 d:- ref:0 ;
in:1439 out:1436 type:P dur:2 cpbdur:2 q:36.50 aq:27.23 tex:1739 mv:283 misc:506 imb:13 pmb:35 smb:3552 d:s ref:0 ;
in:1437 out:1437 type:B dur:2 cpbdur:2 q:36.53 aq:34.72 tex:130 mv:164 misc:314 imb:1 pmb:18 smb:3581 d:s ref:0 ;
in:1436 out:1438 type:b dur:2 cpbdur:2 q:36.54 aq:31.06 tex:49 mv:56 misc:247 imb:0 pmb:5 smb:3595 d:s ref:0 ;
in:1438 out:1439 type:b dur:2 cpbdur:2 q:36.51 aq:30.00 tex:0 mv:68 misc:268 imb:0 pmb:6 smb:3594 d:- ref:0 ;
in:1443 out:1440 type:P dur:2 cpbdur:2 q:36.41 aq:26.91 tex:4143 mv:403 misc:934 imb:22 pmb:118 smb:3460 d:s ref:0 ;
in:1441 out:1441 type:B dur:2 cpbdur:2 q:36.46 aq:28.02 tex:67 mv:158 misc:319 imb:4 pmb:12 smb:3584 d:t ref:0 ;
in:1440 out:1442 type:b dur:2 cpbdur:2 q:36.48 aq:30.66 tex:39 mv:63 misc:258 imb:0 pmb:6 smb:3594 d:s ref:0 ;
in:1442 out:1443 type:b dur:2 cpbdur:2 q:36.43 aq:30.77 tex:33 mv:63 misc:256 imb:0 pmb:6 smb:3594 d:- ref:0 ;
in:1447 out:1444 type:P dur:2 cpbdur:2 q:36.40 aq:26.59 tex:3047 mv:365 misc:660 imb:19 pmb:65 smb:3516 d:s ref:0 ;
in:1445 out:1445 type:B dur:2 cpbdur:2 q:36.40 aq:35.72 tex:176 mv:183 misc:329 imb:0 pmb:18 smb:3582 d:s ref:0 ;
in:1444 out:1446 type:b dur:2 cpbdur:2 q:36.41 aq:30.79 tex:125 mv:50 misc:273 imb:0 pmb:10 smb:3590 d:s ref:0 ;
in:1446 out:1447 type:b dur:2 cpbdur:2 q:36.40 aq:30.61 tex:70 mv:57 misc:249 imb:0 pmb:4 smb:3596 d:- ref:0 ;
in:1451 out:1448 type:P dur:2 cpbdur:2 q:36.32 aq:26.65 tex:2925 mv:366 misc:701 imb:15 pmb:78 smb:3507 d:s ref:0 ;
in:1449 out:1449 type:B dur:2 cpbdur:2 q:36.36 aq:34.45 tex:137 mv:159 misc:312 imb:0 pmb:18 smb:3582 d:t ref:0 ;
in:1448 out:1450 type:b dur:2 cpbdur:2 q:36.38 aq:30.00 tex:4 mv:102 misc:262 imb:0 pmb:8 smb:3592 d:s ref:0 ;
in:1450 out:1451 type:b dur:2 cpbdur:2 q:36.34 aq:30.53 tex:33 mv:46 misc:249 imb:0 pmb:4 smb:3596 d:- ref:0 ;
in:1455 out:1452 type:P dur:2 cpbdur:2 q:36.23 aq:29.05 tex:2320 mv:325 misc:635 imb:19 pmb:61 smb:3520 d:s ref:0 ;
in:1453 out:1453 type:B dur:2 cpbdur:2 q:36.28 aq:28.30 tex:143 mv:170 misc:327 imb:4 pmb:14 smb:3582 d:t ref:0 ;
in:1452 out:1454 type:b dur:2 cpbdur:2 q:36.30 aq:30.00 tex:2 mv:107 misc:267 imb:0 pmb:8 smb:3592 d:s ref:0 ;
in:1454 out:1455 type:b dur:2 cpbdur:2 q:36.25 aq:30.00 tex:3 mv:78 misc:271 imb:0 pmb:8 smb:3592 d:- ref:0 ;
in:1459 out:1456 type:P dur:2 cpbdur:2 q:36.14 aq:25.90 tex:2329 mv:298 misc:581 imb:19 pmb:43 smb:3538 d:s ref:0 ;
in:1457 out:1457 type:B dur:2 cpbdur:2 q:36.19 aq:35.45 tex:138 mv:222 misc:328 imb:0 pmb:19 smb:3581 d:s ref:0 ;
in:1456 out:1458 type:b dur:2 cpbdur:2 q:36.21 aq:30.00 tex:3 mv:41 misc:252 imb:0 pmb:5 smb:3595 d:s ref:0 ;
in:1458 out:1459 type:b dur:2 cpbdur:2 q:36.16 aq:30.42 tex:94 mv:101 misc:269 imb:1 pmb:7 smb:3592 d:- ref:0 ;
in:1463 out:1460 type:P dur:2 cpbdur:2 q:36.06 aq:28.21 tex:1426 mv:294 misc:488 imb:13 pmb:30 smb:3557 d:s ref:0 ;
in:1461 out:1461 type:B dur:2 cpbdur:2 q:36.10 aq:34.68 tex:161 mv:247 misc:336 imb:0 pmb:20 smb:3580 d:t ref:0 ;
in:1460 out:1462 type:b dur:2 cpbdur:2 q:36.12 aq:30.88 tex:57 mv:92 misc:267 imb:0 pmb:10 smb:3590 d:s ref:0 ;
in:1462 out:1463 type:b dur:2 cpbdur:2 q:36.08 aq:29.78 tex:14 mv:151 misc:267 imb:1 pmb:8 smb:3591 d:- ref:0 ;
in:1467 out:1464 type:P dur:2 cpbdur:2 q:35.95 aq:26.26 tex:5836 mv:329 misc:851 imb:19 pmb:110 smb:3471 d:s ref:0 ;
in:1465 out:1465 type:B dur:2 cpbdur:2 q:36.01 aq:28.71 tex:123 mv:179 misc:314 imb:0 pmb:17 smb:3583 d:t ref:0 ;
in:1464 out:1466 type:b dur:2 cpbdur:2 q:36.04 aq:30.00 tex:4 mv:94 misc:270 imb:0 pmb:8 smb:3592 d:s ref:0 ;
in:1466 out:1467 type:b dur:2 cpbdur:2 q:35.98 aq:30.53 tex:71 mv:107 misc:262 imb:0 pmb:9 smb:3591 d:- ref:0 ;
in:1471 out:1468 type:P dur:2 cpbdur:2 q:35.87 aq:24.71 tex:3260 mv:333 misc:631 imb:14 pmb:66 smb:3520 d:s ref:0 ;
in:1469 out:1469 type:B dur:2 cpbdur:2 q:35.91 aq:35.27 tex:170 mv:174 misc:320 imb:1 pmb:18 smb:3581 d:t ref:0 ;
in:1468 out:1470 type:b dur:2 cpbdur:2 q:35.93 aq:30.66 tex:38 mv:68 misc:262 imb:0 pmb:8 smb:3592 d:s ref:0 ;
in:1470 out:1471 type:b dur:2 cpbdur:2 q:35.89 aq:30.53 tex:61 mv:91 misc:272 imb:0 pmb:9 smb:3591 d:- ref:0 ;
in:1475 out:1472 type:P dur:2 cpbdur:2 q:35.81 aq:26.92 tex:4171 mv:387 misc:738 imb:14 pmb:87 smb:3499 d:s ref:0 ;
in:1473 out:1473 type:B dur:2 cpbdur:2 q:35.84 aq:33.74 tex:156 mv:253 misc:319 imb:1 pmb:19 smb:3580 d:t ref:0 ;
in:1472 out:1474 type:b dur:2 cpbdur:2 q:35.86 aq:30.00 tex:3 mv:82 misc:259 imb:0 pmb:6 smb:3594 d:s ref:0 ;
in:1474 out:1475 type:b dur:2 cpbdur:2 q:35.83 aq:30.00 tex:2 mv:114 misc:276 imb:0 pmb:9 smb:3591 d:- ref:0 ;
in:1479 out:1476 type:P dur:2 cpbdur:2 q:35.74 aq:28.18 tex:2115 mv:278 misc:511 imb:15 pmb:35 smb:3550 d:s ref:0 ;
in:1477 out:1477 type:B dur:2 cpbdur:2 q:35.78 aq:28.93 tex:160 mv:203 misc:325 imb:0 pmb:17 smb:3583 d:s ref:0 ;
in:1476 out:1478 type:b dur:2 cpbdur:2 q:35.79 aq:30.65 tex:39 mv:133 misc:260 imb:0 pmb:8 smb:3592 d:s ref:0 ;
in:1478 out:1479 type:b dur:2 cpbdur:2 q:35.76 aq:30.52 tex:55 mv:104 misc:273 imb:0 pmb:8 smb:3592 d:- ref:0 ;
in:1483 out:1480 type:P dur:2 cpbdur:2 q:35.67 aq:26.56 tex:2667 mv:331 misc:578 imb:18 pmb:53 smb:3529 d:s ref:0 ;
in:1481 out:1481 type:B dur:2 cpbdur:2 q:35.71 aq:35.32 tex:217 mv:150 misc:321 imb:1 pmb:21 smb:3578 d:t ref:0 ;
in:1480 out:1482 type:b dur:2 cpbdur:2 q:35.72 aq:30.00 tex:2 mv:90 misc:276 imb:0 pmb:8 smb:3592 d:s ref:0 ;
in:1482 out:1483 type:b dur:2 cpbdur:2 q:35.69 aq:30.61 tex:108 mv:55 misc:261 imb:0 pmb:9 smb:3591 d:- ref:0 ;
in:1487 out:1484 type:P dur:2 cpbdur:2 q:35.62 aq:27.81 tex:2058 mv:322 misc:508 imb:13 pmb:39 smb:3548 d:s ref:0 ;
in:1485 out:1485 type:B dur:2 cpbdur:2 q:35.64 aq:33.57 tex:191 mv:187 misc:326 imb:2 pmb:17 smb:3581 d:t ref:0 ;
in:1484 out:1486 type:b dur:2 cpbdur:2 q:35.66 aq:30.26 tex:24 mv:63 misc:257 imb:0 pmb:6 smb:3594 d:s ref:0 ;
in:1486 out:1487 type:b dur:2 cpbdur:2 q:35.63 aq:30.00 tex:1 mv:106 misc:261 imb:0 pmb:9 smb:3591 d:- ref:0 ;
in:1491 out:1488 type:P dur:2 cpbdur:2 q:35.55 aq:27.92 tex:3589 mv:344 misc:707 imb:13 pmb:85 smb:3502 d:s ref:0 ;
in:1489 out:1489 type:B dur:2 cpbdur:2 q:35.58 aq:29.30 tex:117 mv:233 misc:322 imb:1 pmb:17 smb:3582 d:s ref:0 ;
in:1488 out:1490 type:b dur:2 cpbdur:2 q:35.60 aq:30.00 tex:4 mv:77 misc:263 imb:0 pmb:6 smb:3594 d:s ref:0 ;
in:1490 out:1491 type:b dur:2 cpbdur:2 q:35.57 aq:30.00 tex:4 mv:118 misc:262 imb:0 pmb:7 smb:3593 d:- ref:0 ;
in:1495 out:1492 type:P dur:2 cpbdur:2 q:35.48 aq:24.16 tex:4737 mv:273 misc:742 imb:16 pmb:83 smb:3501 d:s ref:0 ;
in:1493 out:1493 type:B dur:2 cpbdur:2 q:35.52 aq:34.38 tex:242 mv:185 misc:325 imb:2 pmb:16 smb:3582 d:t ref:0 ;
in:1492 out:1494 type:b dur:2 cpbdur:2 q:35.53 aq:30.43 tex:41 mv:121 misc:270 imb:0 pmb:10 smb:3590 d:s ref:0 ;
in:1494 out:1495 type:b dur:2 cpbdur:2 q:35.50 aq:30.35 tex:31 mv:94 misc:259 imb:0 pmb:8 smb:3592 d:- ref:0 ;
in:1499 out:1496 type:P dur:2 cpbdur:2 q:35.42 aq:25.45 tex:1407 mv:229 misc:420 imb:17 pmb:17 smb:3566 d:s ref:0 ;
in:1497 out:1497 type:B dur:2 cpbdur:2 q:35.45 aq:33.37 tex:158 mv:243 misc:327 imb:0 pmb:25 smb:3575 d:t ref:0 ;
in:1496 out:1498 type:b dur:2 cpbdur:2 q:35.47 aq:30.66 tex:164 mv:79 misc:269 imb:1 pmb:10 smb:3589 d:s ref:0 ;
in:1498 out:1499 type:b dur:2 cpbdur:2 q:35.43 aq:29.92 tex:40 mv:95 misc:273 imb:0 pmb:8 smb:3592 d:- ref:0 ;
in:1503 out:1500 type:P dur:2 cpbdur:2 q:35.35 aq:24.24 tex:1064 mv:304 misc:456 imb:13 pmb:24 smb:3563 d:s ref:0 ;
in:1501 out:1501 type:B dur:2 cpbdur:2 q:35.38 aq:27.66 tex:63 mv:192 misc:337 imb:0 pmb:18 smb:3582 d:s ref:0 ;
in:1500 out:1502 type:b dur:2 cpbdur:2 q:35.40 aq:29.00 tex:5 mv:98 misc:273 imb:0 pmb:9 smb:3591 d:s ref:0 ;
in:1502 out:1503 type:b dur:2 cpbdur:2 q:35.36 aq:29.00 tex:1 mv:25 misc:238 imb:0 pmb:2 smb:3598 d:- ref:0 ;
in:1505 out:1504 type:P dur:2 cpbdur:2 q:35.25 aq:25.21 tex:49348 mv:1404 misc:880 imb:146 pmb:130 smb:3324 d:s ref:0 ;
in:1504 out:1505 type:b dur:2 cpbdur:2 q:35.30 aq:37.98 tex:1155 mv:868 misc:441 imb:10 pmb:89 smb:3501 d:s ref:0 ;
in:1509 out:1506 type:P dur:2 cpbdur:2 q:35.29 aq:27.97 tex:15202 mv:312 misc:534 imb:6 pmb:109 smb:3485 d:s ref:0 ;
in:1507 out:1507 type:B dur:2 cpbdur:2 q:35.27 aq:32.76 tex:53 mv:46 misc:349 imb:0 pmb:35 smb:3565 d:s ref:0 ;
in:1506 out:1508 type:b dur:2 cpbdur:2 q:35.26 aq:30.41 tex:357 mv:76 misc:327 imb:0 pmb:33 smb:3567 d:s ref:0 ;
in:1508 out:1509 type:b dur:2 cpbdur:2 q:35.28 aq:29.00 tex:0 mv:0 misc:216 imb:0 pmb:0 smb:3600 d:- ref:0 ;
in:1513 out:1510 type:P dur:2 cpbdur:2 q:35.26 aq:26.57 tex:1292 mv:50 misc:386 imb:0 pmb:22 smb:3578 d:s ref:0 ;
in:1511 out:1511 type:B dur:2 cpbdur:2 q:35.28 aq:34.56 tex:33 mv:4 misc:243 imb:0 pmb:1 smb:3599 d:s ref:0 ;
in:1510 out:1512 type:b dur:2 cpbdur:2 q:35.29 aq:29.00 tex:0 mv:0 misc:216 imb:0 pmb:0 smb:3600 d:s ref:0 ;
in:1512 out:1513 type:b dur:2 cpbdur:2 q:35.27 aq:29.00 tex:0 mv:0 misc:216 imb:0 pmb:0 smb:3600 d:- ref:0 ;
in:1517 out:1514 type:P dur:2 cpbdur:2 q:35.19 aq:27.57 tex:12883 mv:1062 misc:455 imb:163 pmb:37 smb:3400 d:s ref:0 ;
in:1515 out:1515 type:B dur:2 cpbdur:2 q:35.23 aq:32.94 tex:440 mv:377 misc:423 imb:8 pmb:75 smb:3517 d:s ref:0 ;
in:1514 out:1516 type:b dur:2 cpbdur:2 q:35.24 aq:28.12 tex:41 mv:164 misc:363 imb:4 pmb:42 smb:3554 d:s ref:0 ;
in:1516 out:1517 type:b dur:2 cpbdur:2 q:35.21 aq:29.45 tex:29 mv:74 misc:273 imb:0 pmb:7 smb:3593 d:- ref:0 ;
in:1521 out:1518 type:P dur:2 cpbdur:2 q:35.13 aq:29.19 tex:940 mv:267 misc:377 imb:13 pmb:15 smb:3572 d:s ref:0 ;
in:1519 out:1519 type:B dur:2 cpbdur:2 q:35.16 aq:27.75 tex:159 mv:183 misc:322 imb:1 pmb:16 smb:3583 d:t ref:0 ;
in:1518 out:1520 type:b dur:2 cpbdur:2 q:35.18 aq:29.17 tex:48 mv:112 misc:272 imb:0 pmb:9 smb:3591 d:s ref:0 ;
in:1520 out:1521 type:b dur:2 cpbdur:2 q:35.15 aq:29.41 tex:81 mv:86 misc:265 imb:0 pmb:7 smb:3593 d:- ref:0 ;
in:1525 out:1522 type:P dur:2 cpbdur:2 q:35.05 aq:24.91 tex:2861 mv:522 misc:761 imb:52 pmb:70 smb:3478 d:s ref:0 ;
in:1523 out:1523 type:B dur:2 cpbdur:2 q:35.09 aq:34.19 tex:106 mv:262 misc:328 imb:0 pmb:42 smb:3558 d:s ref:0 ;
in:1522 out:1524 type:b dur:2 cpbdur:2 q:35.11 aq:29.35 tex:35 mv:125 misc:288 imb:1 pmb:29 smb:3570 d:s ref:0 ;
in:1524 out:1525 type:b dur:2 cpbdur:2 q:35.07 aq:29.51 tex:116 mv:111 misc:269 imb:2 pmb:7 smb:3591 d:- ref:0 ;
in:1529 out:1526 type:P dur:2 cpbdur:2 q:35.20 aq:26.22 tex:3089 mv:335 misc:488 imb:23 pmb:28 smb:3549 d:s ref:0 ;
in:1527 out:1527 type:B dur:2 cpbdur:2 q:35.13 aq:33.20 tex:212 mv:266 misc:346 imb:1 pmb:28 smb:3571 d:t ref:0 ;
in:1526 out:1528 type:b dur:2 cpbdur:2 q:35.09 aq:29.00 tex:5 mv:98 misc:281 imb:0 pmb:15 smb:3585 d:s ref:0 ;
in:1528 out:1529 type:b dur:2 cpbdur:2 q:35.16 aq:29.45 tex:36 mv:83 misc:273 imb:0 pmb:8 smb:3592 d:- ref:0 ;
in:1532 out:1530 type:P dur:2 cpbdur:2 q:35.18 aq:29.37 tex:25983 mv:1273 misc:632 imb:170 pmb:70 smb:3360 d:s ref:0 ;
in:1530 out:1531 type:B dur:2 cpbdur:2 q:35.19 aq:28.87 tex:197 mv:261 misc:446 imb:2 pmb:63 smb:3535 d:s ref:0 ;
in:1531 out:1532 type:b dur:2 cpbdur:2 q:35.18 aq:28.27 tex:119 mv:262 misc:403 imb:5 pmb:66 smb:3529 d:- ref:0 ;
in:1536 out:1533 type:P dur:2 cpbdur:2 q:35.20 aq:29.47 tex:35355 mv:935 misc:478 imb:42 pmb:116 smb:3442 d:s ref:0 ;
in:1534 out:1534 type:B dur:2 cpbdur:2 q:35.19 aq:35.44 tex:432 mv:76 misc:420 imb:0 pmb:67 smb:3533 d:s ref:0 ;
in:1533 out:1535 type:b dur:2 cpbdur:2 q:35.18 aq:38.82 tex:805 mv:334 misc:365 imb:0 pmb:107 smb:3493 d:s ref:0 ;
in:1535 out:1536 type:b dur:2 cpbdur:2 q:35.20 aq:31.42 tex:87 mv:13 misc:236 imb:0 pmb:3 smb:3597 d:- ref:0 ;
in:1540 out:1537 type:P dur:2 cpbdur:2 q:35.27 aq:29.70 tex:1473 mv:103 misc:432 imb:5 pmb:29 smb:3566 d:s ref:0 ;
in:1538 out:1538 type:B dur:2 cpbdur:2 q:35.24 aq:33.61 tex:32 mv:4 misc:244 imb:0 pmb:1 smb:3599 d:s ref:0 ;
in:1537 out:1539 type:b dur:2 cpbdur:2 q:35.22 aq:29.00 tex:0 mv:0 misc:216 imb:0 pmb:0 smb:3600 d:s ref:0 ;
in:1539 out:1540 type:b dur:2 cpbdur:2 q:35.26 aq:29.00 tex:0 mv:0 misc:216 imb:0 pmb:0 smb:3600 d:- ref:0 ;
in:1544 out:1541 type:P dur:2 cpbdur:2 q:35.20 aq:29.21 tex:5408 mv:376 misc:344 imb:29 pmb:22 smb:3549 d:s ref:0 ;
in:1542 out:1542 type:B dur:2 cpbdur:2 q:35.24 aq:32.76 tex:40 mv:37 misc:283 imb:0 pmb:18 smb:3582 d:s ref:0 ;
in:1541 out:1543 type:b dur:2 cpbdur:2 q:35.25 aq:29.00 tex:4 mv:26 misc:258 imb:0 pmb:11 smb:3589 d:s ref:0 ;
in:1543 out:1544 type:b dur:2 cpbdur:2 q:35.22 aq:29.00 tex:0 mv:0 misc:216 imb:0 pmb:0 smb:3600 d:- ref:0 ;
in:1548 out:1545 type:P dur:2 cpbdur:2 q:35.11 aq:26.46 tex:194 mv:66 misc:316 imb:3 pmb:6 smb:3591 d:s ref:0 ;
in:1546 out:1546 type:B dur:2 cpbdur:2 q:35.15 aq:27.00 tex:0 mv:0 misc:232 imb:0 pmb:0 smb:3600 d:s ref:0 ;
in:1545 out:1547 type:b dur:2 cpbdur:2 q:35.18 aq:29.00 tex:0 mv:0 misc:216 imb:0 pmb:0 smb:3600 d:s ref:0 ;
in:1547 out:1548 type:b dur:2 cpbdur:2 q:35.13 aq:29.00 tex:0 mv:0 misc:216 imb:0 pmb:0 smb:3600 d:- ref:0 ;
in:1552 out:1549 type:P dur:2 cpbdur:2 q:34.98 aq:29.92 tex:504 mv:254 misc:362 imb:38 pmb:5 smb:3557 d:s ref:0 ;
in:1550 out:1550 type:B dur:2 cpbdur:2 q:35.04 aq:33.61 tex:45 mv:42 misc:265 imb:0 pmb:25 smb:3575 d:s ref:0 ;
in:1549 out:1551 type:b dur:2 cpbdur:2 q:35.08 aq:29.00 tex:0 mv:0 misc:216 imb:0 pmb:0 smb:3600 d:s ref:0 ;
in:1551 out:1552 type:b dur:2 cpbdur:2 q:35.01 aq:29.00 tex:7 mv:40 misc:233 imb:0 pmb:23 smb:3577 d:- ref:0 ;
in:1556 out:1553 type:P dur:2 cpbdur:2 q:34.94 aq:32.47 tex:61739 mv:2587 misc:1218 imb:175 pmb:400 smb:3025 d:s ref:0 ;
in:1554 out:1554 type:B dur:2 cpbdur:2 q:34.96 aq:36.47 tex:13244 mv:1367 misc:1125 imb:7 pmb:415 smb:3178 d:s ref:0 ;
in:1553 out:1555 type:b dur:2 cpbdur:2 q:34.97 aq:37.36 tex:115 mv:104 misc:805 imb:0 pmb:161 smb:3439 d:s ref:0 ;
in:1555 out:1556 type:b dur:2 cpbdur:2 q:34.95 aq:38.13 tex:12234 mv:1178 misc:1052 imb:2 pmb:372 smb:3226 d:- ref:0 ;
in:1560 out:1557 type:P dur:2 cpbdur:2 q:35.15 aq:32.49 tex:86455 mv:3962 misc:999 imb:352 pmb:381 smb:2867 d:s ref:0 ;
in:1558 out:1558 type:B dur:2 cpbdur:2 q:35.04 aq:36.22 tex:24078 mv:2434 misc:1144 imb:23 pmb:504 smb:3073 d:s ref:0 ;
in:1557 out:1559 type:b dur:2 cpbdur:2 q:34.99 aq:38.99 tex:15131 mv:1633 misc:1108 imb:15 pmb:412 smb:3173 d:s ref:0 ;
in:1559 out:1560 type:b dur:2 cpbdur:2 q:35.10 aq:38.89 tex:14309 mv:1832 misc:1043 imb:14 pmb:368 smb:3218 d:- ref:0 ;
in:1564 out:1561 type:P dur:2 cpbdur:2 q:35.34 aq:27.17 tex:84699 mv:4429 misc:1032 imb:272 pmb:514 smb:2814 d:s ref:0 ;
in:1562 out:1562 type:B dur:2 cpbdur:2 q:35.25 aq:36.08 tex:17892 mv:2349 misc:1175 imb:35 pmb:438 smb:3127 d:s ref:0 ;
in:1561 out:1563 type:b dur:2 cpbdur:2 q:35.20 aq:37.65 tex:13759 mv:1720 misc:1049 imb:30 pmb:363 smb:3207 d:s ref:0 ;
in:1563 out:1564 type:b dur:2 cpbdur:2 q:35.29 aq:36.25 tex:13944 mv:1676 misc:1012 imb:18 pmb:387 smb:3195 d:- ref:0 ;
in:1565 out:1565 type:I dur:2 cpbdur:2 q:32.25 aq:18.45 tex:492534 mv:83212 misc:214 imb:3600 pmb:0 smb:0 d:s ref:;
in:1569 out:1566 type:P dur:2 cpbdur:2 q:37.00 aq:28.85 tex:15762 mv:794 misc:460 imb:59 pmb:69 smb:3472 d:s ref:0 ;
in:1567 out:1567 type:B dur:2 cpbdur:2 q:37.00 aq:42.59 tex:136 mv:69 misc:323 imb:0 pmb:39 smb:3561 d:s ref:0 ;
in:1566 out:1568 type:b dur:2 cpbdur:2 q:37.00 aq:41.01 tex:2219 mv:442 misc:355 imb:2 pmb:72 smb:3526 d:s ref:0 ;
in:1568 out:1569 type:b dur:2 cpbdur:2 q:37.00 aq:31.00 tex:0 mv:0 misc:216 imb:0 pmb:0 smb:3600 d:- ref:0 ;
in:1573 out:1570 type:P dur:2 cpbdur:2 q:36.98 aq:30.50 tex:211 mv:39 misc:294 imb:2 pmb:3 smb:3595 d:s ref:0 ;
in:1571 out:1571 type:B dur:2 cpbdur:2 q:36.99 aq:29.00 tex:0 mv:0 misc:232 imb:0 pmb:0 smb:3600 d:s ref:0 ;
in:1570 out:1572 type:b dur:2 cpbdur:2 q:37.00 aq:31.00 tex:0 mv:0 misc:216 imb:0 pmb:0 smb:3600 d:s ref:0 ;
in:1572 out:1573 type:b dur:2 cpbdur:2 q:36.99 aq:31.00 tex:0 mv:0 misc:216 imb:0 pmb:0 smb:3600 d:- ref:0 ;
in:1575 out:1574 type:P dur:2 cpbdur:2 q:36.92 aq:35.61 tex:970 mv:273 misc:445 imb:6 pmb:48 smb:3546 d:s ref:0 ;
in:1574 out:1575 type:b dur:2 cpbdur:2 q:36.95 aq:31.00 tex:2 mv:13 misc:233 imb:0 pmb:6 smb:3594 d:s ref:0 ;
in:1576 out:1576 type:P dur:2 cpbdur:2 q:37.05 aq:24.15 tex:6515 mv:570 misc:331 imb:38 pmb:53 smb:3509 d:s ref:0 ;
in:1580 out:1577 type:P dur:2 cpbdur:2 q:37.07 aq:25.35 tex:14326 mv:772 misc:350 imb:52 pmb:59 smb:3489 d:s ref:0 ;
in:1578 out:1578 type:B dur:2 cpbdur:2 q:37.06 aq:35.42 tex:559 mv:245 misc:348 imb:3 pmb:60 smb:3537 d:s ref:0 ;
in:1577 out:1579 type:b dur:2 cpbdur:2 q:37.06 aq:36.69 tex:183 mv:97 misc:320 imb:1 pmb:28 smb:3571 d:s ref:0 ;
in:1579 out:1580 type:b dur:2 cpbdur:2 q:37.07 aq:34.71 tex:1664 mv:421 misc:299 imb:3 pmb:57 smb:3540 d:- ref:0 ;
in:1584 out:1581 type:P dur:2 cpbdur:2 q:37.37 aq:29.15 tex:126 mv:26 misc:312 imb:0 pmb:7 smb:3593 d:s ref:0 ;
in:1582 out:1582 type:B dur:2 cpbdur:2 q:37.22 aq:29.00 tex:0 mv:0 misc:232 imb:0 pmb:0 smb:3600 d:s ref:0 ;
in:1581 out:1583 type:b dur:2 cpbdur:2 q:37.15 aq:31.00 tex:0 mv:0 misc:216 imb:0 pmb:0 smb:3600 d:s ref:0 ;
in:1583 out:1584 type:b dur:2 cpbdur:2 q:37.29 aq:31.00 tex:0 mv:0 misc:216 imb:0 pmb:0 smb:3600 d:- ref:0 ;
in:1588 out:1585 type:P dur:2 cpbdur:2 q:37.67 aq:28.53 tex:1625 mv:357 misc:418 imb:48 pmb:49 smb:3503 d:s ref:0 ;
in:1586 out:1586 type:B dur:2 cpbdur:2 q:37.52 aq:33.50 tex:29 mv:31 misc:268 imb:0 pmb:11 smb:3589 d:s ref:0 ;
in:1585 out:1587 type:b dur:2 cpbdur:2 q:37.44 aq:31.00 tex:3 mv:15 misc:230 imb:0 pmb:7 smb:3593 d:s ref:0 ;
in:1587 out:1588 type:b dur:2 cpbdur:2 q:37.60 aq:35.50 tex:33 mv:17 misc:238 imb:0 pmb:4 smb:3596 d:- ref:0 ;
in:1589 out:1589 type:P dur:2 cpbdur:2 q:38.31 aq:29.86 tex:11353 mv:639 misc:336 imb:34 pmb:57 smb:3509 d:s ref:0 ;
in:1593 out:1590 type:P dur:2 cpbdur:2 q:38.33 aq:30.91 tex:16230 mv:1036 misc:398 imb:116 pmb:68 smb:3416 d:s ref:0 ;
in:1591 out:1591 type:B dur:2 cpbdur:2 q:38.32 aq:33.11 tex:32 mv:66 misc:366 imb:0 pmb:37 smb:3563 d:s ref:0 ;
in:1590 out:1592 type:b dur:2 cpbdur:2 q:38.31 aq:37.71 tex:50 mv:25 misc:261 imb:0 pmb:7 smb:3593 d:s ref:0 ;
in:1592 out:1593 type:b dur:2 cpbdur:2 q:38.32 aq:32.00 tex:7 mv:88 misc:305 imb:0 pmb:31 smb:3569 d:- ref:0 ;
in:1597 out:1594 type:P dur:2 cpbdur:2 q:38.29 aq:30.63 tex:807 mv:61 misc:380 imb:0 pmb:26 smb:3574 d:s ref:0 ;
in:1595 out:1595 type:B dur:2 cpbdur:2 q:38.31 aq:30.00 tex:0 mv:0 misc:232 imb:0 pmb:0 smb:3600 d:s ref:0 ;
in:1594 out:1596 type:b dur:2 cpbdur:2 q:38.32 aq:32.00 tex:0 mv:0 misc:216 imb:0 pmb:0 smb:3600 d:s ref:0 ;
in:1596 out:1597 type:b dur:2 cpbdur:2 q:38.30 aq:32.00 tex:0 mv:0 misc:216 imb:0 pmb:0 smb:3600 d:- ref:0 ;
in:1601 out:1598 type:P dur:2 cpbdur:2 q:38.21 aq:26.98 tex:643 mv:24 misc:301 imb:0 pmb:10 smb:3590 d:s ref:0 ;
in:1599 out:1599 type:B dur:2 cpbdur:2 q:38.25 aq:36.63 tex:103 mv:14 misc:259 imb:0 pmb:4 smb:3596 d:s ref:0 ;
in:1598 out:1600 type:b dur:2 cpbdur:2 q:38.27 aq:32.00 tex:0 mv:0 misc:216 imb:0 pmb:0 smb:3600 d:s ref:0 ;
in:1600 out:1601 type:b dur:2 cpbdur:2 q:38.23 aq:32.00 tex:0 mv:0 misc:216 imb:0 pmb:0 smb:3600 d:- ref:0 ;
in:1605 out:1602 type:P dur:2 cpbdur:2 q:38.16 aq:32.87 tex:40 mv:4 misc:260 imb:0 pmb:1 smb:3599 d:s ref:0 ;
in:1603 out:1603 type:B dur:2 cpbdur:2 q:38.19 aq:30.00 tex:0 mv:0 misc:232 imb:0 pmb:0 smb:3600 d:s ref:0 ;
in:1602 out:1604 type:b dur:2 cpbdur:2 q:38.20 aq:32.00 tex:0 mv:0 misc:216 imb:0 pmb:0 smb:3600 d:s ref:0 ;
in:1604 out:1605 type:b dur:2 cpbdur:2 q:38.18 aq:32.00 tex:0 mv:0 misc:216 imb:0 pmb:0 smb:3600 d:- ref:0 ;
in:1609 out:1606 type:P dur:2 cpbdur:2 q:38.05 aq:25.27 tex:14326 mv:1468 misc:534 imb:108 pmb:80 smb:3412 d:s ref:0 ;
in:1607 out:1607 type:B dur:2 cpbdur:2 q:38.11 aq:31.00 tex:10 mv:68 misc:330 imb:0 pmb:39 smb:3561 d:s ref:0 ;
in:1606 out:1608 type:b dur:2 cpbdur:2 q:38.14 aq:37.04 tex:1024 mv:494 misc:378 imb:27 pmb:43 smb:3530 d:s ref:0 ;
in:1608 out:1609 type:b dur:2 cpbdur:2 q:38.08 aq:37.22 tex:44 mv:67 misc:249 imb:0 pmb:11 smb:3589 d:- ref:0 ;
in:1613 out:1610 type:P dur:2 cpbdur:2 q:38.03 aq:26.26 tex:2137 mv:315 misc:476 imb:24 pmb:42 smb:3534 d:s ref:0 ;
in:1611 out:1611 type:B dur:2 cpbdur:2 q:38.04 aq:37.54 tex:70 mv:45 misc:269 imb:0 pmb:12 smb:3588 d:s ref:0 ;
in:1610 out:1612 type:b dur:2 cpbdur:2 q:38.05 aq:32.00 tex:0 mv:0 misc:216 imb:0 pmb:0 smb:3600 d:s ref:0 ;
in:1612 out:1613 type:b dur:2 cpbdur:2 q:38.04 aq:32.00 tex:4 mv:21 misc:239 imb:0 pmb:7 smb:3593 d:- ref:0 ;
in:1617 out:1614 type:P dur:2 cpbdur:2 q:37.99 aq:27.31 tex:14601 mv:1393 misc:542 imb:172 pmb:67 smb:3361 d:s ref:0 ;
in:1615 out:1615 type:B dur:2 cpbdur:2 q:38.01 aq:23.68 tex:302 mv:410 misc:440 imb:17 pmb:52 smb:3531 d:s ref:0 ;
in:1614 out:1616 type:b dur:2 cpbdur:2 q:38.02 aq:32.00 tex:11 mv:78 misc:383 imb:0 pmb:60 smb:3540 d:s ref:0 ;
in:1616 out:1617 type:b dur:2 cpbdur:2 q:38.00 aq:32.70 tex:78 mv:134 misc:284 imb:0 pmb:15 smb:3585 d:- ref:0 ;
in:1621 out:1618 type:P dur:2 cpbdur:2 q:37.95 aq:29.30 tex:1451 mv:233 misc:468 imb:14 pmb:22 smb:3564 d:s ref:0 ;
in:1619 out:1619 type:B dur:2 cpbdur:2 q:37.97 aq:31.38 tex:117 mv:171 misc:328 imb:0 pmb:17 smb:3583 d:s ref:0 ;
in:1618 out:1620 type:b dur:2 cpbdur:2 q:37.98 aq:32.00 tex:0 mv:5 misc:227 imb:0 pmb:1 smb:3599 d:s ref:0 ;
in:1620 out:1621 type:b dur:2 cpbdur:2 q:37.96 aq:32.00 tex:2 mv:60 misc:250 imb:0 pmb:4 smb:3596 d:- ref:0 ;
in:1625 out:1622 type:P dur:2 cpbdur:2 q:37.88 aq:30.64 tex:795 mv:233 misc:420 imb:22 pmb:15 smb:3563 d:s ref:0 ;
in:1623 out:1623 type:B dur:2 cpbdur:2 q:37.91 aq:37.05 tex:111 mv:109 misc:308 imb:0 pmb:12 smb:3588 d:t ref:0 ;
in:1622 out:1624 type:b dur:2 cpbdur:2 q:37.93 aq:32.55 tex:26 mv:43 misc:243 imb:1 pmb:3 smb:3596 d:s ref:0 ;
in:1624 out:1625 type:b dur:2 cpbdur:2 q:37.90 aq:32.00 tex:3 mv:31 misc:246 imb:0 pmb:3 smb:3597 d:- ref:0 ;
in:1629 out:1626 type:P dur:2 cpbdur:2 q:37.80 aq:31.51 tex:1462 mv:286 misc:412 imb:22 pmb:21 smb:3557 d:s ref:0 ;
in:1627 out:1627 type:B dur:2 cpbdur:2 q:37.84 aq:30.72 tex:63 mv:144 misc:297 imb:0 pmb:14 smb:3586 d:t ref:0 ;
in:1626 out:1628 type:b dur:2 cpbdur:2 q:37.86 aq:32.65 tex:57 mv:39 misc:264 imb:0 pmb:7 smb:3593 d:s ref:0 ;
in:1628 out:1629 type:b dur:2 cpbdur:2 q:37.82 aq:32.00 tex:0 mv:89 misc:263 imb:0 pmb:7 smb:3593 d:- ref:0 ;
in:1633 out:1630 type:P dur:2 cpbdur:2 q:37.72 aq:29.45 tex:1082 mv:340 misc:482 imb:14 pmb:35 smb:3551 d:s ref:0 ;
in:1631 out:1631 type:B dur:2 cpbdur:2 q:37.76 aq:30.74 tex:138 mv:180 misc:306 imb:0 pmb:16 smb:3584 d:t ref:0 ;
in:1630 out:1632 type:b dur:2 cpbdur:2 q:37.78 aq:32.00 tex:2 mv:100 misc:258 imb:0 pmb:8 smb:3592 d:s ref:0 ;
in:1632 out:1633 type:b dur:2 cpbdur:2 q:37.74 aq:32.76 tex:38 mv:70 misc:252 imb:0 pmb:6 smb:3594 d:- ref:0 ;
in:1637 out:1634 type:P dur:2 cpbdur:2 q:37.63 aq:29.94 tex:1007 mv:292 misc:445 imb:29 pmb:22 smb:3549 d:s ref:0 ;
in:1635 out:1635 type:B dur:2 cpbdur:2 q:37.68 aq:35.73 tex:251 mv:175 misc:342 imb:0 pmb:27 smb:3573 d:t ref:0 ;
in:1634 out:1636 type:b dur:2 cpbdur:2 q:37.70 aq:32.00 tex:5 mv:44 misc:263 imb:0 pmb:14 smb:3586 d:s ref:0 ;
in:1636 out:1637 type:b dur:2 cpbdur:2 q:37.65 aq:32.00 tex:0 mv:38 misc:242 imb:0 pmb:3 smb:3597 d:- ref:0 ;
in:1641 out:1638 type:P dur:2 cpbdur:2 q:37.58 aq:31.89 tex:1003 mv:277 misc:400 imb:23 pmb:14 smb:3563 d:s ref:0 ;
in:1639 out:1639 type:B dur:2 cpbdur:2 q:37.61 aq:30.38 tex:93 mv:186 misc:329 imb:1 pmb:21 smb:3578 d:t ref:0 ;
in:1638 out:1640 type:b dur:2 cpbdur:2 q:37.62 aq:32.79 tex:68 mv:64 misc:284 imb:0 pmb:11 smb:3589 d:s ref:0 ;
in:1640 out:1641 type:b dur:2 cpbdur:2 q:37.59 aq:32.00 tex:2 mv:43 misc:251 imb:0 pmb:5 smb:3595 d:- ref:0 ;
in:1645 out:1642 type:P dur:2 cpbdur:2 q:37.52 aq:29.66 tex:992 mv:308 misc:388 imb:20 pmb:16 smb:3564 d:s ref:0 ;
in:1643 out:1643 type:B dur:2 cpbdur:2 q:37.55 aq:30.65 tex:94 mv:202 misc:312 imb:0 pmb:19 smb:3581 d:s ref:0 ;
in:1642 out:1644 type:b dur:2 cpbdur:2 q:37.57 aq:32.92 tex:40 mv:76 misc:252 imb:0 pmb:7 smb:3593 d:s ref:0 ;
in:1644 out:1645 type:b dur:2 cpbdur:2 q:37.54 aq:32.00 tex:4 mv:95 misc:261 imb:0 pmb:7 smb:3593 d:- ref:0 ;
in:1649 out:1646 type:P dur:2 cpbdur:2 q:37.46 aq:28.77 tex:1325 mv:418 misc:537 imb:26 pmb:44 smb:3530 d:s ref:0 ;
in:1647 out:1647 type:B dur:2 cpbdur:2 q:37.49 aq:35.76 tex:70 mv:189 misc:317 imb:0 pmb:14 smb:3586 d:s ref:0 ;
in:1646 out:1648 type:b dur:2 cpbdur:2 q:37.51 aq:32.00 tex:2 mv:34 misc:244 imb:0 pmb:3 smb:3597 d:s ref:0 ;
in:1648 out:1649 type:b dur:2 cpbdur:2 q:37.47 aq:31.85 tex:85 mv:67 misc:264 imb:0 pmb:8 smb:3592 d:- ref:0 ;
in:1653 out:1650 type:P dur:2 cpbdur:2 q:37.43 aq:25.65 tex:824 mv:251 misc:477 imb:17 pmb:21 smb:3562 d:s ref:0 ;
in:1651 out:1651 type:B dur:2 cpbdur:2 q:37.44 aq:36.61 tex:151 mv:123 misc:310 imb:0 pmb:16 smb:3584 d:s ref:0 ;
in:1650 out:1652 type:b dur:2 cpbdur:2 q:37.45 aq:31.43 tex:44 mv:59 misc:257 imb:1 pmb:4 smb:3595 d:s ref:0 ;
in:1652 out:1653 type:b dur:2 cpbdur:2 q:37.44 aq:31.92 tex:52 mv:63 misc:253 imb:0 pmb:5 smb:3595 d:- ref:0 ;
in:1657 out:1654 type:P dur:2 cpbdur:2 q:37.36 aq:25.28 tex:1003 mv:219 misc:402 imb:16 pmb:14 smb:3570 d:s ref:0 ;
in:1655 out:1655 type:B dur:2 cpbdur:2 q:37.40 aq:30.13 tex:159 mv:210 misc:319 imb:0 pmb:21 smb:3579 d:t ref:0 ;
in:1654 out:1656 type:b dur:2 cpbdur:2 q:37.41 aq:31.00 tex:0 mv:51 misc:245 imb:0 pmb:4 smb:3596 d:s ref:0 ;
in:1656 out:1657 type:b dur:2 cpbdur:2 q:37.38 aq:31.00 tex:1 mv:39 misc:240 imb:0 pmb:3 smb:3597 d:- ref:0 ;
in:1661 out:1658 type:P dur:2 cpbdur:2 q:37.30 aq:27.36 tex:959 mv:256 misc:425 imb:15 pmb:20 smb:3565 d:s ref:0 ;
in:1659 out:1659 type:B dur:2 cpbdur:2 q:37.33 aq:34.94 tex:75 mv:151 misc:318 imb:1 pmb:13 smb:3586 d:s ref:0 ;
in:1658 out:1660 type:b dur:2 cpbdur:2 q:37.35 aq:31.80 tex:49 mv:66 misc:253 imb:0 pmb:6 smb:3594 d:s ref:0 ;
in:1660 out:1661 type:b dur:2 cpbdur:2 q:37.31 aq:31.00 tex:0 mv:14 misc:226 imb:0 pmb:1 smb:3599 d:- ref:0 ;
in:1665 out:1662 type:P dur:2 cpbdur:2 q:37.22 aq:27.90 tex:980 mv:261 misc:423 imb:11 pmb:25 smb:3564 d:s ref:0 ;
in:1663 out:1663 type:B dur:2 cpbdur:2 q:37.26 aq:36.34 tex:140 mv:120 misc:300 imb:0 pmb:15 smb:3585 d:s ref:0 ;
in:1662 out:1664 type:b dur:2 cpbdur:2 q:37.28 aq:31.30 tex:39 mv:43 misc:246 imb:0 pmb:4 smb:3596 d:s ref:0 ;
in:1664 out:1665 type:b dur:2 cpbdur:2 q:37.24 aq:31.88 tex:81 mv:64 misc:263 imb:0 pmb:7 smb:3593 d:- ref:0 ;
in:1669 out:1666 type:P dur:2 cpbdur:2 q:37.16 aq:28.78 tex:1314 mv:255 misc:431 imb:15 pmb:23 smb:3562 d:s ref:0 ;
in:1667 out:1667 type:B dur:2 cpbdur:2 q:37.19 aq:29.92 tex:118 mv:203 misc:311 imb:0 pmb:16 smb:3584 d:t ref:0 ;
in:1666 out:1668 type:b dur:2 cpbdur:2 q:37.21 aq:31.00 tex:1 mv:70 misc:257 imb:0 pmb:5 smb:3595 d:s ref:0 ;
in:1668 out:1669 type:b dur:2 cpbdur:2 q:37.17 aq:31.86 tex:89 mv:101 misc:250 imb:0 pmb:8 smb:3592 d:- ref:0 ;
in:1673 out:1670 type:P dur:2 cpbdur:2 q:37.06 aq:26.74 tex:1104 mv:293 misc:435 imb:14 pmb:25 smb:3561 d:s ref:0 ;
in:1671 out:1671 type:B dur:2 cpbdur:2 q:37.11 aq:35.32 tex:93 mv:189 misc:334 imb:0 pmb:17 smb:3583 d:t ref:0 ;
in:1670 out:1672 type:b dur:2 cpbdur:2 q:37.13 aq:32.02 tex:82 mv:76 misc:274 imb:0 pmb:10 smb:3590 d:s ref:0 ;
in:1672 out:1673 type:b dur:2 cpbdur:2 q:37.08 aq:31.00 tex:2 mv:55 misc:255 imb:0 pmb:5 smb:3595 d:- ref:0 ;
in:1677 out:1674 type:P dur:2 cpbdur:2 q:36.98 aq:28.49 tex:1554 mv:311 misc:455 imb:15 pmb:36 smb:3549 d:s ref:0 ;
in:1675 out:1675 type:B dur:2 cpbdur:2 q:37.02 aq:36.21 tex:64 mv:179 misc:309 imb:0 pmb:16 smb:3584 d:t ref:0 ;
in:1674 out:1676 type:b dur:2 cpbdur:2 q:37.04 aq:31.30 tex:39 mv:102 misc:267 imb:0 pmb:7 smb:3593 d:s ref:0 ;
in:1676 out:1677 type:b dur:2 cpbdur:2 q:37.00 aq:31.00 tex:1 mv:41 misc:246 imb:0 pmb:3 smb:3597 d:- ref:0 ;
in:1681 out:1678 type:P dur:2 cpbdur:2 q:36.91 aq:26.73 tex:1344 mv:313 misc:447 imb:18 pmb:26 smb:3556 d:s ref:0 ;
in:1679 out:1679 type:B dur:2 cpbdur:2 q:36.94 aq:29.58 tex:70 mv:226 misc:304 imb:0 pmb:19 smb:3581 d:t ref:0 ;
in:1678 out:1680 type:b dur:2 cpbdur:2 q:36.96 aq:31.00 tex:2 mv:57 misc:253 imb:1 pmb:3 smb:3596 d:s ref:0 ;
in:1680 out:1681 type:b dur:2 cpbdur:2 q:36.92 aq:31.79 tex:73 mv:44 misc:267 imb:0 pmb:6 smb:3594 d:- ref:0 ;
in:1685 out:1682 type:P dur:2 cpbdur:2 q:36.83 aq:30.66 tex:1204 mv:252 misc:424 imb:18 pmb:22 smb:3560 d:s ref:0 ;
in:1683 out:1683 type:B dur:2 cpbdur:2 q:36.87 aq:34.55 tex:154 mv:214 misc:344 imb:1 pmb:20 smb:3579 d:t ref:0 ;
in:1682 out:1684 type:b dur:2 cpbdur:2 q:36.89 aq:31.80 tex:36 mv:101 misc:271 imb:0 pmb:7 smb:3593 d:s ref:0 ;
in:1684 out:1685 type:b dur:2 cpbdur:2 q:36.85 aq:31.60 tex:54 mv:15 misc:243 imb:0 pmb:4 smb:3596 d:- ref:0 ;
in:1689 out:1686 type:P dur:2 cpbdur:2 q:36.75 aq:27.89 tex:1023 mv:280 misc:393 imb:17 pmb:17 smb:3566 d:s ref:0 ;
in:1687 out:1687 type:B dur:2 cpbdur:2 q:36.79 aq:36.16 tex:102 mv:230 misc:316 imb:0 pmb:17 smb:3583 d:t ref:0 ;
in:1686 out:1688 type:b dur:2 cpbdur:2 q:36.81 aq:31.26 tex:42 mv:88 misc:270 imb:0 pmb:8 smb:3592 d:s ref:0 ;
in:1688 out:1689 type:b dur:2 cpbdur:2 q:36.77 aq:31.62 tex:33 mv:76 misc:267 imb:0 pmb:7 smb:3593 d:- ref:0 ;
in:1693 out:1690 type:P dur:2 cpbdur:2 q:36.68 aq:30.02 tex:45007 mv:1410 misc:583 imb:153 pmb:69 smb:3378 d:s ref:0 ;
in:1691 out:1691 type:B dur:2 cpbdur:2 q:36.71 aq:29.30 tex:407 mv:328 misc:489 imb:5 pmb:79 smb:3516 d:s ref:0 ;
in:1690 out:1692 type:b dur:2 cpbdur:2 q:36.73 aq:31.00 tex:0 mv:64 misc:256 imb:0 pmb:5 smb:3595 d:t ref:0 ;
in:1692 out:1693 type:b dur:2 cpbdur:2 q:36.70 aq:39.58 tex:765 mv:959 misc:444 imb:5 pmb:87 smb:3508 d:- ref:0 ;
in:1697 out:1694 type:P dur:2 cpbdur:2 q:36.69 aq:27.19 tex:17081 mv:475 misc:508 imb:20 pmb:112 smb:3468 d:s ref:0 ;
in:1695 out:1695 type:B dur:2 cpbdur:2 q:36.69 aq:34.76 tex:47 mv:47 misc:354 imb:0 pmb:37 smb:3563 d:s ref:0 ;
in:1694 out:1696 type:b dur:2 cpbdur:2 q:36.68 aq:35.84 tex:339 mv:96 misc:381 imb:0 pmb:43 smb:3557 d:s ref:0 ;
in:1696 out:1697 type:b dur:2 cpbdur:2 q:36.69 aq:31.00 tex:0 mv:0 misc:216 imb:0 pmb:0 smb:3600 d:- ref:0 ;
in:1701 out:1698 type:P dur:2 cpbdur:2 q:36.65 aq:27.64 tex:1345 mv:106 misc:469 imb:4 pmb:30 smb:3566 d:s ref:0 ;
in:1699 out:1699 type:B dur:2 cpbdur:2 q:36.67 aq:35.61 tex:32 mv:4 misc:244 imb:0 pmb:1 smb:3599 d:s ref:0 ;
in:1698 out:1700 type:b dur:2 cpbdur:2 q:36.68 aq:31.00 tex:0 mv:0 misc:216 imb:0 pmb:0 smb:3600 d:s ref:0 ;
in:1700 out:1701 type:b dur:2 cpbdur:2 q:36.66 aq:31.00 tex:0 mv:0 misc:216 imb:0 pmb:0 smb:3600 d:- ref:0 ;
in:1705 out:1702 type:P dur:2 cpbdur:2 q:36.57 aq:28.28 tex:7626 mv:875 misc:507 imb:147 pmb:31 smb:3422 d:s ref:0 ;
in:1703 out:1703 type:B dur:2 cpbdur:2 q:36.61 aq:28.83 tex:369 mv:277 misc:402 imb:6 pmb:57 smb:3537 d:s ref:0 ;
in:1702 out:1704 type:b dur:2 cpbdur:2 q:36.63 aq:31.00 tex:12 mv:181 misc:383 imb:2 pmb:42 smb:3556 d:s ref:0 ;
in:1704 out:1705 type:b dur:2 cpbdur:2 q:36.59 aq:31.56 tex:34 mv:95 misc:271 imb:1 pmb:8 smb:3591 d:- ref:0 ;
in:1709 out:1706 type:P dur:2 cpbdur:2 q:36.52 aq:25.20 tex:902 mv:348 misc:422 imb:24 pmb:19 smb:3557 d:s ref:0 ;
in:1707 out:1707 type:B dur:2 cpbdur:2 q:36.55 aq:34.66 tex:165 mv:154 misc:313 imb:1 pmb:16 smb:3583 d:t ref:0 ;
in:1706 out:1708 type:b dur:2 cpbdur:2 q:36.56 aq:31.45 tex:37 mv:87 misc:260 imb:0 pmb:7 smb:3593 d:s ref:0 ;
in:1708 out:1709 type:b dur:2 cpbdur:2 q:36.53 aq:31.01 tex:68 mv:72 misc:260 imb:1 pmb:6 smb:3593 d:- ref:0 ;
in:1713 out:1710 type:P dur:2 cpbdur:2 q:36.46 aq:29.56 tex:1208 mv:389 misc:459 imb:49 pmb:14 smb:3537 d:s ref:0 ;
in:1711 out:1711 type:B dur:2 cpbdur:2 q:36.49 aq:29.55 tex:115 mv:163 misc:330 imb:0 pmb:37 smb:3563 d:t ref:0 ;
in:1710 out:1712 type:b dur:2 cpbdur:2 q:36.51 aq:31.15 tex:38 mv:48 misc:258 imb:1 pmb:4 smb:3595 d:s ref:0 ;
in:1712 out:1713 type:b dur:2 cpbdur:2 q:36.47 aq:29.82 tex:15 mv:92 misc:277 imb:1 pmb:27 smb:3572 d:- ref:0 ;
in:1717 out:1714 type:P dur:2 cpbdur:2 q:36.53 aq:30.83 tex:2655 mv:290 misc:383 imb:27 pmb:8 smb:3565 d:s ref:0 ;
in:1715 out:1715 type:B dur:2 cpbdur:2 q:36.50 aq:29.00 tex:7 mv:229 misc:324 imb:0 pmb:25 smb:3575 d:s ref:0 ;
in:1714 out:1716 type:b dur:2 cpbdur:2 q:36.48 aq:29.72 tex:13 mv:116 misc:271 imb:1 pmb:13 smb:3586 d:s ref:0 ;
in:1716 out:1717 type:b dur:2 cpbdur:2 q:36.51 aq:31.00 tex:1 mv:74 misc:253 imb:0 pmb:5 smb:3595 d:- ref:0 ;
in:1721 out:1718 type:P dur:2 cpbdur:2 q:36.53 aq:30.01 tex:464 mv:259 misc:349 imb:15 pmb:8 smb:3577 d:s ref:0 ;
in:1719 out:1719 type:B dur:2 cpbdur:2 q:36.53 aq:34.56 tex:231 mv:187 misc:310 imb:1 pmb:17 smb:3582 d:s ref:0 ;
in:1718 out:1720 type:b dur:2 cpbdur:2 q:36.53 aq:31.49 tex:39 mv:43 misc:238 imb:0 pmb:3 smb:3597 d:s ref:0 ;
in:1720 out:1721 type:b dur:2 cpbdur:2 q:36.53 aq:31.45 tex:52 mv:80 misc:252 imb:1 pmb:7 smb:3592 d:- ref:0 ;
in:1725 out:1722 type:P dur:2 cpbdur:2 q:36.49 aq:28.98 tex:646 mv:376 misc:426 imb:58 pmb:7 smb:3535 d:s ref:0 ;
in:1723 out:1723 type:B dur:2 cpbdur:2 q:36.51 aq:29.51 tex:210 mv:201 misc:325 imb:5 pmb:16 smb:3579 d:s ref:0 ;
in:1722 out:1724 type:b dur:2 cpbdur:2 q:36.52 aq:31.00 tex:3 mv:67 misc:258 imb:0 pmb:10 smb:3590 d:s ref:0 ;
in:1724 out:1725 type:b dur:2 cpbdur:2 q:36.50 aq:30.82 tex:10 mv:85 misc:249 imb:1 pmb:5 smb:3594 d:- ref:0 ;
in:1729 out:1726 type:P dur:2 cpbdur:2 q:36.45 aq:30.36 tex:1069 mv:241 misc:362 imb:16 pmb:12 smb:3572 d:s ref:0 ;
in:1727 out:1727 type:B dur:2 cpbdur:2 q:36.47 aq:29.63 tex:111 mv:174 misc:307 imb:1 pmb:16 smb:3583 d:t ref:0 ;
in:1726 out:1728 type:b dur:2 cpbdur:2 q:36.48 aq:30.00 tex:4 mv:49 misc:243 imb:0 pmb:5 smb:3595 d:s ref:0 ;
in:1728 out:1729 type:b dur:2 cpbdur:2 q:36.46 aq:30.00 tex:2 mv:67 misc:267 imb:0 pmb:7 smb:3593 d:- ref:0 ;
in:1733 out:1730 type:P dur:2 cpbdur:2 q:36.39 aq:29.24 tex:1830 mv:411 misc:471 imb:21 pmb:35 smb:3544 d:s ref:0 ;
in:1731 out:1731 type:B dur:2 cpbdur:2 q:36.42 aq:35.92 tex:185 mv:200 misc:327 imb:1 pmb:16 smb:3583 d:t ref:0 ;
in:1730 out:1732 type:b dur:2 cpbdur:2 q:36.44 aq:30.00 tex:0 mv:65 misc:255 imb:0 pmb:5 smb:3595 d:s ref:0 ;
in:1732 out:1733 type:b dur:2 cpbdur:2 q:36.41 aq:30.00 tex:3 mv:83 misc:266 imb:0 pmb:6 smb:3594 d:- ref:0 ;
in:1737 out:1734 type:P dur:2 cpbdur:2 q:36.32 aq:29.52 tex:66935 mv:1606 misc:507 imb:212 pmb:66 smb:3322 d:s ref:0 ;
in:1735 out:1735 type:B dur:2 cpbdur:2 q:36.36 aq:37.55 tex:632 mv:255 misc:537 imb:1 pmb:103 smb:3496 d:s ref:0 ;
in:1734 out:1736 type:b dur:2 cpbdur:2 q:36.37 aq:38.72 tex:1705 mv:1160 misc:471 imb:16 pmb:102 smb:3482 d:s ref:0 ;
in:1736 out:1737 type:b dur:2 cpbdur:2 q:36.34 aq:30.00 tex:11 mv:41 misc:388 imb:0 pmb:38 smb:3562 d:- ref:0 ;
in:1741 out:1738 type:P dur:2 cpbdur:2 q:36.35 aq:29.67 tex:1355 mv:157 misc:464 imb:11 pmb:27 smb:3562 d:s ref:0 ;
in:1739 out:1739 type:B dur:2 cpbdur:2 q:36.34 aq:28.00 tex:0 mv:0 misc:232 imb:0 pmb:0 smb:3600 d:s ref:0 ;
in:1738 out:1740 type:b dur:2 cpbdur:2 q:36.33 aq:30.00 tex:0 mv:0 misc:216 imb:0 pmb:0 smb:3600 d:s ref:0 ;
in:1740 out:1741 type:b dur:2 cpbdur:2 q:36.34 aq:30.00 tex:0 mv:0 misc:216 imb:0 pmb:0 smb:3600 d:- ref:0 ;
in:1745 out:1742 type:P dur:2 cpbdur:2 q:36.25 aq:29.38 tex:6255 mv:432 misc:441 imb:25 pmb:37 smb:3538 d:s ref:0 ;
in:1743 out:1743 type:B dur:2 cpbdur:2 q:36.30 aq:34.61 tex:54 mv:31 misc:283 imb:0 pmb:10 smb:3590 d:s ref:0 ;
in:1742 out:1744 type:b dur:2 cpbdur:2 q:36.33 aq:30.00 tex:0 mv:0 misc:216 imb:0 pmb:0 smb:3600 d:s ref:0 ;
in:1744 out:1745 type:b dur:2 cpbdur:2 q:36.27 aq:30.00 tex:2 mv:10 misc:236 imb:0 pmb:4 smb:3596 d:- ref:0 ;
in:1749 out:1746 type:P dur:2 cpbdur:2 q:36.16 aq:28.34 tex:706 mv:89 misc:373 imb:4 pmb:14 smb:3582 d:s ref:0 ;
in:1747 out:1747 type:B dur:2 cpbdur:2 q:36.21 aq:28.00 tex:2 mv:6 misc:256 imb:0 pmb:2 smb:3598 d:s ref:0 ;
in:1746 out:1748 type:b dur:2 cpbdur:2 q:36.23 aq:30.00 tex:0 mv:0 misc:216 imb:0 pmb:0 smb:3600 d:s ref:0 ;
in:1748 out:1749 type:b dur:2 cpbdur:2 q:36.18 aq:30.00 tex:0 mv:0 misc:216 imb:0 pmb:0 smb:3600 d:- ref:0 ;
in:1753 out:1750 type:P dur:2 cpbdur:2 q:36.07 aq:26.24 tex:992 mv:94 misc:402 imb:4 pmb:19 smb:3577 d:s ref:0 ;
in:1751 out:1751 type:B dur:2 cpbdur:2 q:36.11 aq:28.00 tex:0 mv:0 misc:232 imb:0 pmb:0 smb:3600 d:s ref:0 ;
in:1750 out:1752 type:b dur:2 cpbdur:2 q:36.14 aq:30.00 tex:0 mv:0 misc:216 imb:0 pmb:0 smb:3600 d:s ref:0 ;
in:1752 out:1753 type:b dur:2 cpbdur:2 q:36.09 aq:30.00 tex:0 mv:0 misc:216 imb:0 pmb:0 smb:3600 d:- ref:0 ;
in:1757 out:1754 type:P dur:2 cpbdur:2 q:35.99 aq:32.80 tex:38337 mv:2388 misc:1219 imb:166 pmb:282 smb:3152 d:s ref:0 ;
in:1755 out:1755 type:B dur:2 cpbdur:2 q:36.03 aq:31.19 tex:520 mv:397 misc:1003 imb:22 pmb:212 smb:3366 d:s ref:0 ;
in:1754 out:1756 type:b dur:2 cpbdur:2 q:36.05 aq:30.00 tex:5 mv:35 misc:240 imb:0 pmb:24 smb:3576 d:s ref:0 ;
in:1756 out:1757 type:b dur:2 cpbdur:2 q:36.01 aq:38.73 tex:11340 mv:1713 misc:1051 imb:20 pmb:337 smb:3243 d:- ref:0 ;
in:1761 out:1758 type:P dur:2 cpbdur:2 q:36.20 aq:31.41 tex:46245 mv:2439 misc:1268 imb:158 pmb:468 smb:2974 d:s ref:0 ;
in:1759 out:1759 type:B dur:2 cpbdur:2 q:36.09 aq:37.51 tex:11193 mv:1252 misc:1179 imb:13 pmb:331 smb:3256 d:s ref:0 ;
in:1758 out:1760 type:b dur:2 cpbdur:2 q:36.04 aq:37.71 tex:9300 mv:1180 misc:1032 imb:14 pmb:286 smb:3300 d:s ref:0 ;
in:1760 out:1761 type:b dur:2 cpbdur:2 q:36.14 aq:37.92 tex:8526 mv:943 misc:971 imb:8 pmb:240 smb:3352 d:- ref:0 ;
in:1765 out:1762 type:P dur:2 cpbdur:2 q:36.28 aq:30.27 tex:40572 mv:2618 misc:1258 imb:136 pmb:536 smb:2928 d:s ref:0 ;
in:1763 out:1763 type:B dur:2 cpbdur:2 q:36.24 aq:37.16 tex:6999 mv:948 misc:1037 imb:9 pmb:238 smb:3353 d:s ref:0 ;
in:1762 out:1764 type:b dur:2 cpbdur:2 q:36.22 aq:37.33 tex:6091 mv:668 misc:921 imb:6 pmb:206 smb:3388 d:s ref:0 ;
in:1764 out:1765 type:b dur:2 cpbdur:2 q:36.26 aq:37.41 tex:3881 mv:519 misc:864 imb:4 pmb:170 smb:3426 d:- ref:0 ;
in:1769 out:1766 type:P dur:2 cpbdur:2 q:36.36 aq:24.55 tex:46258 mv:2342 misc:1344 imb:147 pmb:381 smb:3072 d:s ref:0 ;
in:1767 out:1767 type:B dur:2 cpbdur:2 q:36.32 aq:37.38 tex:734 mv:417 misc:857 imb:0 pmb:174 smb:3426 d:s ref:0 ;
in:1766 out:1768 type:b dur:2 cpbdur:2 q:36.30 aq:32.72 tex:685 mv:542 misc:789 imb:16 pmb:137 smb:3447 d:s ref:0 ;
in:1768 out:1769 type:b dur:2 cpbdur:2 q:36.34 aq:41.62 tex:142 mv:52 misc:310 imb:0 pmb:21 smb:3579 d:- ref:0 ;
in:1773 out:1770 type:P dur:2 cpbdur:2 q:36.41 aq:24.03 tex:2784 mv:146 misc:870 imb:1 pmb:131 smb:3468 d:s ref:0 ;
in:1771 out:1771 type:B dur:2 cpbdur:2 q:36.39 aq:28.00 tex:0 mv:0 misc:232 imb:0 pmb:0 smb:3600 d:s ref:0 ;
in:1770 out:1772 type:b dur:2 cpbdur:2 q:36.37 aq:30.00 tex:0 mv:0 misc:216 imb:0 pmb:0 smb:3600 d:s ref:0 ;
in:1772 out:1773 type:b dur:2 cpbdur:2 q:36.40 aq:30.00 tex:0 mv:0 misc:216 imb:0 pmb:0 smb:3600 d:- ref:0 ;
in:1777 out:1774 type:P dur:2 cpbdur:2 q:36.36 aq:26.45 tex:8750 mv:646 misc:1244 imb:48 pmb:235 smb:3317 d:s ref:0 ;
in:1775 out:1775 type:B dur:2 cpbdur:2 q:36.39 aq:32.72 tex:57 mv:71 misc:296 imb:0 pmb:23 smb:3577 d:s ref:0 ;
in:1774 out:1776 type:b dur:2 cpbdur:2 q:36.40 aq:30.00 tex:0 mv:0 misc:216 imb:0 pmb:0 smb:3600 d:s ref:0 ;
in:1776 out:1777 type:b dur:2 cpbdur:2 q:36.37 aq:30.00 tex:9 mv:60 misc:275 imb:1 pmb:21 smb:3578 d:- ref:0 ;
in:1780 out:1778 type:P dur:2 cpbdur:2 q:36.46 aq:26.39 tex:20746 mv:1585 misc:789 imb:165 pmb:104 smb:3331 d:s ref:0 ;
in:1778 out:1779 type:B dur:2 cpbdur:2 q:36.39 aq:29.00 tex:19 mv:86 misc:423 imb:0 pmb:67 smb:3533 d:s ref:0 ;
in:1779 out:1780 type:b dur:2 cpbdur:2 q:36.43 aq:33.42 tex:81 mv:177 misc:318 imb:9 pmb:26 smb:3565 d:- ref:0 ;
in:1784 out:1781 type:P dur:2 cpbdur:2 q:36.60 aq:25.38 tex:8958 mv:881 misc:577 imb:66 pmb:107 smb:3427 d:s ref:0 ;
in:1782 out:1782 type:B dur:2 cpbdur:2 q:36.53 aq:22.42 tex:69 mv:69 misc:366 imb:1 pmb:34 smb:3565 d:s ref:0 ;
in:1781 out:1783 type:b dur:2 cpbdur:2 q:36.49 aq:37.89 tex:134 mv:64 misc:322 imb:1 pmb:27 smb:3572 d:s ref:0 ;
in:1783 out:1784 type:b dur:2 cpbdur:2 q:36.56 aq:31.00 tex:0 mv:0 misc:216 imb:0 pmb:0 smb:3600 d:- ref:0 ;
in:1788 out:1785 type:P dur:2 cpbdur:2 q:36.71 aq:23.11 tex:1097 mv:168 misc:495 imb:10 pmb:31 smb:3559 d:s ref:0 ;
in:1786 out:1786 type:B dur:2 cpbdur:2 q:36.66 aq:29.00 tex:2 mv:16 misc:254 imb:0 pmb:6 smb:3594 d:s ref:0 ;
in:1785 out:1787 type:b dur:2 cpbdur:2 q:36.63 aq:31.00 tex:0 mv:0 misc:216 imb:0 pmb:0 smb:3600 d:s ref:0 ;
in:1787 out:1788 type:b dur:2 cpbdur:2 q:36.68 aq:31.00 tex:3 mv:15 misc:230 imb:0 pmb:7 smb:3593 d:- ref:0 ;
in:1792 out:1789 type:P dur:2 cpbdur:2 q:36.79 aq:23.82 tex:548 mv:141 misc:431 imb:19 pmb:16 smb:3565 d:s ref:0 ;
in:1790 out:1790 type:B dur:2 cpbdur:2 q:36.75 aq:29.00 tex:2 mv:16 misc:270 imb:0 pmb:7 smb:3593 d:s ref:0 ;
in:1789 out:1791 type:b dur:2 cpbdur:2 q:36.73 aq:31.00 tex:0 mv:0 misc:216 imb:0 pmb:0 smb:3600 d:s ref:0 ;
in:1791 out:1792 type:b dur:2 cpbdur:2 q:36.77 aq:31.00 tex:0 mv:0 misc:216 imb:0 pmb:0 smb:3600 d:- ref:0 ;
in:1796 out:1793 type:P dur:2 cpbdur:2 q:36.75 aq:28.42 tex:14496 mv:1236 misc:500 imb:116 pmb:53 smb:3431 d:s ref:0 ;
in:1794 out:1794 type:B dur:2 cpbdur:2 q:36.77 aq:36.58 tex:857 mv:688 misc:423 imb:25 pmb:58 smb:3517 d:s ref:0 ;
in:1793 out:1795 type:b dur:2 cpbdur:2 q:36.78 aq:24.09 tex:28 mv:69 misc:327 imb:1 pmb:27 smb:3572 d:s ref:0 ;
in:1795 out:1796 type:b dur:2 cpbdur:2 q:36.76 aq:22.79 tex:66 mv:165 misc:345 imb:8 pmb:36 smb:3556 d:- ref:0 ;
in:1800 out:1797 type:P dur:2 cpbdur:2 q:36.70 aq:25.93 tex:1359 mv:199 misc:442 imb:2 pmb:45 smb:3553 d:s ref:0 ;
in:1798 out:1798 type:B dur:2 cpbdur:2 q:36.73 aq:31.73 tex:345 mv:49 misc:270 imb:0 pmb:14 smb:3586 d:s ref:0 ;
in:1797 out:1799 type:b dur:2 cpbdur:2 q:36.74 aq:34.81 tex:36 mv:29 misc:239 imb:0 pmb:9 smb:3591 d:s ref:0 ;
in:1799 out:1800 type:b dur:2 cpbdur:2 q:36.71 aq:31.00 tex:0 mv:0 misc:216 imb:0 pmb:0 smb:3600 d:- ref:0 ;
in:1802 out:1801 type:P dur:2 cpbdur:2 q:36.65 aq:21.92 tex:3997 mv:427 misc:496 imb:23 pmb:42 smb:3535 d:s ref:0 ;
in:1801 out:1802 type:b dur:2 cpbdur:2 q:36.68 aq:35.31 tex:114 mv:14 misc:240 imb:0 pmb:4 smb:3596 d:s ref:0 ;
in:1806 out:1803 type:P dur:2 cpbdur:2 q:36.63 aq:25.63 tex:15067 mv:1242 misc:491 imb:182 pmb:49 smb:3369 d:s ref:0 ;
in:1804 out:1804 type:B dur:2 cpbdur:2 q:36.64 aq:21.89 tex:289 mv:298 misc:461 imb:10 pmb:59 smb:3531 d:s ref:0 ;
in:1803 out:1805 type:b dur:2 cpbdur:2 q:36.65 aq:23.12 tex:77 mv:281 misc:410 imb:25 pmb:36 smb:3539 d:s ref:0 ;
in:1805 out:1806 type:b dur:2 cpbdur:2 q:36.64 aq:31.65 tex:34 mv:30 misc:256 imb:0 pmb:5 smb:3595 d:- ref:0 ;
in:1810 out:1807 type:P dur:2 cpbdur:2 q:36.57 aq:28.67 tex:1559 mv:292 misc:421 imb:17 pmb:23 smb:3560 d:s ref:0 ;
in:1808 out:1808 type:B dur:2 cpbdur:2 q:36.60 aq:30.08 tex:192 mv:219 misc:325 imb:1 pmb:19 smb:3580 d:s ref:0 ;
in:1807 out:1809 type:b dur:2 cpbdur:2 q:36.62 aq:31.00 tex:1 mv:68 misc:259 imb:0 pmb:6 smb:3594 d:s ref:0 ;
in:1809 out:1810 type:b dur:2 cpbdur:2 q:36.59 aq:31.00 tex:4 mv:102 misc:262 imb:1 pmb:7 smb:3592 d:- ref:0 ;
in:1814 out:1811 type:P dur:2 cpbdur:2 q:36.48 aq:22.54 tex:1600 mv:306 misc:542 imb:15 pmb:45 smb:3540 d:s ref:0 ;
in:1812 out:1812 type:B dur:2 cpbdur:2 q:36.52 aq:35.22 tex:86 mv:243 misc:319 imb:0 pmb:18 smb:3582 d:t ref:0 ;
in:1811 out:1813 type:b dur:2 cpbdur:2 q:36.55 aq:31.00 tex:2 mv:112 misc:278 imb:0 pmb:10 smb:3590 d:s ref:0 ;
in:1813 out:1814 type:b dur:2 cpbdur:2 q:36.50 aq:31.00 tex:2 mv:88 misc:262 imb:0 pmb:7 smb:3593 d:- ref:0 ;
in:1815 out:1815 type:I dur:2 cpbdur:2 q:33.66 aq:19.35 tex:424518 mv:81743 misc:227 imb:3600 pmb:0 smb:0 d:s ref:;
in:1819 out:1816 type:P dur:2 cpbdur:2 q:37.56 aq:31.38 tex:1260 mv:290 misc:426 imb:27 pmb:17 smb:3556 d:s ref:0 ;
in:1817 out:1817 type:B dur:2 cpbdur:2 q:37.56 aq:32.62 tex:164 mv:130 misc:298 imb:0 pmb:15 smb:3585 d:t ref:0 ;
in:1816 out:1818 type:b dur:2 cpbdur:2 q:37.56 aq:32.00 tex:2 mv:48 misc:246 imb:0 pmb:4 smb:3596 d:s ref:0 ;
in:1818 out:1819 type:b dur:2 cpbdur:2 q:37.56 aq:32.00 tex:0 mv:51 misc:237 imb:0 pmb:3 smb:3597 d:- ref:0 ;
in:1823 out:1820 type:P dur:2 cpbdur:2 q:37.49 aq:28.50 tex:1272 mv:294 misc:402 imb:32 pmb:7 smb:3561 d:s ref:0 ;
in:1821 out:1821 type:B dur:2 cpbdur:2 q:37.53 aq:37.04 tex:107 mv:194 misc:355 imb:1 pmb:29 smb:3570 d:t ref:0 ;
in:1820 out:1822 type:b dur:2 cpbdur:2 q:37.55 aq:32.87 tex:59 mv:52 misc:265 imb:0 pmb:6 smb:3594 d:s ref:0 ;
in:1822 out:1823 type:b dur:2 cpbdur:2 q:37.51 aq:31.78 tex:15 mv:64 misc:265 imb:1 pmb:13 smb:3586 d:- ref:0 ;
in:1827 out:1824 type:P dur:2 cpbdur:2 q:37.43 aq:30.72 tex:733 mv:416 misc:459 imb:53 pmb:17 smb:3530 d:s ref:0 ;
in:1825 out:1825 type:B dur:2 cpbdur:2 q:37.46 aq:30.35 tex:62 mv:205 misc:317 imb:1 pmb:17 smb:3582 d:t ref:0 ;
in:1824 out:1826 type:b dur:2 cpbdur:2 q:37.48 aq:32.77 tex:32 mv:115 misc:269 imb:0 pmb:8 smb:3592 d:s ref:0 ;
in:1826 out:1827 type:b dur:2 cpbdur:2 q:37.44 aq:31.80 tex:35 mv:98 misc:275 imb:0 pmb:8 smb:3592 d:- ref:0 ;
in:1831 out:1828 type:P dur:2 cpbdur:2 q:37.39 aq:31.73 tex:838 mv:283 misc:407 imb:19 pmb:14 smb:3567 d:s ref:0 ;
in:1829 out:1829 type:B dur:2 cpbdur:2 q:37.41 aq:30.81 tex:166 mv:214 misc:308 imb:3 pmb:15 smb:3582 d:t ref:0 ;
in:1828 out:1830 type:b dur:2 cpbdur:2 q:37.42 aq:31.88 tex:32 mv:32 misc:248 imb:0 pmb:4 smb:3596 d:s ref:0 ;
in:1830 out:1831 type:b dur:2 cpbdur:2 q:37.40 aq:31.00 tex:1 mv:58 misc:253 imb:0 pmb:4 smb:3596 d:- ref:0 ;
in:1835 out:1832 type:P dur:2 cpbdur:2 q:37.33 aq:28.21 tex:830 mv:343 misc:379 imb:23 pmb:15 smb:3562 d:s ref:0 ;
in:1833 out:1833 type:B dur:2 cpbdur:2 q:37.36 aq:36.10 tex:145 mv:104 misc:319 imb:2 pmb:13 smb:3585 d:t ref:0 ;
in:1832 out:1834 type:b dur:2 cpbdur:2 q:37.38 aq:31.45 tex:37 mv:58 misc:249 imb:0 pmb:4 smb:3596 d:s ref:0 ;
in:1834 out:1835 type:b dur:2 cpbdur:2 q:37.35 aq:31.39 tex:35 mv:24 misc:237 imb:0 pmb:3 smb:3597 d:- ref:0 ;
in:1839 out:1836 type:P dur:2 cpbdur:2 q:37.27 aq:31.68 tex:1171 mv:326 misc:383 imb:19 pmb:17 smb:3564 d:s ref:0 ;
in:1837 out:1837 type:B dur:2 cpbdur:2 q:37.30 aq:29.94 tex:96 mv:192 misc:296 imb:0 pmb:17 smb:3583 d:s ref:0 ;
in:1836 out:1838 type:b dur:2 cpbdur:2 q:37.32 aq:31.00 tex:0 mv:74 misc:262 imb:0 pmb:6 smb:3594 d:s ref:0 ;
in:1838 out:1839 type:b dur:2 cpbdur:2 q:37.28 aq:31.00 tex:1 mv:65 misc:254 imb:0 pmb:5 smb:3595 d:- ref:0 ;
in:1843 out:1840 type:P dur:2 cpbdur:2 q:37.76 aq:31.56 tex:683 mv:365 misc:392 imb:20 pmb:17 smb:3563 d:s ref:0 ;
in:1841 out:1841 type:B dur:2 cpbdur:2 q:37.52 aq:30.79 tex:158 mv:175 misc:307 imb:0 pmb:17 smb:3583 d:t ref:0 ;
in:1840 out:1842 type:b dur:2 cpbdur:2 q:37.39 aq:31.00 tex:4 mv:87 misc:269 imb:0 pmb:8 smb:3592 d:t ref:0 ;
in:1842 out:1843 type:b dur:2 cpbdur:2 q:37.64 aq:32.26 tex:37 mv:47 misc:252 imb:0 pmb:4 smb:3596 d:- ref:0 ;
in:1847 out:1844 type:P dur:2 cpbdur:2 q:37.69 aq:28.44 tex:647 mv:263 misc:354 imb:19 pmb:9 smb:3572 d:s ref:0 ;
in:1845 out:1845 type:B dur:2 cpbdur:2 q:37.73 aq:37.39 tex:179 mv:100 misc:313 imb:0 pmb:15 smb:3585 d:t ref:0 ;
in:1844 out:1846 type:b dur:2 cpbdur:2 q:37.75 aq:32.00 tex:2 mv:36 misc:242 imb:0 pmb:3 smb:3597 d:s ref:0 ;
in:1846 out:1847 type:b dur:2 cpbdur:2 q:37.71 aq:32.35 tex:27 mv:40 misc:253 imb:0 pmb:4 smb:3596 d:- ref:0 ;
in:1851 out:1848 type:P dur:2 cpbdur:2 q:37.63 aq:31.65 tex:873 mv:289 misc:350 imb:15 pmb:15 smb:3570 d:s ref:0 ;
in:1849 out:1849 type:B dur:2 cpbdur:2 q:37.66 aq:30.79 tex:107 mv:133 misc:296 imb:0 pmb:13 smb:3587 d:t ref:0 ;
in:1848 out:1850 type:b dur:2 cpbdur:2 q:37.68 aq:32.26 tex:28 mv:53 misc:255 imb:0 pmb:6 smb:3594 d:s ref:0 ;
in:1850 out:1851 type:b dur:2 cpbdur:2 q:37.65 aq:32.00 tex:1 mv:48 misc:247 imb:0 pmb:4 smb:3596 d:- ref:0 ;
in:1855 out:1852 type:P dur:2 cpbdur:2 q:37.56 aq:31.57 tex:699 mv:272 misc:389 imb:12 pmb:18 smb:3570 d:s ref:0 ;
in:1853 out:1853 type:B dur:2 cpbdur:2 q:37.59 aq:30.32 tex:174 mv:192 misc:330 imb:1 pmb:20 smb:3579 d:t ref:0 ;
in:1852 out:1854 type:b dur:2 cpbdur:2 q:37.61 aq:32.00 tex:4 mv:46 misc:254 imb:0 pmb:5 smb:3595 d:s ref:0 ;
in:1854 out:1855 type:b dur:2 cpbdur:2 q:37.58 aq:32.26 tex:34 mv:39 misc:247 imb:0 pmb:4 smb:3596 d:- ref:0 ;
in:1859 out:1856 type:P dur:2 cpbdur:2 q:37.48 aq:28.21 tex:571 mv:257 misc:372 imb:17 pmb:7 smb:3576 d:s ref:0 ;
in:1857 out:1857 type:B dur:2 cpbdur:2 q:37.52 aq:37.17 tex:106 mv:184 misc:326 imb:0 pmb:18 smb:3582 d:t ref:0 ;
in:1856 out:1858 type:b dur:2 cpbdur:2 q:37.54 aq:32.55 tex:25 mv:71 misc:264 imb:1 pmb:5 smb:3594 d:s ref:0 ;
in:1858 out:1859 type:b dur:2 cpbdur:2 q:37.50 aq:32.00 tex:3 mv:26 misc:243 imb:0 pmb:3 smb:3597 d:- ref:0 ;
in:1863 out:1860 type:P dur:2 cpbdur:2 q:37.42 aq:30.98 tex:912 mv:298 misc:406 imb:18 pmb:17 smb:3565 d:s ref:0 ;
in:1861 out:1861 type:B dur:2 cpbdur:2 q:37.45 aq:30.36 tex:121 mv:136 misc:303 imb:1 pmb:13 smb:3586 d:s ref:0 ;
in:1860 out:1862 type:b dur:2 cpbdur:2 q:37.47 aq:32.00 tex:2 mv:39 misc:255 imb:0 pmb:6 smb:3594 d:s ref:0 ;
in:1862 out:1863 type:b dur:2 cpbdur:2 q:37.44 aq:31.93 tex:34 mv:52 misc:266 imb:0 pmb:7 smb:3593 d:- ref:0 ;
in:1867 out:1864 type:P dur:2 cpbdur:2 q:37.36 aq:31.02 tex:895 mv:289 misc:392 imb:15 pmb:17 smb:3568 d:s ref:0 ;
in:1865 out:1865 type:B dur:2 cpbdur:2 q:37.39 aq:29.70 tex:116 mv:174 misc:302 imb:1 pmb:16 smb:3583 d:t ref:0 ;
in:1864 out:1866 type:b dur:2 cpbdur:2 q:37.41 aq:31.89 tex:59 mv:65 misc:260 imb:0 pmb:6 smb:3594 d:s ref:0 ;
in:1866 out:1867 type:b dur:2 cpbdur:2 q:37.37 aq:31.88 tex:52 mv:40 misc:260 imb:0 pmb:5 smb:3595 d:- ref:0 ;
in:1871 out:1868 type:P dur:2 cpbdur:2 q:37.28 aq:29.00 tex:836 mv:296 misc:356 imb:18 pmb:13 smb:3569 d:s ref:0 ;
in:1869 out:1869 type:B dur:2 cpbdur:2 q:37.32 aq:37.11 tex:159 mv:194 misc:335 imb:0 pmb:21 smb:3579 d:t ref:0 ;
in:1868 out:1870 type:b dur:2 cpbdur:2 q:37.34 aq:31.00 tex:3 mv:123 misc:258 imb:0 pmb:6 smb:3594 d:s ref:0 ;
in:1870 out:1871 type:b dur:2 cpbdur:2 q:37.30 aq:31.39 tex:37 mv:47 misc:244 imb:0 pmb:4 smb:3596 d:- ref:0 ;
in:1875 out:1872 type:P dur:2 cpbdur:2 q:37.22 aq:30.87 tex:729 mv:291 misc:388 imb:18 pmb:14 smb:3568 d:s ref:0 ;
in:1873 out:1873 type:B dur:2 cpbdur:2 q:37.25 aq:29.76 tex:102 mv:153 misc:313 imb:2 pmb:13 smb:3585 d:s ref:0 ;
in:1872 out:1874 type:b dur:2 cpbdur:2 q:37.27 aq:31.00 tex:1 mv:37 misc:242 imb:0 pmb:3 smb:3597 d:s ref:0 ;
in:1874 out:1875 type:b dur:2 cpbdur:2 q:37.24 aq:31.66 tex:36 mv:66 misc:250 imb:0 pmb:8 smb:3592 d:- ref:0 ;
in:1879 out:1876 type:P dur:2 cpbdur:2 q:37.16 aq:30.95 tex:960 mv:332 misc:380 imb:16 pmb:18 smb:3566 d:s ref:0 ;
in:1877 out:1877 type:B dur:2 cpbdur:2 q:37.19 aq:30.05 tex:102 mv:153 misc:305 imb:0 pmb:16 smb:3584 d:t ref:0 ;
in:1876 out:1878 type:b dur:2 cpbdur:2 q:37.21 aq:31.00 tex:0 mv:54 misc:250 imb:0 pmb:4 smb:3596 d:s ref:0 ;
in:1878 out:1879 type:b dur:2 cpbdur:2 q:37.17 aq:31.30 tex:39 mv:78 misc:267 imb:0 pmb:8 smb:3592 d:- ref:0 ;
in:1883 out:1880 type:P dur:2 cpbdur:2 q:37.09 aq:28.38 tex:653 mv:306 misc:385 imb:15 pmb:15 smb:3570 d:s ref:0 ;
in:1881 out:1881 type:B dur:2 cpbdur:2 q:37.12 aq:37.33 tex:110 mv:232 misc:322 imb:0 pmb:18 smb:3582 d:t ref:0 ;
in:1880 out:1882 type:b dur:2 cpbdur:2 q:37.14 aq:31.45 tex:34 mv:60 misc:258 imb:0 pmb:5 smb:3595 d:s ref:0 ;
in:1882 out:1883 type:b dur:2 cpbdur:2 q:37.10 aq:31.00 tex:1 mv:109 misc:266 imb:0 pmb:7 smb:3593 d:- ref:0 ;
in:1887 out:1884 type:P dur:2 cpbdur:2 q:37.02 aq:30.89 tex:789 mv:252 misc:383 imb:19 pmb:12 smb:3569 d:s ref:0 ;
in:1885 out:1885 type:B dur:2 cpbdur:2 q:37.05 aq:29.74 tex:171 mv:155 misc:298 imb:4 pmb:11 smb:3585 d:t ref:0 ;
in:1884 out:1886 type:b dur:2 cpbdur:2 q:37.07 aq:31.46 tex:34 mv:88 misc:254 imb:0 pmb:6 smb:3594 d:s ref:0 ;
in:1886 out:1887 type:b dur:2 cpbdur:2 q:37.04 aq:31.00 tex:1 mv:81 misc:270 imb:0 pmb:7 smb:3593 d:- ref:0 ;
in:1891 out:1888 type:P dur:2 cpbdur:2 q:36.96 aq:30.74 tex:800 mv:277 misc:387 imb:18 pmb:12 smb:3570 d:s ref:0 ;
in:1889 out:1889 type:B dur:2 cpbdur:2 q:36.99 aq:29.52 tex:79 mv:186 misc:311 imb:1 pmb:18 smb:3581 d:t ref:0 ;
in:1888 out:1890 type:b dur:2 cpbdur:2 q:37.00 aq:31.61 tex:49 mv:39 misc:264 imb:0 pmb:6 smb:3594 d:s ref:0 ;
in:1890 out:1891 type:b dur:2 cpbdur:2 q:36.97 aq:31.00 tex:2 mv:81 misc:253 imb:0 pmb:7 smb:3593 d:- ref:0 ;
in:1895 out:1892 type:P dur:2 cpbdur:2 q:36.89 aq:28.26 tex:803 mv:237 misc:376 imb:20 pmb:8 smb:3572 d:s ref:0 ;
in:1893 out:1893 type:B dur:2 cpbdur:2 q:36.92 aq:36.30 tex:209 mv:214 misc:329 imb:0 pmb:17 smb:3583 d:s ref:0 ;
in:1892 out:1894 type:b dur:2 cpbdur:2 q:36.94 aq:31.00 tex:2 mv:91 misc:267 imb:0 pmb:8 smb:3592 d:s ref:0 ;
in:1894 out:1895 type:b dur:2 cpbdur:2 q:36.91 aq:31.52 tex:32 mv:63 misc:257 imb:0 pmb:6 smb:3594 d:- ref:0 ;
in:1899 out:1896 type:P dur:2 cpbdur:2 q:36.83 aq:30.40 tex:637 mv:277 misc:414 imb:15 pmb:14 smb:3571 d:s ref:0 ;
in:1897 out:1897 type:B dur:2 cpbdur:2 q:36.86 aq:29.95 tex:180 mv:175 misc:325 imb:1 pmb:15 smb:3584 d:t ref:0 ;
in:1896 out:1898 type:b dur:2 cpbdur:2 q:36.87 aq:31.00 tex:1 mv:128 misc:279 imb:0 pmb:8 smb:3592 d:s ref:0 ;
in:1898 out:1899 type:b dur:2 cpbdur:2 q:36.84 aq:31.39 tex:33 mv:63 misc:256 imb:0 pmb:5 smb:3595 d:- ref:0 ;
in:1903 out:1900 type:P dur:2 cpbdur:2 q:36.77 aq:30.18 tex:1038 mv:324 misc:414 imb:20 pmb:19 smb:3561 d:s ref:0 ;
in:1901 out:1901 type:B dur:2 cpbdur:2 q:36.80 aq:29.45 tex:219 mv:187 misc:306 imb:2 pmb:18 smb:3580 d:s ref:0 ;
in:1900 out:1902 type:b dur:2 cpbdur:2 q:36.81 aq:31.79 tex:43 mv:28 misc:265 imb:0 pmb:7 smb:3593 d:s ref:0 ;
in:1902 out:1903 type:b dur:2 cpbdur:2 q:36.78 aq:31.26 tex:38 mv:76 misc:262 imb:0 pmb:6 smb:3594 d:- ref:0 ;
in:1907 out:1904 type:P dur:2 cpbdur:2 q:36.70 aq:27.95 tex:980 mv:330 misc:378 imb:22 pmb:13 smb:3565 d:s ref:0 ;
in:1905 out:1905 type:B dur:2 cpbdur:2 q:36.73 aq:36.49 tex:117 mv:203 misc:336 imb:0 pmb:18 smb:3582 d:s ref:0 ;
in:1904 out:1906 type:b dur:2 cpbdur:2 q:36.75 aq:31.00 tex:1 mv:73 misc:262 imb:0 pmb:6 smb:3594 d:s ref:0 ;
in:1906 out:1907 type:b dur:2 cpbdur:2 q:36.72 aq:31.59 tex:63 mv:80 misc:257 imb:0 pmb:6 smb:3594 d:- ref:0 ;
in:1911 out:1908 type:P dur:2 cpbdur:2 q:36.63 aq:30.61 tex:875 mv:370 misc:395 imb:22 pmb:19 smb:3559 d:s ref:0 ;
in:1909 out:1909 type:B dur:2 cpbdur:2 q:36.67 aq:29.83 tex:83 mv:144 misc:317 imb:0 pmb:14 smb:3586 d:s ref:0 ;
in:1908 out:1910 type:b dur:2 cpbdur:2 q:36.68 aq:31.55 tex:34 mv:43 misc:259 imb:0 pmb:5 smb:3595 d:s ref:0 ;
in:1910 out:1911 type:b dur:2 cpbdur:2 q:36.65 aq:31.00 tex:1 mv:58 misc:245 imb:0 pmb:3 smb:3597 d:- ref:0 ;
in:1915 out:1912 type:P dur:2 cpbdur:2 q:36.57 aq:30.73 tex:1061 mv:314 misc:385 imb:20 pmb:17 smb:3563 d:s ref:0 ;
in:1913 out:1913 type:B dur:2 cpbdur:2 q:36.60 aq:29.87 tex:169 mv:131 misc:316 imb:1 pmb:15 smb:3584 d:t ref:0 ;
in:1912 out:1914 type:b dur:2 cpbdur:2 q:36.62 aq:31.17 tex:45 mv:66 misc:273 imb:1 pmb:8 smb:3591 d:s ref:0 ;
in:1914 out:1915 type:b dur:2 cpbdur:2 q:36.58 aq:31.26 tex:35 mv:59 misc:258 imb:0 pmb:6 smb:3594 d:- ref:0 ;
in:1919 out:1916 type:P dur:2 cpbdur:2 q:36.49 aq:27.15 tex:967 mv:293 misc:364 imb:20 pmb:13 smb:3567 d:s ref:0 ;
in:1917 out:1917 type:B dur:2 cpbdur:2 q:36.53 aq:36.43 tex:172 mv:207 misc:325 imb:2 pmb:18 smb:3580 d:t ref:0 ;
in:1916 out:1918 type:b dur:2 cpbdur:2 q:36.55 aq:31.40 tex:78 mv:94 misc:276 imb:0 pmb:10 smb:3590 d:s ref:0 ;
in:1918 out:1919 type:b dur:2 cpbdur:2 q:36.51 aq:31.33 tex:31 mv:51 misc:262 imb:0 pmb:5 smb:3595 d:- ref:0 ;
in:1923 out:1920 type:P dur:2 cpbdur:2 q:36.43 aq:29.17 tex:41398 mv:1259 misc:543 imb:153 pmb:59 smb:3388 d:s ref:0 ;
in:1921 out:1921 type:B dur:2 cpbdur:2 q:36.46 aq:28.76 tex:288 mv:384 misc:480 imb:10 pmb:74 smb:3516 d:s ref:0 ;
in:1920 out:1922 type:b dur:2 cpbdur:2 q:36.48 aq:31.43 tex:71 mv:121 misc:280 imb:1 pmb:8 smb:3591 d:t ref:0 ;
in:1922 out:1923 type:b dur:2 cpbdur:2 q:36.45 aq:40.26 tex:500 mv:790 misc:454 imb:0 pmb:80 smb:3520 d:- ref:0 ;
in:1927 out:1924 type:P dur:2 cpbdur:2 q:36.43 aq:27.86 tex:14829 mv:406 misc:421 imb:12 pmb:92 smb:3496 d:s ref:0 ;
in:1925 out:1925 type:B dur:2 cpbdur:2 q:36.43 aq:29.00 tex:7 mv:40 misc:345 imb:0 pmb:34 smb:3566 d:s ref:0 ;
in:1924 out:1926 type:b dur:2 cpbdur:2 q:36.43 aq:38.93 tex:744 mv:132 misc:356 imb:0 pmb:42 smb:3558 d:s ref:0 ;
in:1926 out:1927 type:b dur:2 cpbdur:2 q:36.43 aq:30.00 tex:0 mv:0 misc:216 imb:0 pmb:0 smb:3600 d:- ref:0 ;
in:1931 out:1928 type:P dur:2 cpbdur:2 q:36.38 aq:28.39 tex:416 mv:49 misc:319 imb:2 pmb:7 smb:3591 d:s ref:0 ;
in:1929 out:1929 type:B dur:2 cpbdur:2 q:36.41 aq:36.56 tex:49 mv:8 misc:255 imb:0 pmb:2 smb:3598 d:s ref:0 ;
in:1928 out:1930 type:b dur:2 cpbdur:2 q:36.42 aq:30.00 tex:0 mv:0 misc:216 imb:0 pmb:0 smb:3600 d:s ref:0 ;
in:1930 out:1931 type:b dur:2 cpbdur:2 q:36.39 aq:30.00 tex:0 mv:0 misc:216 imb:0 pmb:0 smb:3600 d:- ref:0 ;
in:1935 out:1932 type:P dur:2 cpbdur:2 q:36.31 aq:27.07 tex:13452 mv:1054 misc:454 imb:230 pmb:28 smb:3342 d:s ref:0 ;
in:1933 out:1933 type:B dur:2 cpbdur:2 q:36.35 aq:28.49 tex:243 mv:243 misc:418 imb:3 pmb:66 smb:3531 d:s ref:0 ;
in:1932 out:1934 type:b dur:2 cpbdur:2 q:36.36 aq:28.17 tex:84 mv:174 misc:374 imb:4 pmb:44 smb:3552 d:s ref:0 ;
in:1934 out:1935 type:b dur:2 cpbdur:2 q:36.33 aq:30.29 tex:69 mv:69 misc:254 imb:0 pmb:6 smb:3594 d:- ref:0 ;
in:1939 out:1936 type:P dur:2 cpbdur:2 q:36.26 aq:29.72 tex:1117 mv:283 misc:376 imb:11 pmb:19 smb:3570 d:s ref:0 ;
in:1937 out:1937 type:B dur:2 cpbdur:2 q:36.29 aq:28.55 tex:121 mv:133 misc:314 imb:0 pmb:16 smb:3584 d:t ref:0 ;
in:1936 out:1938 type:b dur:2 cpbdur:2 q:36.30 aq:30.00 tex:2 mv:53 misc:249 imb:0 pmb:4 smb:3596 d:s ref:0 ;
in:1938 out:1939 type:b dur:2 cpbdur:2 q:36.28 aq:30.76 tex:71 mv:87 misc:266 imb:0 pmb:8 smb:3592 d:- ref:0 ;
in:1943 out:1940 type:P dur:2 cpbdur:2 q:36.19 aq:26.17 tex:1719 mv:476 misc:557 imb:46 pmb:36 smb:3518 d:s ref:0 ;
in:1941 out:1941 type:B dur:2 cpbdur:2 q:36.23 aq:35.33 tex:121 mv:273 misc:342 imb:0 pmb:43 smb:3557 d:t ref:0 ;
in:1940 out:1942 type:b dur:2 cpbdur:2 q:36.25 aq:30.56 tex:34 mv:55 misc:263 imb:0 pmb:6 smb:3594 d:s ref:0 ;
in:1942 out:1943 type:b dur:2 cpbdur:2 q:36.21 aq:30.54 tex:47 mv:140 misc:277 imb:0 pmb:30 smb:3570 d:- ref:0 ;
in:1947 out:1944 type:P dur:2 cpbdur:2 q:36.27 aq:32.07 tex:2472 mv:304 misc:408 imb:18 pmb:18 smb:3564 d:s ref:0 ;
in:1945 out:1945 type:B dur:2 cpbdur:2 q:36.23 aq:28.60 tex:119 mv:207 misc:314 imb:2 pmb:21 smb:3577 d:t ref:0 ;
in:1944 out:1946 type:b dur:2 cpbdur:2 q:36.21 aq:30.29 tex:43 mv:98 misc:267 imb:1 pmb:12 smb:3587 d:s ref:0 ;
in:1946 out:1947 type:b dur:2 cpbdur:2 q:36.25 aq:30.79 tex:35 mv:73 misc:260 imb:0 pmb:6 smb:3594 d:- ref:0 ;
in:1951 out:1948 type:P dur:2 cpbdur:2 q:36.27 aq:30.68 tex:696 mv:276 misc:372 imb:12 pmb:12 smb:3576 d:s ref:0 ;
in:1949 out:1949 type:B dur:2 cpbdur:2 q:36.27 aq:28.85 tex:136 mv:124 misc:308 imb:1 pmb:14 smb:3585 d:t ref:0 ;
in:1948 out:1950 type:b dur:2 cpbdur:2 q:36.27 aq:30.00 tex:2 mv:52 misc:258 imb:0 pmb:5 smb:3595 d:s ref:0 ;
in:1950 out:1951 type:b dur:2 cpbdur:2 q:36.27 aq:30.17 tex:39 mv:44 misc:261 imb:0 pmb:5 smb:3595 d:- ref:0 ;
in:1955 out:1952 type:P dur:2 cpbdur:2 q:36.22 aq:28.75 tex:938 mv:414 misc:408 imb:47 pmb:13 smb:3540 d:s ref:0 ;
in:1953 out:1953 type:B dur:2 cpbdur:2 q:36.24 aq:36.10 tex:222 mv:298 misc:328 imb:5 pmb:23 smb:3572 d:t ref:0 ;
in:1952 out:1954 type:b dur:2 cpbdur:2 q:36.26 aq:30.21 tex:57 mv:137 misc:286 imb:5 pmb:10 smb:3585 d:s ref:0 ;
in:1954 out:1955 type:b dur:2 cpbdur:2 q:36.23 aq:30.78 tex:47 mv:98 misc:255 imb:1 pmb:8 smb:3591 d:- ref:0 ;
in:1959 out:1956 type:P dur:2 cpbdur:2 q:36.21 aq:32.11 tex:508 mv:292 misc:368 imb:14 pmb:14 smb:3572 d:s ref:0 ;
in:1957 out:1957 type:B dur:2 cpbdur:2 q:36.22 aq:28.79 tex:137 mv:183 misc:296 imb:1 pmb:14 smb:3585 d:t ref:0 ;
in:1956 out:1958 type:b dur:2 cpbdur:2 q:36.22 aq:30.19 tex:34 mv:54 misc:256 imb:0 pmb:6 smb:3594 d:s ref:0 ;
in:1958 out:1959 type:b dur:2 cpbdur:2 q:36.21 aq:30.57 tex:39 mv:111 misc:258 imb:0 pmb:7 smb:3593 d:- ref:0 ;
in:1963 out:1960 type:P dur:2 cpbdur:2 q:36.16 aq:31.99 tex:1064 mv:268 misc:412 imb:15 pmb:20 smb:3565 d:s ref:0 ;
in:1961 out:1961 type:B dur:2 cpbdur:2 q:36.19 aq:28.90 tex:45 mv:129 misc:306 imb:0 pmb:14 smb:3586 d:s ref:0 ;
in:1960 out:1962 type:b dur:2 cpbdur:2 q:36.20 aq:30.00 tex:3 mv:49 misc:260 imb:0 pmb:5 smb:3595 d:s ref:0 ;
in:1962 out:1963 type:b dur:2 cpbdur:2 q:36.17 aq:30.27 tex:56 mv:54 misc:258 imb:1 pmb:5 smb:3594 d:- ref:0 ;
in:1967 out:1964 type:P dur:2 cpbdur:2 q:36.08 aq:25.44 tex:2010 mv:302 misc:416 imb:11 pmb:28 smb:3561 d:s ref:0 ;
in:1965 out:1965 type:B dur:2 cpbdur:2 q:36.12 aq:36.45 tex:772 mv:437 misc:375 imb:13 pmb:37 smb:3550 d:t ref:0 ;
in:1964 out:1966 type:b dur:2 cpbdur:2 q:36.14 aq:30.00 tex:7 mv:99 misc:302 imb:0 pmb:14 smb:3586 d:s ref:0 ;
in:1966 out:1967 type:b dur:2 cpbdur:2 q:36.10 aq:37.57 tex:193 mv:126 misc:329 imb:0 pmb:20 smb:3580 d:- ref:0 ;
in:1971 out:1968 type:P dur:2 cpbdur:2 q:35.99 aq:31.06 tex:2466 mv:337 misc:437 imb:16 pmb:27 smb:3557 d:s ref:0 ;
in:1969 out:1969 type:B dur:2 cpbdur:2 q:36.03 aq:33.46 tex:337 mv:273 misc:326 imb:1 pmb:21 smb:3578 d:s ref:0 ;
in:1968 out:1970 type:b dur:2 cpbdur:2 q:36.06 aq:36.28 tex:331 mv:103 misc:286 imb:0 pmb:17 smb:3583 d:s ref:0 ;
in:1970 out:1971 type:b dur:2 cpbdur:2 q:36.01 aq:30.90 tex:48 mv:80 misc:272 imb:0 pmb:10 smb:3590 d:- ref:0 ;
in:1975 out:1972 type:P dur:2 cpbdur:2 q:35.90 aq:24.58 tex:16465 mv:1276 misc:475 imb:115 pmb:44 smb:3441 d:s ref:0 ;
in:1973 out:1973 type:B dur:2 cpbdur:2 q:35.94 aq:26.83 tex:142 mv:208 misc:362 imb:3 pmb:38 smb:3559 d:s ref:0 ;
in:1972 out:1974 type:b dur:2 cpbdur:2 q:35.97 aq:28.35 tex:60 mv:130 misc:314 imb:1 pmb:32 smb:3567 d:s ref:0 ;
in:1974 out:1975 type:b dur:2 cpbdur:2 q:35.92 aq:30.00 tex:2 mv:49 misc:245 imb:0 pmb:4 smb:3596 d:- ref:0 ;
in:1979 out:1976 type:P dur:2 cpbdur:2 q:35.84 aq:29.18 tex:1751 mv:245 misc:396 imb:16 pmb:18 smb:3566 d:s ref:0 ;
in:1977 out:1977 type:B dur:2 cpbdur:2 q:35.87 aq:33.76 tex:270 mv:201 misc:337 imb:3 pmb:22 smb:3575 d:s ref:0 ;
in:1976 out:1978 type:b dur:2 cpbdur:2 q:35.88 aq:30.00 tex:1 mv:33 misc:262 imb:0 pmb:5 smb:3595 d:s ref:0 ;
in:1978 out:1979 type:b dur:2 cpbdur:2 q:35.86 aq:30.56 tex:57 mv:70 misc:265 imb:0 pmb:10 smb:3590 d:- ref:0 ;
in:1983 out:1980 type:P dur:2 cpbdur:2 q:35.76 aq:26.98 tex:1866 mv:325 misc:449 imb:14 pmb:25 smb:3561 d:s ref:0 ;
in:1981 out:1981 type:B dur:2 cpbdur:2 q:35.80 aq:33.61 tex:132 mv:255 misc:349 imb:1 pmb:26 smb:3573 d:t ref:0 ;
in:1980 out:1982 type:b dur:2 cpbdur:2 q:35.82 aq:30.79 tex:61 mv:153 misc:298 imb:0 pmb:14 smb:3586 d:s ref:0 ;
in:1982 out:1983 type:b dur:2 cpbdur:2 q:35.78 aq:36.60 tex:247 mv:104 misc:265 imb:1 pmb:12 smb:3587 d:- ref:0 ;
in:1986 out:1984 type:P dur:2 cpbdur:2 q:35.70 aq:28.03 tex:48478 mv:1503 misc:539 imb:204 pmb:64 smb:3332 d:s ref:0 ;
in:1984 out:1985 type:B dur:2 cpbdur:2 q:35.74 aq:28.96 tex:222 mv:268 misc:478 imb:7 pmb:72 smb:3521 d:s ref:0 ;
in:1985 out:1986 type:b dur:2 cpbdur:2 q:35.72 aq:33.75 tex:1340 mv:996 misc:480 imb:88 pmb:66 smb:3446 d:- ref:0 ;
in:1990 out:1987 type:P dur:2 cpbdur:2 q:35.74 aq:30.82 tex:32162 mv:644 misc:554 imb:15 pmb:157 smb:3428 d:s ref:0 ;
in:1988 out:1988 type:B dur:2 cpbdur:2 q:35.72 aq:35.85 tex:557 mv:117 misc:430 imb:3 pmb:53 smb:3544 d:s ref:0 ;
in:1987 out:1989 type:b dur:2 cpbdur:2 q:35.71 aq:39.63 tex:1056 mv:149 misc:403 imb:1 pmb:53 smb:3546 d:s ref:0 ;
in:1989 out:1990 type:b dur:2 cpbdur:2 q:35.73 aq:35.61 tex:146 mv:35 misc:235 imb:0 pmb:5 smb:3595 d:- ref:0 ;
in:1994 out:1991 type:P dur:2 cpbdur:2 q:35.73 aq:24.89 tex:5323 mv:113 misc:484 imb:4 pmb:82 smb:3514 d:s ref:0 ;
in:1992 out:1992 type:B dur:2 cpbdur:2 q:35.73 aq:36.89 tex:307 mv:27 misc:274 imb:0 pmb:8 smb:3592 d:s ref:0 ;
in:1991 out:1993 type:b dur:2 cpbdur:2 q:35.73 aq:37.41 tex:35 mv:26 misc:235 imb:0 pmb:4 smb:3596 d:s ref:0 ;
in:1993 out:1994 type:b dur:2 cpbdur:2 q:35.73 aq:30.00 tex:2 mv:8 misc:230 imb:0 pmb:4 smb:3596 d:- ref:0 ;
in:1998 out:1995 type:P dur:2 cpbdur:2 q:35.70 aq:28.74 tex:21156 mv:1128 misc:404 imb:130 pmb:36 smb:3434 d:s ref:0 ;
in:1996 out:1996 type:B dur:2 cpbdur:2 q:35.71 aq:36.19 tex:238 mv:97 misc:393 imb:0 pmb:61 smb:3539 d:s ref:0 ;
in:1995 out:1997 type:b dur:2 cpbdur:2 q:35.72 aq:32.51 tex:69 mv:121 misc:370 imb:2 pmb:49 smb:3549 d:s ref:0 ;
in:1997 out:1998 type:b dur:2 cpbdur:2 q:35.71 aq:37.23 tex:269 mv:13 misc:238 imb:0 pmb:4 smb:3596 d:- ref:0 ;
in:2002 out:1999 type:P dur:2 cpbdur:2 q:35.68 aq:23.01 tex:1140 mv:112 misc:372 imb:7 pmb:11 smb:3582 d:s ref:0 ;
in:2000 out:2000 type:B dur:2 cpbdur:2 q:35.69 aq:28.00 tex:2 mv:11 misc:251 imb:0 pmb:2 smb:3598 d:s ref:0 ;
in:1999 out:2001 type:b dur:2 cpbdur:2 q:35.70 aq:30.01 tex:95 mv:6 misc:235 imb:0 pmb:2 smb:3598 d:s ref:0 ;
in:2001 out:2002 type:b dur:2 cpbdur:2 q:35.69 aq:30.00 tex:0 mv:0 misc:216 imb:0 pmb:0 smb:3600 d:- ref:0 ;
in:2006 out:2003 type:P dur:2 cpbdur:2 q:35.60 aq:27.26 tex:430 mv:228 misc:350 imb:37 pmb:3 smb:3560 d:s ref:0 ;
in:2004 out:2004 type:B dur:2 cpbdur:2 q:35.64 aq:33.67 tex:65 mv:51 misc:268 imb:0 pmb:25 smb:3575 d:s ref:0 ;
in:2003 out:2005 type:b dur:2 cpbdur:2 q:35.66 aq:30.00 tex:0 mv:0 misc:216 imb:0 pmb:0 smb:3600 d:s ref:0 ;
in:2005 out:2006 type:b dur:2 cpbdur:2 q:35.62 aq:30.00 tex:5 mv:34 misc:241 imb:0 pmb:23 smb:3577 d:- ref:0 ;
in:2010 out:2007 type:P dur:2 cpbdur:2 q:35.66 aq:31.16 tex:26995 mv:1189 misc:1200 imb:63 pmb:271 smb:3266 d:s ref:0 ;
in:2008 out:2008 type:B dur:2 cpbdur:2 q:35.63 aq:37.86 tex:3843 mv:553 misc:836 imb:3 pmb:172 smb:3425 d:t ref:0 ;
in:2007 out:2009 type:b dur:2 cpbdur:2 q:35.62 aq:33.97 tex:72 mv:110 misc:594 imb:0 pmb:91 smb:3509 d:s ref:0 ;
in:2009 out:2010 type:b dur:2 cpbdur:2 q:35.65 aq:38.11 tex:2651 mv:328 misc:677 imb:2 pmb:117 smb:3481 d:- ref:0 ;
in:2014 out:2011 type:P dur:2 cpbdur:2 q:35.78 aq:30.73 tex:27143 mv:1241 misc:1072 imb:56 pmb:305 smb:3239 d:s ref:0 ;
in:2012 out:2012 type:B dur:2 cpbdur:2 q:35.72 aq:36.31 tex:3711 mv:455 misc:722 imb:2 pmb:141 smb:3457 d:s ref:0 ;
in:2011 out:2013 type:b dur:2 cpbdur:2 q:35.69 aq:38.75 tex:2229 mv:308 misc:647 imb:0 pmb:113 smb:3487 d:s ref:0 ;
in:2013 out:2014 type:b dur:2 cpbdur:2 q:35.75 aq:36.08 tex:1648 mv:237 misc:563 imb:1 pmb:83 smb:3516 d:- ref:0 ;
in:2018 out:2015 type:P dur:2 cpbdur:2 q:35.83 aq:24.54 tex:34344 mv:1561 misc:967 imb:105 pmb:267 smb:3228 d:s ref:0 ;
in:2016 out:2016 type:B dur:2 cpbdur:2 q:35.81 aq:33.93 tex:2225 mv:557 misc:754 imb:11 pmb:143 smb:3446 d:s ref:0 ;
in:2015 out:2017 type:b dur:2 cpbdur:2 q:35.79 aq:38.17 tex:1882 mv:306 misc:572 imb:3 pmb:86 smb:3511 d:s ref:0 ;
in:2017 out:2018 type:b dur:2 cpbdur:2 q:35.82 aq:34.72 tex:1853 mv:420 misc:591 imb:6 pmb:101 smb:3493 d:- ref:0 ;
in:2022 out:2019 type:P dur:2 cpbdur:2 q:35.91 aq:27.67 tex:18511 mv:797 misc:668 imb:46 pmb:133 smb:3421 d:s ref:0 ;
in:2020 out:2020 type:B dur:2 cpbdur:2 q:35.87 aq:28.00 tex:11 mv:90 misc:339 imb:0 pmb:48 smb:3552 d:s ref:0 ;
in:2019 out:2021 type:b dur:2 cpbdur:2 q:35.85 aq:37.55 tex:1071 mv:602 misc:351 imb:1 pmb:82 smb:3517 d:s ref:0 ;
in:2021 out:2022 type:b dur:2 cpbdur:2 q:35.89 aq:30.00 tex:0 mv:0 misc:216 imb:0 pmb:0 smb:3600 d:- ref:0 ;
in:2026 out:2023 type:P dur:2 cpbdur:2 q:35.90 aq:25.91 tex:4349 mv:200 misc:1011 imb:3 pmb:157 smb:3440 d:s ref:0 ;
in:2024 out:2024 type:B dur:2 cpbdur:2 q:35.91 aq:29.00 tex:0 mv:0 misc:232 imb:0 pmb:0 smb:3600 d:s ref:0 ;
in:2023 out:2025 type:b dur:2 cpbdur:2 q:35.91 aq:30.00 tex:0 mv:0 misc:216 imb:0 pmb:0 smb:3600 d:s ref:0 ;
in:2025 out:2026 type:b dur:2 cpbdur:2 q:35.90 aq:30.00 tex:0 mv:0 misc:216 imb:0 pmb:0 smb:3600 d:- ref:0 ;
in:2030 out:2027 type:P dur:2 cpbdur:2 q:35.91 aq:25.69 tex:7159 mv:977 misc:672 imb:67 pmb:100 smb:3433 d:s ref:0 ;
in:2028 out:2028 type:B dur:2 cpbdur:2 q:35.91 aq:34.44 tex:445 mv:579 misc:352 imb:6 pmb:68 smb:3526 d:s ref:0 ;
in:2027 out:2029 type:b dur:2 cpbdur:2 q:35.90 aq:34.00 tex:27 mv:56 misc:309 imb:0 pmb:20 smb:3580 d:s ref:0 ;
in:2029 out:2030 type:b dur:2 cpbdur:2 q:35.91 aq:31.71 tex:258 mv:164 misc:322 imb:2 pmb:56 smb:3542 d:- ref:0 ;
in:2034 out:2031 type:P dur:2 cpbdur:2 q:35.90 aq:22.91 tex:13762 mv:759 misc:471 imb:55 pmb:84 smb:3461 d:s ref:0 ;
in:2032 out:2032 type:B dur:2 cpbdur:2 q:35.91 aq:31.30 tex:1039 mv:508 misc:341 imb:2 pmb:61 smb:3537 d:s ref:0 ;
in:2031 out:2033 type:b dur:2 cpbdur:2 q:35.91 aq:32.61 tex:101 mv:97 misc:290 imb:0 pmb:45 smb:3555 d:s ref:0 ;
in:2033 out:2034 type:b dur:2 cpbdur:2 q:35.90 aq:33.65 tex:92 mv:75 misc:305 imb:0 pmb:31 smb:3569 d:- ref:0 ;
in:2038 out:2035 type:P dur:2 cpbdur:2 q:35.89 aq:24.34 tex:455 mv:108 misc:373 imb:8 pmb:14 smb:3578 d:s ref:0 ;
in:2036 out:2036 type:B dur:2 cpbdur:2 q:35.89 aq:28.00 tex:5 mv:20 misc:247 imb:0 pmb:8 smb:3592 d:s ref:0 ;
in:2035 out:2037 type:b dur:2 cpbdur:2 q:35.90 aq:30.00 tex:0 mv:0 misc:216 imb:0 pmb:0 smb:3600 d:s ref:0 ;
in:2037 out:2038 type:b dur:2 cpbdur:2 q:35.89 aq:30.00 tex:4 mv:16 misc:228 imb:0 pmb:6 smb:3594 d:- ref:0 ;
in:2042 out:2039 type:P dur:2 cpbdur:2 q:35.89 aq:22.59 tex:10058 mv:1084 misc:466 imb:97 pmb:53 smb:3450 d:s ref:0 ;
in:2040 out:2040 type:B dur:2 cpbdur:2 q:35.89 aq:35.01 tex:93 mv:93 misc:310 imb:0 pmb:37 smb:3563 d:s ref:0 ;
in:2039 out:2041 type:b dur:2 cpbdur:2 q:35.89 aq:30.00 tex:0 mv:0 misc:216 imb:0 pmb:0 smb:3600 d:s ref:0 ;
in:2041 out:2042 type:b dur:2 cpbdur:2 q:35.89 aq:33.17 tex:112 mv:164 misc:292 imb:0 pmb:44 smb:3556 d:- ref:0 ;
in:2046 out:2043 type:P dur:2 cpbdur:2 q:35.87 aq:24.45 tex:19878 mv:1331 misc:487 imb:119 pmb:94 smb:3387 d:s ref:0 ;
in:2044 out:2044 type:B dur:2 cpbdur:2 q:35.88 aq:29.78 tex:167 mv:135 misc:410 imb:1 pmb:63 smb:3536 d:s ref:0 ;
in:2043 out:2045 type:b dur:2 cpbdur:2 q:35.88 aq:33.13 tex:91 mv:43 misc:282 imb:0 pmb:15 smb:3585 d:s ref:0 ;
in:2045 out:2046 type:b dur:2 cpbdur:2 q:35.88 aq:23.31 tex:47 mv:125 misc:316 imb:2 pmb:31 smb:3567 d:- ref:0 ;
in:2050 out:2047 type:P dur:2 cpbdur:2 q:35.82 aq:25.62 tex:1054 mv:136 misc:458 imb:5 pmb:32 smb:3563 d:s ref:0 ;
in:2048 out:2048 type:B dur:2 cpbdur:2 q:35.85 aq:32.65 tex:101 mv:9 misc:258 imb:0 pmb:3 smb:3597 d:s ref:0 ;
in:2047 out:2049 type:b dur:2 cpbdur:2 q:35.86 aq:30.00 tex:0 mv:0 misc:216 imb:0 pmb:0 smb:3600 d:s ref:0 ;
in:2049 out:2050 type:b dur:2 cpbdur:2 q:35.83 aq:30.00 tex:0 mv:0 misc:216 imb:0 pmb:0 smb:3600 d:- ref:0 ;
in:2054 out:2051 type:P dur:2 cpbdur:2 q:35.75 aq:24.39 tex:1378 mv:130 misc:492 imb:4 pmb:41 smb:3555 d:s ref:0 ;
in:2052 out:2052 type:B dur:2 cpbdur:2 q:35.78 aq:35.24 tex:117 mv:13 misc:262 imb:0 pmb:4 smb:3596 d:s ref:0 ;
in:2051 out:2053 type:b dur:2 cpbdur:2 q:35.80 aq:30.00 tex:0 mv:0 misc:216 imb:0 pmb:0 smb:3600 d:s ref:0 ;
in:2053 out:2054 type:b dur:2 cpbdur:2 q:35.77 aq:30.00 tex:0 mv:0 misc:216 imb:0 pmb:0 smb:3600 d:- ref:0 ;
in:2058 out:2055 type:P dur:2 cpbdur:2 q:35.71 aq:23.29 tex:596 mv:108 misc:408 imb:6 pmb:19 smb:3575 d:s ref:0 ;
in:2056 out:2056 type:B dur:2 cpbdur:2 q:35.73 aq:33.37 tex:91 mv:9 misc:252 imb:0 pmb:3 smb:3597 d:s ref:0 ;
in:2055 out:2057 type:b dur:2 cpbdur:2 q:35.74 aq:30.00 tex:0 mv:0 misc:216 imb:0 pmb:0 smb:3600 d:s ref:0 ;
in:2057 out:2058 type:b dur:2 cpbdur:2 q:35.72 aq:30.00 tex:0 mv:0 misc:216 imb:0 pmb:0 smb:3600 d:- ref:0 ;
in:2060 out:2059 type:P dur:2 cpbdur:2 q:35.62 aq:23.16 tex:15611 mv:1254 misc:743 imb:116 pmb:90 smb:3394 d:s ref:0 ;
in:2059 out:2060 type:b dur:2 cpbdur:2 q:35.67 aq:34.59 tex:897 mv:425 misc:374 imb:21 pmb:29 smb:3550 d:s ref:0 ;
in:2064 out:2061 type:P dur:2 cpbdur:2 q:35.62 aq:24.50 tex:5645 mv:480 misc:579 imb:23 pmb:85 smb:3492 d:s ref:0 ;
in:2062 out:2062 type:B dur:2 cpbdur:2 q:35.62 aq:33.75 tex:52 mv:104 misc:300 imb:1 pmb:19 smb:3580 d:s ref:0 ;
in:2061 out:2063 type:b dur:2 cpbdur:2 q:35.62 aq:35.00 tex:110 mv:78 misc:268 imb:0 pmb:18 smb:3582 d:s ref:0 ;
in:2063 out:2064 type:b dur:2 cpbdur:2 q:35.62 aq:30.00 tex:0 mv:0 misc:216 imb:0 pmb:0 smb:3600 d:- ref:0 ;
in:2065 out:2065 type:I dur:2 cpbdur:2 q:32.86 aq:18.92 tex:447282 mv:83194 misc:212 imb:3600 pmb:0 smb:0 d:s ref:;
in:2067 out:2066 type:P dur:2 cpbdur:2 q:36.92 aq:26.00 tex:4320 mv:488 misc:392 imb:28 pmb:25 smb:3547 d:s ref:0 ;
in:2066 out:2067 type:b dur:2 cpbdur:2 q:36.92 aq:34.23 tex:417 mv:66 misc:245 imb:2 pmb:12 smb:3586 d:s ref:0 ;
in:2071 out:2068 type:P dur:2 cpbdur:2 q:36.89 aq:25.26 tex:14157 mv:1199 misc:516 imb:179 pmb:48 smb:3373 d:s ref:0 ;
in:2069 out:2069 type:B dur:2 cpbdur:2 q:36.91 aq:22.59 tex:322 mv:363 misc:443 imb:12 pmb:60 smb:3528 d:s ref:0 ;
in:2068 out:2070 type:b dur:2 cpbdur:2 q:36.92 aq:23.52 tex:199 mv:307 misc:422 imb:25 pmb:41 smb:3534 d:s ref:0 ;
in:2070 out:2071 type:b dur:2 cpbdur:2 q:36.90 aq:31.70 tex:82 mv:53 misc:257 imb:0 pmb:7 smb:3593 d:- ref:0 ;
in:2075 out:2072 type:P dur:2 cpbdur:2 q:36.85 aq:27.84 tex:1189 mv:314 misc:441 imb:19 pmb:26 smb:3555 d:s ref:0 ;
in:2073 out:2073 type:B dur:2 cpbdur:2 q:36.87 aq:35.04 tex:68 mv:165 misc:335 imb:0 pmb:20 smb:3580 d:s ref:0 ;
in:2072 out:2074 type:b dur:2 cpbdur:2 q:36.88 aq:31.00 tex:0 mv:92 misc:260 imb:0 pmb:6 smb:3594 d:s ref:0 ;
in:2074 out:2075 type:b dur:2 cpbdur:2 q:36.86 aq:31.39 tex:37 mv:74 misc:257 imb:0 pmb:6 smb:3594 d:- ref:0 ;
in:2079 out:2076 type:P dur:2 cpbdur:2 q:36.80 aq:26.75 tex:1215 mv:224 misc:377 imb:16 pmb:14 smb:3570 d:s ref:0 ;
in:2077 out:2077 type:B dur:2 cpbdur:2 q:36.83 aq:34.93 tex:87 mv:197 misc:324 imb:0 pmb:17 smb:3583 d:s ref:0 ;
in:2076 out:2078 type:b dur:2 cpbdur:2 q:36.84 aq:31.44 tex:29 mv:64 misc:267 imb:0 pmb:8 smb:3592 d:s ref:0 ;
in:2078 out:2079 type:b dur:2 cpbdur:2 q:36.81 aq:31.00 tex:4 mv:103 misc:269 imb:0 pmb:9 smb:3591 d:- ref:0 ;
in:2083 out:2080 type:P dur:2 cpbdur:2 q:36.73 aq:30.84 tex:627 mv:259 misc:378 imb:8 pmb:17 smb:3575 d:s ref:0 ;
in:2081 out:2081 type:B dur:2 cpbdur:2 q:36.76 aq:30.40 tex:152 mv:201 misc:327 imb:1 pmb:19 smb:3580 d:t ref:0 ;
in:2080 out:2082 type:b dur:2 cpbdur:2 q:36.78 aq:31.00 tex:1 mv:50 misc:261 imb:0 pmb:5 smb:3595 d:s ref:0 ;
in:2082 out:2083 type:b dur:2 cpbdur:2 q:36.75 aq:31.92 tex:52 mv:48 misc:244 imb:0 pmb:4 smb:3596 d:- ref:0 ;
in:2087 out:2084 type:P dur:2 cpbdur:2 q:36.71 aq:29.80 tex:791 mv:198 misc:371 imb:18 pmb:8 smb:3574 d:s ref:0 ;
in:2085 out:2085 type:B dur:2 cpbdur:2 q:36.72 aq:34.76 tex:188 mv:196 misc:320 imb:0 pmb:18 smb:3582 d:s ref:0 ;
in:2084 out:2086 type:b dur:2 cpbdur:2 q:36.73 aq:31.71 tex:92 mv:93 misc:255 imb:1 pmb:8 smb:3591 d:s ref:0 ;
in:2086 out:2087 type:b dur:2 cpbdur:2 q:36.71 aq:31.00 tex:2 mv:93 misc:257 imb:0 pmb:6 smb:3594 d:- ref:0 ;
in:2091 out:2088 type:P dur:2 cpbdur:2 q:37.05 aq:30.83 tex:904 mv:283 misc:421 imb:33 pmb:13 smb:3554 d:s ref:0 ;
in:2089 out:2089 type:B dur:2 cpbdur:2 q:36.88 aq:34.15 tex:68 mv:159 misc:333 imb:1 pmb:27 smb:3572 d:t ref:0 ;
in:2088 out:2090 type:b dur:2 cpbdur:2 q:36.79 aq:31.00 tex:5 mv:116 misc:287 imb:0 pmb:19 smb:3581 d:s ref:0 ;
in:2090 out:2091 type:b dur:2 cpbdur:2 q:36.96 aq:31.55 tex:32 mv:30 misc:242 imb:0 pmb:3 smb:3597 d:- ref:0 ;
in:2095 out:2092 type:P dur:2 cpbdur:2 q:37.03 aq:31.75 tex:1249 mv:294 misc:377 imb:19 pmb:13 smb:3568 d:s ref:0 ;
in:2093 out:2093 type:B dur:2 cpbdur:2 q:37.04 aq:29.60 tex:196 mv:190 misc:318 imb:2 pmb:19 smb:3579 d:t ref:0 ;
in:2092 out:2094 type:b dur:2 cpbdur:2 q:37.05 aq:31.53 tex:57 mv:88 misc:263 imb:0 pmb:9 smb:3591 d:s ref:0 ;
in:2094 out:2095 type:b dur:2 cpbdur:2 q:37.04 aq:31.48 tex:55 mv:66 misc:255 imb:0 pmb:6 smb:3594 d:- ref:0 ;
in:2099 out:2096 type:P dur:2 cpbdur:2 q:36.99 aq:30.20 tex:826 mv:293 misc:369 imb:15 pmb:15 smb:3570 d:s ref:0 ;
in:2097 out:2097 type:B dur:2 cpbdur:2 q:37.01 aq:35.19 tex:109 mv:216 misc:331 imb:2 pmb:17 smb:3581 d:t ref:0 ;
in:2096 out:2098 type:b dur:2 cpbdur:2 q:37.02 aq:31.00 tex:1 mv:91 misc:260 imb:0 pmb:6 smb:3594 d:s ref:0 ;
in:2098 out:2099 type:b dur:2 cpbdur:2 q:37.00 aq:31.43 tex:29 mv:89 misc:258 imb:0 pmb:7 smb:3593 d:- ref:0 ;
in:2103 out:2100 type:P dur:2 cpbdur:2 q:36.93 aq:30.79 tex:796 mv:208 misc:364 imb:18 pmb:10 smb:3572 d:s ref:0 ;
in:2101 out:2101 type:B dur:2 cpbdur:2 q:36.96 aq:29.66 tex:118 mv:123 misc:311 imb:0 pmb:14 smb:3586 d:s ref:0 ;
in:2100 out:2102 type:b dur:2 cpbdur:2 q:36.97 aq:31.00 tex:3 mv:47 misc:254 imb:1 pmb:3 smb:3596 d:s ref:0 ;
in:2102 out:2103 type:b dur:2 cpbdur:2 q:36.94 aq:31.80 tex:72 mv:58 misc:270 imb:0 pmb:7 smb:3593 d:- ref:0 ;
in:2107 out:2104 type:P dur:2 cpbdur:2 q:36.88 aq:27.62 tex:1436 mv:282 misc:426 imb:17 pmb:22 smb:3561 d:s ref:0 ;
in:2105 out:2105 type:B dur:2 cpbdur:2 q:36.90 aq:29.87 tex:123 mv:159 misc:318 imb:1 pmb:17 smb:3582 d:t ref:0 ;
in:2104 out:2106 type:b dur:2 cpbdur:2 q:36.92 aq:31.79 tex:34 mv:50 misc:260 imb:0 pmb:5 smb:3595 d:s ref:0 ;
in:2106 out:2107 type:b dur:2 cpbdur:2 q:36.89 aq:31.30 tex:38 mv:73 misc:273 imb:0 pmb:8 smb:3592 d:- ref:0 ;
in:2111 out:2108 type:P dur:2 cpbdur:2 q:36.84 aq:27.65 tex:902 mv:343 misc:411 imb:14 pmb:23 smb:3563 d:s ref:0 ;
in:2109 out:2109 type:B dur:2 cpbdur:2 q:36.86 aq:35.36 tex:118 mv:197 misc:325 imb:0 pmb:18 smb:3582 d:t ref:0 ;
in:2108 out:2110 type:b dur:2 cpbdur:2 q:36.87 aq:31.00 tex:3 mv:107 misc:266 imb:0 pmb:8 smb:3592 d:s ref:0 ;
in:2110 out:2111 type:b dur:2 cpbdur:2 q:36.85 aq:31.00 tex:2 mv:72 misc:254 imb:0 pmb:6 smb:3594 d:- ref:0 ;
in:2115 out:2112 type:P dur:2 cpbdur:2 q:36.76 aq:26.36 tex:623 mv:273 misc:368 imb:18 pmb:11 smb:3571 d:s ref:0 ;
in:2113 out:2113 type:B dur:2 cpbdur:2 q:36.80 aq:29.94 tex:134 mv:127 misc:307 imb:0 pmb:14 smb:3586 d:s ref:0 ;
in:2112 out:2114 type:b dur:2 cpbdur:2 q:36.82 aq:31.66 tex:36 mv:71 misc:261 imb:0 pmb:7 smb:3593 d:s ref:0 ;
in:2114 out:2115 type:b dur:2 cpbdur:2 q:36.78 aq:31.79 tex:94 mv:46 misc:252 imb:0 pmb:5 smb:3595 d:- ref:0 ;
in:2119 out:2116 type:P dur:2 cpbdur:2 q:36.84 aq:30.63 tex:1056 mv:225 misc:367 imb:18 pmb:11 smb:3571 d:s ref:0 ;
in:2117 out:2117 type:B dur:2 cpbdur:2 q:36.80 aq:29.83 tex:134 mv:149 misc:309 imb:1 pmb:14 smb:3585 d:s ref:0 ;
in:2116 out:2118 type:b dur:2 cpbdur:2 q:36.78 aq:31.48 tex:98 mv:74 misc:276 imb:2 pmb:7 smb:3591 d:s ref:0 ;
in:2118 out:2119 type:b dur:2 cpbdur:2 q:36.82 aq:31.26 tex:35 mv:15 misc:246 imb:0 pmb:3 smb:3597 d:- ref:0 ;
in:2123 out:2120 type:P dur:2 cpbdur:2 q:36.77 aq:29.99 tex:826 mv:285 misc:361 imb:14 pmb:14 smb:3572 d:s ref:0 ;
in:2121 out:2121 type:B dur:2 cpbdur:2 q:36.80 aq:35.27 tex:106 mv:252 misc:330 imb:1 pmb:20 smb:3579 d:s ref:0 ;
in:2120 out:2122 type:b dur:2 cpbdur:2 q:36.82 aq:31.92 tex:64 mv:117 misc:283 imb:0 pmb:11 smb:3589 d:s ref:0 ;
in:2122 out:2123 type:b dur:2 cpbdur:2 q:36.78 aq:31.00 tex:1 mv:52 misc:259 imb:0 pmb:5 smb:3595 d:- ref:0 ;
in:2127 out:2124 type:P dur:2 cpbdur:2 q:36.69 aq:29.50 tex:649 mv:271 misc:352 imb:15 pmb:12 smb:3573 d:s ref:0 ;
in:2125 out:2125 type:B dur:2 cpbdur:2 q:36.73 aq:34.65 tex:177 mv:204 misc:299 imb:2 pmb:13 smb:3585 d:s ref:0 ;
in:2124 out:2126 type:b dur:2 cpbdur:2 q:36.75 aq:31.00 tex:2 mv:90 misc:260 imb:0 pmb:7 smb:3593 d:t ref:0 ;
in:2126 out:2127 type:b dur:2 cpbdur:2 q:36.71 aq:31.00 tex:51 mv:62 misc:263 imb:1 pmb:5 smb:3594 d:- ref:0 ;
in:2131 out:2128 type:P dur:2 cpbdur:2 q:36.61 aq:29.51 tex:1127 mv:317 misc:364 imb:29 pmb:13 smb:3558 d:s ref:0 ;
in:2129 out:2129 type:B dur:2 cpbdur:2 q:36.65 aq:29.61 tex:197 mv:156 misc:303 imb:3 pmb:13 smb:3584 d:t ref:0 ;
in:2128 out:2130 type:b dur:2 cpbdur:2 q:36.67 aq:31.00 tex:1 mv:70 misc:249 imb:0 pmb:5 smb:3595 d:s ref:0 ;
in:2130 out:2131 type:b dur:2 cpbdur:2 q:36.63 aq:31.26 tex:38 mv:80 misc:266 imb:0 pmb:7 smb:3593 d:- ref:0 ;
in:2135 out:2132 type:P dur:2 cpbdur:2 q:36.54 aq:30.14 tex:1464 mv:274 misc:382 imb:13 pmb:19 smb:3568 d:s ref:0 ;
in:2133 out:2133 type:B dur:2 cpbdur:2 q:36.57 aq:35.35 tex:79 mv:223 misc:330 imb:0 pmb:20 smb:3580 d:s ref:0 ;
in:2132 out:2134 type:b dur:2 cpbdur:2 q:36.59 aq:31.77 tex:48 mv:53 misc:267 imb:0 pmb:6 smb:3594 d:s ref:0 ;
in:2134 out:2135 type:b dur:2 cpbdur:2 q:36.56 aq:31.00 tex:0 mv:77 misc:259 imb:0 pmb:6 smb:3594 d:- ref:0 ;
in:2139 out:2136 type:P dur:2 cpbdur:2 q:36.32 aq:29.46 tex:633 mv:335 misc:376 imb:12 pmb:19 smb:3569 d:s ref:0 ;
in:2137 out:2137 type:B dur:2 cpbdur:2 q:36.43 aq:34.14 tex:65 mv:196 misc:315 imb:2 pmb:15 smb:3583 d:t ref:0 ;
in:2136 out:2138 type:b dur:2 cpbdur:2 q:36.48 aq:30.00 tex:1 mv:107 misc:276 imb:0 pmb:7 smb:3593 d:t ref:0 ;
in:2138 out:2139 type:b dur:2 cpbdur:2 q:36.37 aq:30.00 tex:1 mv:97 misc:270 imb:0 pmb:7 smb:3593 d:- ref:0 ;
in:2143 out:2140 type:P dur:2 cpbdur:2 q:36.27 aq:28.98 tex:928 mv:307 misc:381 imb:13 pmb:20 smb:3567 d:s ref:0 ;
in:2141 out:2141 type:B dur:2 cpbdur:2 q:36.29 aq:28.72 tex:163 mv:179 misc:314 imb:3 pmb:18 smb:3579 d:t ref:0 ;
in:2140 out:2142 type:b dur:2 cpbdur:2 q:36.31 aq:30.79 tex:64 mv:77 misc:259 imb:0 pmb:6 smb:3594 d:s ref:0 ;
in:2142 out:2143 type:b dur:2 cpbdur:2 q:36.28 aq:30.30 tex:40 mv:65 misc:255 imb:0 pmb:6 smb:3594 d:- ref:0 ;
in:2147 out:2144 type:P dur:2 cpbdur:2 q:36.22 aq:28.19 tex:1199 mv:267 misc:382 imb:13 pmb:16 smb:3571 d:s ref:0 ;
in:2145 out:2145 type:B dur:2 cpbdur:2 q:36.25 aq:33.64 tex:61 mv:257 misc:330 imb:2 pmb:17 smb:3581 d:s ref:0 ;
in:2144 out:2146 type:b dur:2 cpbdur:2 q:36.26 aq:30.77 tex:32 mv:60 misc:260 imb:0 pmb:5 smb:3595 d:s ref:0 ;
in:2146 out:2147 type:b dur:2 cpbdur:2 q:36.23 aq:31.05 tex:47 mv:30 misc:251 imb:0 pmb:5 smb:3595 d:- ref:0 ;
in:2151 out:2148 type:P dur:2 cpbdur:2 q:36.16 aq:26.20 tex:1113 mv:206 misc:433 imb:10 pmb:17 smb:3573 d:s ref:0 ;
in:2149 out:2149 type:B dur:2 cpbdur:2 q:36.19 aq:34.69 tex:118 mv:243 misc:319 imb:0 pmb:21 smb:3579 d:t ref:0 ;
in:2148 out:2150 type:b dur:2 cpbdur:2 q:36.21 aq:30.93 tex:76 mv:125 misc:279 imb:0 pmb:11 smb:3589 d:t ref:0 ;
in:2150 out:2151 type:b dur:2 cpbdur:2 q:36.17 aq:30.80 tex:39 mv:85 misc:268 imb:0 pmb:7 smb:3593 d:- ref:0 ;
in:2155 out:2152 type:P dur:2 cpbdur:2 q:36.12 aq:28.62 tex:603 mv:271 misc:374 imb:12 pmb:16 smb:3572 d:s ref:0 ;
in:2153 out:2153 type:B dur:2 cpbdur:2 q:36.14 aq:28.13 tex:105 mv:202 misc:317 imb:3 pmb:16 smb:3581 d:t ref:0 ;
in:2152 out:2154 type:b dur:2 cpbdur:2 q:36.15 aq:30.76 tex:34 mv:92 misc:266 imb:0 pmb:8 smb:3592 d:s ref:0 ;
in:2154 out:2155 type:b dur:2 cpbdur:2 q:36.13 aq:30.65 tex:67 mv:91 misc:274 imb:0 pmb:8 smb:3592 d:- ref:0 ;
in:2159 out:2156 type:P dur:2 cpbdur:2 q:36.04 aq:30.88 tex:941 mv:218 misc:353 imb:18 pmb:10 smb:3572 d:s ref:0 ;
in:2157 out:2157 type:B dur:2 cpbdur:2 q:36.08 aq:35.23 tex:207 mv:140 misc:333 imb:1 pmb:20 smb:3579 d:s ref:0 ;
in:2156 out:2158 type:b dur:2 cpbdur:2 q:36.10 aq:29.74 tex:14 mv:61 misc:245 imb:2 pmb:3 smb:3595 d:s ref:0 ;
in:2158 out:2159 type:b dur:2 cpbdur:2 q:36.06 aq:30.00 tex:4 mv:76 misc:264 imb:0 pmb:7 smb:3593 d:- ref:0 ;
in:2163 out:2160 type:P dur:2 cpbdur:2 q:35.97 aq:24.10 tex:1257 mv:286 misc:401 imb:11 pmb:22 smb:3567 d:s ref:0 ;
in:2161 out:2161 type:B dur:2 cpbdur:2 q:36.00 aq:34.34 tex:105 mv:209 misc:318 imb:1 pmb:18 smb:3581 d:t ref:0 ;
in:2160 out:2162 type:b dur:2 cpbdur:2 q:36.02 aq:30.62 tex:63 mv:84 misc:269 imb:0 pmb:7 smb:3593 d:s ref:0 ;
in:2162 out:2163 type:b dur:2 cpbdur:2 q:35.99 aq:29.88 tex:110 mv:136 misc:274 imb:1 pmb:12 smb:3587 d:- ref:0 ;
in:2167 out:2164 type:P dur:2 cpbdur:2 q:36.08 aq:30.08 tex:918 mv:219 misc:375 imb:12 pmb:13 smb:3575 d:s ref:0 ;
in:2165 out:2165 type:B dur:2 cpbdur:2 q:36.02 aq:28.92 tex:89 mv:217 misc:310 imb:0 pmb:17 smb:3583 d:s ref:0 ;
in:2164 out:2166 type:b dur:2 cpbdur:2 q:35.99 aq:30.65 tex:39 mv:60 misc:261 imb:0 pmb:6 smb:3594 d:s ref:0 ;
in:2166 out:2167 type:b dur:2 cpbdur:2 q:36.05 aq:30.30 tex:43 mv:88 misc:269 imb:0 pmb:7 smb:3593 d:- ref:0 ;
in:2171 out:2168 type:P dur:2 cpbdur:2 q:36.01 aq:30.85 tex:817 mv:262 misc:345 imb:16 pmb:14 smb:3570 d:s ref:0 ;
in:2169 out:2169 type:B dur:2 cpbdur:2 q:36.04 aq:34.04 tex:138 mv:195 misc:315 imb:3 pmb:15 smb:3582 d:t ref:0 ;
in:2168 out:2170 type:b dur:2 cpbdur:2 q:36.06 aq:30.64 tex:96 mv:120 misc:288 imb:1 pmb:9 smb:3590 d:s ref:0 ;
in:2170 out:2171 type:b dur:2 cpbdur:2 q:36.02 aq:30.00 tex:1 mv:60 misc:251 imb:0 pmb:5 smb:3595 d:- ref:0 ;
in:2175 out:2172 type:P dur:2 cpbdur:2 q:35.93 aq:31.78 tex:959 mv:333 misc:364 imb:11 pmb:19 smb:3570 d:s ref:0 ;
in:2173 out:2173 type:B dur:2 cpbdur:2 q:35.97 aq:34.58 tex:194 mv:193 misc:317 imb:1 pmb:19 smb:3580 d:t ref:0 ;
in:2172 out:2174 type:b dur:2 cpbdur:2 q:35.99 aq:30.00 tex:2 mv:60 misc:258 imb:0 pmb:6 smb:3594 d:s ref:0 ;
in:2174 out:2175 type:b dur:2 cpbdur:2 q:35.95 aq:30.80 tex:126 mv:84 misc:278 imb:0 pmb:10 smb:3590 d:- ref:0 ;
in:2179 out:2176 type:P dur:2 cpbdur:2 q:35.87 aq:26.56 tex:1293 mv:294 misc:413 imb:10 pmb:27 smb:3563 d:- ref:0 ;
in:2177 out:2177 type:B dur:2 cpbdur:2 q:35.90 aq:29.06 tex:96 mv:166 misc:314 imb:0 pmb:15 smb:3585 d:t ref:0 ;
in:2176 out:2178 type:b dur:2 cpbdur:2 q:35.92 aq:30.52 tex:33 mv:56 misc:263 imb:0 pmb:5 smb:3595 d:t ref:0 ;
in:2178 out:2179 type:b dur:2 cpbdur:2 q:35.89 aq:30.30 tex:41 mv:88 misc:263 imb:0 pmb:7 smb:3593 d:- ref:0 ;
in:2183 out:2180 type:P dur:2 cpbdur:2 q:35.81 aq:26.89 tex:734 mv:266 misc:360 imb:18 pmb:13 smb:3569 d:s ref:0 ;
in:2181 out:2181 type:B dur:2 cpbdur:2 q:35.84 aq:34.58 tex:139 mv:221 misc:344 imb:0 pmb:20 smb:3580 d:s ref:0 ;
in:2180 out:2182 type:b dur:2 cpbdur:2 q:35.86 aq:30.52 tex:37 mv:71 misc:244 imb:0 pmb:5 smb:3595 d:s ref:0 ;
in:2182 out:2183 type:b dur:2 cpbdur:2 q:35.82 aq:30.66 tex:36 mv:102 misc:278 imb:0 pmb:8 smb:3592 d:- ref:0 ;
in:2187 out:2184 type:P dur:2 cpbdur:2 q:35.56 aq:23.55 tex:1570 mv:304 misc:446 imb:15 pmb:26 smb:3559 d:s ref:0 ;
in:2185 out:2185 type:B dur:2 cpbdur:2 q:35.68 aq:33.45 tex:140 mv:201 misc:323 imb:3 pmb:16 smb:3581 d:t ref:0 ;
in:2184 out:2186 type:b dur:2 cpbdur:2 q:35.74 aq:30.48 tex:55 mv:102 misc:275 imb:1 pmb:8 smb:3591 d:s ref:0 ;
in:2186 out:2187 type:b dur:2 cpbdur:2 q:35.62 aq:30.57 tex:44 mv:109 misc:271 imb:1 pmb:7 smb:3592 d:- ref:0 ;
in:2191 out:2188 type:P dur:2 cpbdur:2 q:35.51 aq:26.39 tex:36147 mv:1460 misc:513 imb:176 pmb:55 smb:3369 d:s ref:0 ;
in:2189 out:2189 type:B dur:2 cpbdur:2 q:35.54 aq:21.93 tex:369 mv:421 misc:514 imb:6 pmb:93 smb:3501 d:s ref:0 ;
in:2188 out:2190 type:b dur:2 cpbdur:2 q:35.55 aq:30.44 tex:67 mv:104 misc:261 imb:0 pmb:9 smb:3591 d:t ref:0 ;
in:2190 out:2191 type:b dur:2 cpbdur:2 q:35.52 aq:23.00 tex:137 mv:233 misc:446 imb:2 pmb:77 smb:3521 d:- ref:0 ;
in:2192 out:2192 type:P dur:2 cpbdur:2 q:35.52 aq:25.68 tex:29154 mv:740 misc:522 imb:18 pmb:146 smb:3436 d:s ref:0 ;
in:2196 out:2193 type:P dur:2 cpbdur:2 q:35.53 aq:24.25 tex:19755 mv:402 misc:515 imb:11 pmb:118 smb:3471 d:s ref:0 ;
in:2194 out:2194 type:B dur:2 cpbdur:2 q:35.52 aq:33.12 tex:74 mv:59 misc:387 imb:0 pmb:44 smb:3556 d:s ref:0 ;
in:2193 out:2195 type:b dur:2 cpbdur:2 q:35.52 aq:36.03 tex:385 mv:83 misc:348 imb:1 pmb:36 smb:3563 d:s ref:0 ;
in:2195 out:2196 type:b dur:2 cpbdur:2 q:35.53 aq:30.00 tex:0 mv:0 misc:216 imb:0 pmb:0 smb:3600 d:- ref:0 ;
in:2200 out:2197 type:P dur:2 cpbdur:2 q:35.49 aq:25.69 tex:1003 mv:46 misc:383 imb:0 pmb:22 smb:3578 d:s ref:0 ;
in:2198 out:2198 type:B dur:2 cpbdur:2 q:35.51 aq:28.00 tex:0 mv:0 misc:232 imb:0 pmb:0 smb:3600 d:s ref:0 ;
in:2197 out:2199 type:b dur:2 cpbdur:2 q:35.52 aq:30.00 tex:0 mv:0 misc:216 imb:0 pmb:0 smb:3600 d:s ref:0 ;
in:2199 out:2200 type:b dur:2 cpbdur:2 q:35.50 aq:30.00 tex:0 mv:0 misc:216 imb:0 pmb:0 smb:3600 d:- ref:0 ;
in:2204 out:2201 type:P dur:2 cpbdur:2 q:35.42 aq:25.41 tex:13853 mv:1030 misc:453 imb:194 pmb:30 smb:3376 d:s ref:0 ;
in:2202 out:2202 type:B dur:2 cpbdur:2 q:35.46 aq:33.50 tex:225 mv:291 misc:436 imb:1 pmb:72 smb:3527 d:s ref:0 ;
in:2201 out:2203 type:b dur:2 cpbdur:2 q:35.47 aq:29.08 tex:182 mv:191 misc:403 imb:4 pmb:44 smb:3552 d:s ref:0 ;
in:2203 out:2204 type:b dur:2 cpbdur:2 q:35.44 aq:29.25 tex:83 mv:107 misc:274 imb:0 pmb:11 smb:3589 d:- ref:0 ;
in:2208 out:2205 type:P dur:2 cpbdur:2 q:35.36 aq:29.62 tex:1215 mv:311 misc:418 imb:15 pmb:23 smb:3562 d:s ref:0 ;
in:2206 out:2206 type:B dur:2 cpbdur:2 q:35.39 aq:34.56 tex:60 mv:191 misc:317 imb:0 pmb:17 smb:3583 d:t ref:0 ;
in:2205 out:2207 type:b dur:2 cpbdur:2 q:35.41 aq:29.00 tex:2 mv:84 misc:258 imb:0 pmb:6 smb:3594 d:s ref:0 ;
in:2207 out:2208 type:b dur:2 cpbdur:2 q:35.38 aq:29.00 tex:1 mv:49 misc:246 imb:0 pmb:3 smb:3597 d:- ref:0 ;
in:2212 out:2209 type:P dur:2 cpbdur:2 q:35.28 aq:23.27 tex:1436 mv:455 misc:485 imb:47 pmb:26 smb:3527 d:s ref:0 ;
in:2210 out:2210 type:B dur:2 cpbdur:2 q:35.32 aq:27.44 tex:154 mv:210 misc:332 imb:2 pmb:38 smb:3560 d:s ref:0 ;
in:2209 out:2211 type:b dur:2 cpbdur:2 q:35.34 aq:29.00 tex:2 mv:104 misc:262 imb:0 pmb:6 smb:3594 d:s ref:0 ;
in:2211 out:2212 type:b dur:2 cpbdur:2 q:35.30 aq:29.00 tex:9 mv:75 misc:260 imb:0 pmb:28 smb:3572 d:- ref:0 ;
in:2216 out:2213 type:P dur:2 cpbdur:2 q:35.28 aq:29.46 tex:2700 mv:320 misc:380 imb:16 pmb:18 smb:3566 d:s ref:0 ;
in:2214 out:2214 type:B dur:2 cpbdur:2 q:35.28 aq:33.52 tex:124 mv:236 misc:344 imb:1 pmb:27 smb:3572 d:t ref:0 ;
in:2213 out:2215 type:b dur:2 cpbdur:2 q:35.28 aq:29.41 tex:48 mv:55 misc:257 imb:0 pmb:11 smb:3589 d:s ref:0 ;
in:2215 out:2216 type:b dur:2 cpbdur:2 q:35.28 aq:29.68 tex:70 mv:112 misc:274 imb:1 pmb:7 smb:3592 d:- ref:0 ;
in:2220 out:2217 type:P dur:2 cpbdur:2 q:35.37 aq:29.41 tex:776 mv:215 misc:345 imb:14 pmb:8 smb:3578 d:s ref:0 ;
in:2218 out:2218 type:B dur:2 cpbdur:2 q:35.33 aq:34.56 tex:64 mv:173 misc:307 imb:0 pmb:15 smb:3585 d:s ref:0 ;
in:2217 out:2219 type:b dur:2 cpbdur:2 q:35.30 aq:29.00 tex:3 mv:73 misc:260 imb:0 pmb:7 smb:3593 d:s ref:0 ;
in:2219 out:2220 type:b dur:2 cpbdur:2 q:35.35 aq:29.37 tex:55 mv:127 misc:266 imb:0 pmb:9 smb:3591 d:- ref:0 ;
in:2224 out:2221 type:P dur:2 cpbdur:2 q:35.33 aq:29.13 tex:652 mv:273 misc:435 imb:60 pmb:6 smb:3534 d:s ref:0 ;
in:2222 out:2222 type:B dur:2 cpbdur:2 q:35.35 aq:27.25 tex:66 mv:244 misc:330 imb:5 pmb:18 smb:3577 d:s ref:0 ;
in:2221 out:2223 type:b dur:2 cpbdur:2 q:35.36 aq:29.31 tex:30 mv:101 misc:269 imb:3 pmb:10 smb:3587 d:s ref:0 ;
in:2223 out:2224 type:b dur:2 cpbdur:2 q:35.34 aq:29.00 tex:3 mv:41 misc:252 imb:0 pmb:4 smb:3596 d:- ref:0 ;
in:2228 out:2225 type:P dur:2 cpbdur:2 q:35.32 aq:29.49 tex:828 mv:215 misc:333 imb:13 pmb:7 smb:3580 d:s ref:0 ;
in:2226 out:2226 type:B dur:2 cpbdur:2 q:35.32 aq:32.76 tex:288 mv:192 misc:312 imb:0 pmb:19 smb:3581 d:s ref:0 ;
in:2225 out:2227 type:b dur:2 cpbdur:2 q:35.33 aq:29.42 tex:91 mv:66 misc:251 imb:1 pmb:5 smb:3594 d:s ref:0 ;
in:2227 out:2228 type:b dur:2 cpbdur:2 q:35.32 aq:28.82 tex:12 mv:90 misc:266 imb:1 pmb:8 smb:3591 d:- ref:0 ;
in:2231 out:2229 type:P dur:2 cpbdur:2 q:35.27 aq:28.79 tex:42995 mv:1249 misc:556 imb:144 pmb:67 smb:3389 d:s ref:0 ;
in:2229 out:2230 type:B dur:2 cpbdur:2 q:35.30 aq:28.59 tex:228 mv:336 misc:460 imb:7 pmb:80 smb:3513 d:s ref:0 ;
in:2230 out:2231 type:b dur:2 cpbdur:2 q:35.29 aq:37.90 tex:2404 mv:709 misc:463 imb:25 pmb:77 smb:3498 d:- ref:0 ;
in:2235 out:2232 type:P dur:2 cpbdur:2 q:35.31 aq:27.27 tex:16127 mv:521 misc:512 imb:12 pmb:107 smb:3481 d:s ref:0 ;
in:2233 out:2233 type:B dur:2 cpbdur:2 q:35.29 aq:31.63 tex:96 mv:73 misc:343 imb:2 pmb:34 smb:3564 d:s ref:0 ;
in:2232 out:2234 type:b dur:2 cpbdur:2 q:35.28 aq:39.63 tex:212 mv:112 misc:332 imb:2 pmb:28 smb:3570 d:s ref:0 ;
in:2234 out:2235 type:b dur:2 cpbdur:2 q:35.30 aq:29.00 tex:0 mv:0 misc:216 imb:0 pmb:0 smb:3600 d:- ref:0 ;
in:2239 out:2236 type:P dur:2 cpbdur:2 q:35.34 aq:26.23 tex:337 mv:82 misc:357 imb:3 pmb:12 smb:3585 d:s ref:0 ;
in:2237 out:2237 type:B dur:2 cpbdur:2 q:35.33 aq:27.00 tex:0 mv:0 misc:232 imb:0 pmb:0 smb:3600 d:s ref:0 ;
in:2236 out:2238 type:b dur:2 cpbdur:2 q:35.32 aq:29.00 tex:0 mv:0 misc:216 imb:0 pmb:0 smb:3600 d:s ref:0 ;
in:2238 out:2239 type:b dur:2 cpbdur:2 q:35.33 aq:29.00 tex:0 mv:0 misc:216 imb:0 pmb:0 smb:3600 d:- ref:0 ;
in:2243 out:2240 type:P dur:2 cpbdur:2 q:35.24 aq:30.28 tex:5288 mv:327 misc:321 imb:24 pmb:15 smb:3561 d:s ref:0 ;
in:2241 out:2241 type:B dur:2 cpbdur:2 q:35.29 aq:33.58 tex:39 mv:51 misc:270 imb:0 pmb:26 smb:3574 d:s ref:0 ;
in:2240 out:2242 type:b dur:2 cpbdur:2 q:35.31 aq:29.00 tex:3 mv:28 misc:265 imb:0 pmb:14 smb:3586 d:s ref:0 ;
in:2242 out:2243 type:b dur:2 cpbdur:2 q:35.27 aq:29.00 tex:0 mv:0 misc:216 imb:0 pmb:0 smb:3600 d:- ref:0 ;
in:2247 out:2244 type:P dur:2 cpbdur:2 q:35.17 aq:21.66 tex:70 mv:23 misc:283 imb:2 pmb:1 smb:3597 d:s ref:0 ;
in:2245 out:2245 type:B dur:2 cpbdur:2 q:35.21 aq:33.61 tex:33 mv:8 misc:255 imb:0 pmb:2 smb:3598 d:s ref:0 ;
in:2244 out:2246 type:b dur:2 cpbdur:2 q:35.22 aq:29.00 tex:0 mv:0 misc:216 imb:0 pmb:0 smb:3600 d:s ref:0 ;
in:2246 out:2247 type:b dur:2 cpbdur:2 q:35.19 aq:29.00 tex:0 mv:0 misc:216 imb:0 pmb:0 smb:3600 d:- ref:0 ;
in:2251 out:2248 type:P dur:2 cpbdur:2 q:35.10 aq:20.37 tex:575 mv:235 misc:366 imb:40 pmb:3 smb:3557 d:s ref:0 ;
in:2249 out:2249 type:B dur:2 cpbdur:2 q:35.13 aq:27.00 tex:9 mv:47 misc:248 imb:0 pmb:24 smb:3576 d:s ref:0 ;
in:2248 out:2250 type:b dur:2 cpbdur:2 q:35.15 aq:29.00 tex:0 mv:0 misc:216 imb:0 pmb:0 smb:3600 d:s ref:0 ;
in:2250 out:2251 type:b dur:2 cpbdur:2 q:35.12 aq:29.00 tex:7 mv:34 misc:239 imb:0 pmb:24 smb:3576 d:- ref:0 ;
in:2255 out:2252 type:P dur:2 cpbdur:2 q:35.12 aq:29.01 tex:21900 mv:922 misc:682 imb:45 pmb:160 smb:3395 d:s ref:0 ;
in:2253 out:2253 type:B dur:2 cpbdur:2 q:35.11 aq:36.40 tex:2693 mv:491 misc:672 imb:3 pmb:138 smb:3459 d:s ref:0 ;
in:2252 out:2254 type:b dur:2 cpbdur:2 q:35.10 aq:29.00 tex:12 mv:91 misc:521 imb:0 pmb:74 smb:3526 d:s ref:0 ;
in:2254 out:2255 type:b dur:2 cpbdur:2 q:35.12 aq:37.64 tex:1360 mv:270 misc:514 imb:0 pmb:82 smb:3518 d:- ref:0 ;
in:2259 out:2256 type:P dur:2 cpbdur:2 q:35.10 aq:35.01 tex:17788 mv:566 misc:630 imb:13 pmb:164 smb:3423 d:s ref:0 ;
in:2257 out:2257 type:B dur:2 cpbdur:2 q:35.11 aq:36.63 tex:2469 mv:497 misc:570 imb:2 pmb:117 smb:3481 d:t ref:0 ;
in:2256 out:2258 type:b dur:2 cpbdur:2 q:35.12 aq:36.31 tex:925 mv:225 misc:458 imb:1 pmb:65 smb:3534 d:s ref:0 ;
in:2258 out:2259 type:b dur:2 cpbdur:2 q:35.11 aq:38.83 tex:889 mv:236 misc:475 imb:0 pmb:70 smb:3530 d:- ref:0 ;
in:2262 out:2260 type:P dur:2 cpbdur:2 q:35.08 aq:29.18 tex:22816 mv:734 misc:682 imb:31 pmb:168 smb:3401 d:s ref:0 ;
in:2260 out:2261 type:B dur:2 cpbdur:2 q:35.09 aq:37.49 tex:2002 mv:466 misc:588 imb:10 pmb:108 smb:3482 d:s ref:0 ;
in:2261 out:2262 type:b dur:2 cpbdur:2 q:35.09 aq:36.99 tex:1568 mv:330 misc:542 imb:2 pmb:107 smb:3491 d:- ref:0 ;
in:2263 out:2263 type:I dur:2 cpbdur:2 q:32.30 aq:17.44 tex:156115 mv:51943 misc:150 imb:3600 pmb:0 smb:0 d:s ref:;
in:2264 out:2264 type:P dur:2 cpbdur:2 q:35.89 aq:21.84 tex:10866 mv:1060 misc:690 imb:69 pmb:91 smb:3440 d:s ref:0 ;
in:2268 out:2265 type:P dur:2 cpbdur:2 q:35.89 aq:24.11 tex:6289 mv:697 misc:390 imb:21 pmb:84 smb:3495 d:s ref:0 ;
in:2266 out:2266 type:B dur:2 cpbdur:2 q:35.89 aq:25.00 tex:12 mv:42 misc:338 imb:0 pmb:27 smb:3573 d:s ref:0 ;
in:2265 out:2267 type:b dur:2 cpbdur:2 q:35.89 aq:32.94 tex:44 mv:61 misc:287 imb:0 pmb:16 smb:3584 d:s ref:0 ;
in:2267 out:2268 type:b dur:2 cpbdur:2 q:35.89 aq:27.00 tex:0 mv:0 misc:216 imb:0 pmb:0 smb:3600 d:- ref:0 ;
in:2272 out:2269 type:P dur:2 cpbdur:2 q:35.85 aq:30.32 tex:198 mv:37 misc:317 imb:1 pmb:6 smb:3593 d:s ref:0 ;
in:2270 out:2270 type:B dur:2 cpbdur:2 q:35.87 aq:27.33 tex:29 mv:5 misc:246 imb:0 pmb:1 smb:3599 d:s ref:0 ;
in:2269 out:2271 type:b dur:2 cpbdur:2 q:35.88 aq:27.00 tex:0 mv:0 misc:216 imb:0 pmb:0 smb:3600 d:s ref:0 ;
in:2271 out:2272 type:b dur:2 cpbdur:2 q:35.86 aq:27.00 tex:0 mv:0 misc:216 imb:0 pmb:0 smb:3600 d:- ref:0 ;
in:2276 out:2273 type:P dur:2 cpbdur:2 q:35.79 aq:22.78 tex:138 mv:136 misc:294 imb:7 pmb:5 smb:3588 d:s ref:0 ;
in:2274 out:2274 type:B dur:2 cpbdur:2 q:35.82 aq:25.00 tex:17 mv:78 misc:257 imb:6 pmb:5 smb:3589 d:s ref:0 ;
in:2273 out:2275 type:b dur:2 cpbdur:2 q:35.84 aq:27.00 tex:2 mv:12 misc:234 imb:0 pmb:5 smb:3595 d:s ref:0 ;
in:2275 out:2276 type:b dur:2 cpbdur:2 q:35.80 aq:27.00 tex:5 mv:17 misc:242 imb:0 pmb:7 smb:3593 d:- ref:0 ;
in:2280 out:2277 type:P dur:2 cpbdur:2 q:35.74 aq:23.30 tex:37 mv:11 misc:264 imb:1 pmb:0 smb:3599 d:s ref:0 ;
in:2278 out:2278 type:B dur:2 cpbdur:2 q:35.76 aq:27.33 tex:29 mv:5 misc:246 imb:0 pmb:1 smb:3599 d:s ref:0 ;
in:2277 out:2279 type:b dur:2 cpbdur:2 q:35.77 aq:27.00 tex:0 mv:0 misc:216 imb:0 pmb:0 smb:3600 d:s ref:0 ;
in:2279 out:2280 type:b dur:2 cpbdur:2 q:35.75 aq:27.00 tex:0 mv:0 misc:216 imb:0 pmb:0 smb:3600 d:- ref:0 ;
in:2284 out:2281 type:P dur:2 cpbdur:2 q:35.69 aq:19.00 tex:17 mv:62 misc:265 imb:8 pmb:0 smb:3592 d:s ref:0 ;
in:2282 out:2282 type:B dur:2 cpbdur:2 q:35.71 aq:25.00 tex:4 mv:19 misc:249 imb:0 pmb:6 smb:3594 d:s ref:0 ;
in:2281 out:2283 type:b dur:2 cpbdur:2 q:35.72 aq:27.00 tex:0 mv:0 misc:216 imb:0 pmb:0 smb:3600 d:s ref:0 ;
in:2283 out:2284 type:b dur:2 cpbdur:2 q:35.70 aq:27.00 tex:2 mv:16 misc:230 imb:0 pmb:7 smb:3593 d:- ref:0 ;
in:2288 out:2285 type:P dur:2 cpbdur:2 q:35.55 aq:26.09 tex:3441 mv:1008 misc:575 imb:154 pmb:44 smb:3402 d:s ref:0 ;
in:2286 out:2286 type:B dur:2 cpbdur:2 q:35.62 aq:25.00 tex:13 mv:64 misc:427 imb:0 pmb:52 smb:3548 d:s ref:0 ;
in:2285 out:2287 type:b dur:2 cpbdur:2 q:35.66 aq:27.00 tex:0 mv:0 misc:216 imb:0 pmb:0 smb:3600 d:s ref:0 ;
in:2287 out:2288 type:b dur:2 cpbdur:2 q:35.59 aq:27.31 tex:38 mv:108 misc:430 imb:3 pmb:45 smb:3552 d:- ref:0 ;
in:2289 out:2289 type:P dur:2 cpbdur:2 q:35.53 aq:24.16 tex:24938 mv:2300 misc:498 imb:254 pmb:69 smb:3277 d:s ref:0 ;
in:2290 out:2290 type:P dur:2 cpbdur:2 q:35.55 aq:26.40 tex:10968 mv:1540 misc:644 imb:90 pmb:154 smb:3356 d:s ref:0 ;
in:2294 out:2291 type:P dur:2 cpbdur:2 q:35.55 aq:26.04 tex:5259 mv:1172 misc:593 imb:103 pmb:112 smb:3385 d:s ref:0 ;
in:2292 out:2292 type:B dur:2 cpbdur:2 q:35.55 aq:30.14 tex:155 mv:78 misc:351 imb:3 pmb:20 smb:3577 d:s ref:0 ;
in:2291 out:2293 type:b dur:2 cpbdur:2 q:35.55 aq:29.80 tex:51 mv:81 misc:284 imb:2 pmb:9 smb:3589 d:s ref:0 ;
in:2293 out:2294 type:b dur:2 cpbdur:2 q:35.55 aq:32.41 tex:246 mv:14 misc:236 imb:0 pmb:4 smb:3596 d:- ref:0 ;
in:2298 out:2295 type:P dur:2 cpbdur:2 q:35.52 aq:23.32 tex:58 mv:40 misc:286 imb:1 pmb:2 smb:3597 d:s ref:0 ;
in:2296 out:2296 type:B dur:2 cpbdur:2 q:35.54 aq:25.00 tex:0 mv:0 misc:232 imb:0 pmb:0 smb:3600 d:s ref:0 ;
in:2295 out:2297 type:b dur:2 cpbdur:2 q:35.55 aq:27.00 tex:0 mv:0 misc:216 imb:0 pmb:0 smb:3600 d:s ref:0 ;
in:2297 out:2298 type:b dur:2 cpbdur:2 q:35.53 aq:27.00 tex:0 mv:0 misc:216 imb:0 pmb:0 smb:3600 d:- ref:0 ;
in:2302 out:2299 type:P dur:2 cpbdur:2 q:35.44 aq:20.00 tex:0 mv:0 misc:248 imb:0 pmb:0 smb:3600 d:s ref:0 ;
in:2300 out:2300 type:B dur:2 cpbdur:2 q:35.48 aq:25.00 tex:0 mv:0 misc:232 imb:0 pmb:0 smb:3600 d:s ref:0 ;
in:2299 out:2301 type:b dur:2 cpbdur:2 q:35.50 aq:27.00 tex:0 mv:0 misc:216 imb:0 pmb:0 smb:3600 d:s ref:0 ;
in:2301 out:2302 type:b dur:2 cpbdur:2 q:35.46 aq:27.00 tex:0 mv:0 misc:216 imb:0 pmb:0 smb:3600 d:- ref:0 ;
in:2303 out:2303 type:P dur:2 cpbdur:2 q:35.36 aq:25.26 tex:8071 mv:2129 misc:480 imb:280 pmb:34 smb:3286 d:s ref:0 ;
in:2304 out:2304 type:P dur:2 cpbdur:2 q:35.36 aq:23.38 tex:12010 mv:1364 misc:346 imb:153 pmb:37 smb:3410 d:s ref:0 ;
in:2307 out:2305 type:P dur:2 cpbdur:2 q:35.36 aq:23.23 tex:45589 mv:10204 misc:719 imb:1722 pmb:139 smb:1739 d:s ref:0 ;
in:2305 out:2306 type:B dur:2 cpbdur:2 q:35.36 aq:28.90 tex:222 mv:418 misc:784 imb:4 pmb:180 smb:3416 d:s ref:0 ;
in:2306 out:2307 type:b dur:2 cpbdur:2 q:35.36 aq:21.89 tex:88 mv:141 misc:899 imb:1 pmb:208 smb:3391 d:- ref:0 ;
in:2309 out:2308 type:P dur:2 cpbdur:2 q:35.46 aq:23.31 tex:1211 mv:457 misc:796 imb:28 pmb:65 smb:3507 d:s ref:0 ;
in:2308 out:2309 type:b dur:2 cpbdur:2 q:35.41 aq:26.00 tex:0 mv:0 misc:216 imb:0 pmb:0 smb:3600 d:s ref:0 ;
in:2313 out:2310 type:P dur:2 cpbdur:2 q:35.44 aq:22.08 tex:115 mv:82 misc:355 imb:3 pmb:9 smb:3588 d:s ref:0 ;
in:2311 out:2311 type:B dur:2 cpbdur:2 q:35.45 aq:25.00 tex:0 mv:0 misc:232 imb:0 pmb:0 smb:3600 d:s ref:0 ;
in:2310 out:2312 type:b dur:2 cpbdur:2 q:35.45 aq:27.00 tex:0 mv:0 misc:216 imb:0 pmb:0 smb:3600 d:s ref:0 ;
in:2312 out:2313 type:b dur:2 cpbdur:2 q:35.44 aq:27.00 tex:0 mv:0 misc:216 imb:0 pmb:0 smb:3600 d:- ref:0 ;
in:2317 out:2314 type:P dur:2 cpbdur:2 q:35.47 aq:23.00 tex:0 mv:0 misc:248 imb:0 pmb:0 smb:3600 d:s ref:0 ;
in:2315 out:2315 type:B dur:2 cpbdur:2 q:35.45 aq:25.00 tex:0 mv:0 misc:232 imb:0 pmb:0 smb:3600 d:s ref:0 ;
in:2314 out:2316 type:b dur:2 cpbdur:2 q:35.44 aq:27.00 tex:0 mv:0 misc:216 imb:0 pmb:0 smb:3600 d:s ref:0 ;
in:2316 out:2317 type:b dur:2 cpbdur:2 q:35.46 aq:27.00 tex:0 mv:0 misc:216 imb:0 pmb:0 smb:3600 d:- ref:0 ;
in:2320 out:2318 type:P dur:2 cpbdur:2 q:35.39 aq:26.00 tex:0 mv:0 misc:232 imb:0 pmb:0 smb:3600 d:s ref:0 ;
in:2318 out:2319 type:B dur:2 cpbdur:2 q:35.44 aq:27.00 tex:0 mv:0 misc:232 imb:0 pmb:0 smb:3600 d:s ref:0 ;
in:2319 out:2320 type:b dur:2 cpbdur:2 q:35.42 aq:27.00 tex:0 mv:0 misc:216 imb:0 pmb:0 smb:3600 d:- ref:0 ;
in:2321 out:2321 type:I dur:2 cpbdur:2 q:32.56 aq:22.35 tex:159943 mv:43169 misc:144 imb:3600 pmb:0 smb:0 d:s ref:;
in:2324 out:2322 type:P dur:2 cpbdur:2 q:35.76 aq:30.52 tex:1930 mv:593 misc:429 imb:41 pmb:43 smb:3516 d:s ref:0 ;
in:2322 out:2323 type:B dur:2 cpbdur:2 q:35.76 aq:35.56 tex:784 mv:399 misc:401 imb:2 pmb:58 smb:3540 d:s ref:0 ;
in:2323 out:2324 type:b dur:2 cpbdur:2 q:35.76 aq:39.01 tex:162 mv:172 misc:298 imb:0 pmb:20 smb:3580 d:- ref:0 ;
